# Blender 5.0.0
# www.blender.org
mtllib Track2.mtl
o Cube
v 2.000000 2.000000 2.000000
v 2.000000 2.000000 -2.000000
v 2.000000 -2.000000 2.000000
v 2.000000 -2.000000 -2.000000
v -2.000000 2.000000 2.000000
v -2.000000 2.000000 -2.000000
v -2.000000 -2.000000 2.000000
v -2.000000 -2.000000 -2.000000
vn -0.0000 -0.0000 1.0000
vn -0.0000 -1.0000 -0.0000
vn -1.0000 -0.0000 -0.0000
vn -0.0000 -0.0000 -1.0000
vn 1.0000 -0.0000 -0.0000
vn -0.0000 1.0000 -0.0000
vt 0.875000 0.500000
vt 0.625000 0.750000
vt 0.625000 0.500000
vt 0.375000 1.000000
vt 0.375000 0.750000
vt 0.625000 0.000000
vt 0.375000 0.250000
vt 0.375000 0.000000
vt 0.375000 0.500000
vt 0.125000 0.750000
vt 0.125000 0.500000
vt 0.625000 0.250000
vt 0.875000 0.750000
vt 0.625000 1.000000
s 0
usemtl Material
f 5/1/1 3/2/1 1/3/1
f 3/2/2 8/4/2 4/5/2
f 7/6/3 6/7/3 8/8/3
f 2/9/4 8/10/4 6/11/4
f 1/3/5 4/5/5 2/9/5
f 5/12/6 2/9/6 6/7/6
f 5/1/1 7/13/1 3/2/1
f 3/2/2 7/14/2 8/4/2
f 7/6/3 5/12/3 6/7/3
f 2/9/4 4/5/4 8/10/4
f 1/3/5 3/2/5 4/5/5
f 5/12/6 1/3/6 2/9/6
o Cube.002
v -122.020020 461.138611 3.934419
v -122.019791 461.138489 4.341114
v -120.768028 461.105560 4.132160
v -120.768051 461.105560 3.726920
v -93.768608 460.321259 4.094555
v -93.768608 460.321259 4.499610
v -95.032417 460.357971 4.146482
v -95.032417 460.357971 3.741426
v -121.840439 456.152679 3.934419
v -121.840210 456.152557 4.341114
v -120.594490 456.284760 4.131554
v -120.594490 456.284760 3.726499
v -93.723289 459.027802 4.033576
v -93.723289 459.027802 4.438632
v -94.981094 458.899414 4.133677
v -94.981094 458.899414 3.728622
v -121.012238 451.232758 3.934419
v -121.012009 451.232635 4.341115
v -119.793777 451.527740 4.131554
v -119.793777 451.527740 3.726498
v -93.509705 457.751312 3.975433
v -93.509705 457.751312 4.380488
v -94.740028 457.459991 4.131547
v -94.740028 457.459991 3.726493
v -119.549568 446.462830 3.934418
v -119.549332 446.462677 4.341113
v -118.379585 446.915741 4.131553
v -118.379585 446.915741 3.726498
v -93.131485 456.513580 3.952120
v -93.131485 456.513580 4.357175
v -94.313316 456.064331 4.131547
v -94.313316 456.064331 3.726492
v -117.477394 441.924347 3.934417
v -117.477158 441.924225 4.341112
v -116.376091 442.527557 4.131553
v -116.376091 442.527557 3.726497
v -92.595100 455.335754 3.952120
v -92.595100 455.335754 4.357176
v -93.708252 454.736206 4.131547
v -93.708252 454.736206 3.726492
v -114.831100 437.694855 3.934417
v -114.830864 437.694733 4.341113
v -113.817474 438.438080 4.131552
v -113.817474 438.438080 3.726497
v -91.909698 454.237885 3.952120
v -91.909698 454.237885 4.357176
v -92.935173 453.498322 4.131547
v -92.935173 453.498322 3.726492
v -111.655884 433.846497 3.934416
v -111.655647 433.846375 4.341112
v -110.747452 434.717163 4.131551
v -110.747452 434.717163 3.726496
v -91.087006 453.238800 3.952120
v -91.087006 453.238800 4.357175
v -92.007278 452.371826 4.131547
v -92.007278 452.371826 3.726492
v -108.005959 430.445099 3.934415
v -108.005722 430.444946 4.341111
v -107.218445 431.428314 4.131551
v -107.218445 431.428314 3.726495
v -90.141052 452.355530 3.952119
v -90.141052 452.355530 4.357175
v -90.940414 451.375946 4.131547
v -90.940414 451.375946 3.726491
v -103.943665 427.548645 3.934414
v -103.943436 427.548523 4.341109
v -103.290703 428.627747 4.131550
v -103.290703 428.627747 3.726494
v -89.087990 451.603119 3.952119
v -89.087990 451.603119 4.357174
v -89.752800 450.527679 4.131546
v -89.752800 450.527679 3.726491
v -99.538361 425.206635 3.934413
v -99.538132 425.206543 4.341108
v -99.031319 426.363251 4.131549
v -99.031319 426.363251 3.726493
v -87.945816 450.994476 3.977727
v -87.945816 450.994476 4.382782
v -88.464714 449.841522 4.131546
v -88.464714 449.841522 3.726491
v -94.865288 423.459076 3.934412
v -94.865059 423.458954 4.341108
v -94.513008 424.673523 4.131547
v -94.513008 424.673523 3.726492
v -86.734024 450.539948 4.036024
v -86.734024 450.539948 4.441080
v -87.098145 449.329163 4.133955
v -87.098145 449.329163 3.728900
v -90.004227 422.335815 3.934410
v -90.003998 422.335693 4.341106
v -89.812897 423.587402 4.132330
v -89.812927 423.587402 3.727038
v -85.473312 450.247314 4.097074
v -85.473312 450.247314 4.502130
v -85.676437 448.999420 4.147265
v -85.676437 448.999420 3.742209
v -85.038208 421.856018 3.934409
v -85.037979 421.855896 4.341105
v -85.011131 423.123352 4.135568
v -85.011215 423.123383 3.729935
v -84.185204 450.121613 4.158691
v -84.185204 450.121613 4.563747
v -84.223869 448.857849 4.173172
v -84.223869 448.857849 3.768117
v -85.011215 423.123383 3.729935
v -85.038208 421.856018 3.934409
v -120.372307 474.729004 3.726499
v -120.372307 474.729004 4.131554
v -84.223869 448.857849 3.768117
v -84.185204 450.121613 4.158691
v -84.185204 450.121613 4.563747
v -84.223869 448.857849 4.173172
v -75.154541 422.821777 3.726487
v -75.193214 421.558044 3.726487
v -75.193214 421.558044 4.131543
v -75.154541 422.821777 4.131543
v -74.367027 448.556213 3.726487
v -74.328354 449.819946 3.726487
v -74.328354 449.819946 4.131543
v -74.367027 448.556213 4.131543
v -121.636116 474.765717 3.726499
v -121.636116 474.765717 4.131554
v -94.636665 473.981384 3.726493
v -94.636665 473.981384 4.131548
v -93.372856 473.944672 3.726492
v -93.372856 473.944672 4.131547
v -122.020020 461.138611 3.934419
v -122.019791 461.138489 4.341114
v -121.840439 456.152679 3.934419
v -121.840210 456.152557 4.341114
v -121.840439 456.152679 3.934419
v -121.840210 456.152557 4.341114
v -121.012238 451.232758 3.934419
v -121.012009 451.232635 4.341115
v -119.549568 446.462830 3.934418
v -119.549332 446.462677 4.341113
v -117.477394 441.924347 3.934417
v -117.477158 441.924225 4.341112
v -114.831100 437.694855 3.934417
v -114.830864 437.694733 4.341113
v -111.655884 433.846497 3.934416
v -111.655647 433.846375 4.341112
v -108.005959 430.445099 3.934415
v -108.005722 430.444946 4.341111
v -103.943665 427.548645 3.934414
v -103.943436 427.548523 4.341109
v -99.538361 425.206635 3.934413
v -99.538132 425.206543 4.341108
v -94.865288 423.459076 3.934412
v -94.865059 423.458954 4.341108
v -90.004227 422.335815 3.934410
v -90.003998 422.335693 4.341106
v -85.037979 421.855896 4.341105
v -85.038208 421.856018 3.934409
v -122.020020 461.138611 3.934419
v -122.019791 461.138489 4.341114
v -121.840439 456.152679 3.934419
v -121.840210 456.152557 4.341114
v -122.020020 461.138611 3.934419
v -122.019791 461.138489 4.341114
v -121.840439 456.152679 3.934419
v -121.840210 456.152557 4.341114
v -122.020020 461.138611 3.934419
v -122.019791 461.138489 4.341114
v -121.840439 456.152679 3.934419
v -121.840210 456.152557 4.341114
v -124.889801 453.650391 3.933788
v -124.889572 453.650269 4.340477
v -124.061607 448.730469 3.933788
v -124.061371 448.730316 4.340477
v -122.598923 443.960541 3.933787
v -122.598694 443.960419 4.340476
v -120.526749 439.422058 3.933786
v -120.526520 439.421936 4.340476
v -117.880463 435.192535 3.933784
v -117.880226 435.192413 4.340474
v -114.705238 431.344238 3.933784
v -114.705002 431.344116 4.340473
v -111.055321 427.942810 3.933784
v -111.055084 427.942657 4.340473
v -106.993027 425.046356 3.933782
v -106.992798 425.046204 4.340472
v -102.587723 422.704346 3.933781
v -102.587494 422.704224 4.340470
v -97.914642 420.956787 3.933780
v -97.914421 420.956665 4.340469
v -93.053596 419.833496 3.933779
v -93.053360 419.833405 4.340468
v -88.087334 419.353577 4.340467
v -88.087563 419.353729 3.933778
v -125.069374 458.636322 3.933787
v -125.069138 458.636200 4.340477
v -124.889801 453.650391 3.933788
v -124.889572 453.650269 4.340477
v -110.273972 428.562317 4.259446
v -109.501816 429.184753 4.428496
v -108.749313 429.813477 4.259652
v -112.399231 433.214905 4.259653
v -113.151733 432.586182 4.428497
v -113.923897 431.963715 4.259446
v -87.306221 419.973206 4.664495
v -86.534073 420.595673 4.833546
v -85.781555 421.224365 4.664702
v -85.781555 421.224365 4.259646
v -86.534073 420.595673 4.428490
v -87.306221 419.973206 4.259439
v -121.817581 444.580048 4.259449
v -121.045425 445.202484 4.428499
v -120.292915 445.831207 4.259655
v -121.755592 450.601105 4.259655
v -122.508102 449.972412 4.428499
v -123.280258 449.349976 4.259451
v -110.273972 428.562317 4.664501
v -109.501816 429.184753 4.833551
v -108.749313 429.813477 4.664707
v -104.687012 426.916992 4.664707
v -105.439529 426.288330 4.833550
v -106.211678 425.665863 4.664500
v -97.133301 421.576294 4.664498
v -96.361153 422.198761 4.833548
v -95.608635 422.827454 4.664704
v -90.747589 421.704193 4.664703
v -91.500092 421.075470 4.833547
v -92.272247 420.453033 4.664496
v -120.292915 445.831207 4.664710
v -121.045425 445.202484 4.833554
v -121.817581 444.580048 4.664505
v -123.280258 449.349976 4.664505
v -122.508102 449.972443 4.833554
v -121.755592 450.601105 4.664711
v -90.747589 421.704193 4.259648
v -91.500092 421.075470 4.428492
v -92.272247 420.453033 4.259441
v -113.923897 431.963715 4.664502
v -113.151733 432.586182 4.833552
v -112.399231 433.214905 4.664708
v -119.745407 440.041565 4.259448
v -118.973251 440.664032 4.428498
v -118.220734 441.292725 4.259654
v -118.220734 441.292725 4.664710
v -118.973244 440.664032 4.833554
v -119.745407 440.041565 4.664504
v -100.281715 424.575012 4.259650
v -101.034225 423.946320 4.428494
v -101.806374 423.323853 4.259445
v -97.133301 421.576294 4.259443
v -96.361153 422.198761 4.428493
v -95.608635 422.827454 4.259648
v -100.281715 424.575012 4.664705
v -101.034225 423.946320 4.833549
v -101.806374 423.323853 4.664500
v -115.574448 437.063202 4.259654
v -116.326950 436.434509 4.428498
v -117.099113 435.812042 4.259447
v -104.687012 426.916992 4.259651
v -105.439529 426.288330 4.428495
v -106.211678 425.665863 4.259444
v -115.574448 437.063202 4.664709
v -116.326950 436.434509 4.833553
v -117.099113 435.812042 4.664502
v -122.583786 455.521057 4.664711
v -123.336296 454.892365 4.833555
v -124.108452 454.269897 4.664506
v -124.108452 454.269897 4.259451
v -123.336296 454.892365 4.428500
v -122.583786 455.521057 4.259655
v -122.763367 460.506989 4.664711
v -123.515869 459.878265 4.833555
v -124.288033 459.255829 4.664506
v -124.288033 459.255829 4.259450
v -123.515869 459.878265 4.428500
v -122.763367 460.506989 4.259655
v -122.583786 455.521057 4.259655
v -123.336296 454.892365 4.428500
v -124.108452 454.269897 4.259450
v -124.108452 454.269897 4.664506
v -123.336296 454.892365 4.833555
v -122.583786 455.521057 4.664711
v -93.768608 460.321259 4.499610
v -93.723289 459.027802 4.438632
v -93.509705 457.751312 4.380488
v -93.131485 456.513580 4.357175
v -92.595100 455.335754 4.357176
v -91.909698 454.237885 4.357176
v -91.087006 453.238800 4.357175
v -90.141052 452.355530 4.357175
v -89.087990 451.603119 4.357174
v -87.945816 450.994476 4.382782
v -86.734024 450.539948 4.441080
v -85.473312 450.247314 4.502130
v -84.185204 450.121613 4.563747
v -84.185204 450.121613 4.563747
v -93.768608 460.321259 4.499610
v -93.723289 459.027802 4.438632
v -93.509705 457.751312 4.380488
v -93.131485 456.513580 4.357175
v -92.595100 455.335754 4.357176
v -91.909698 454.237885 4.357176
v -91.087006 453.238800 4.357175
v -90.141052 452.355530 4.357175
v -89.087990 451.603119 4.357174
v -87.945816 450.994476 4.382782
v -86.734024 450.539948 4.441080
v -85.473312 450.247314 4.502130
v -84.185204 450.121613 4.563747
v -84.185204 450.121613 4.563747
v -93.768608 460.321259 4.499610
v -93.723289 459.027802 4.438632
v -93.509705 457.751312 4.380488
v -93.131485 456.513580 4.357175
v -92.595100 455.335754 4.357176
v -91.909698 454.237885 4.357176
v -91.087006 453.238800 4.357175
v -90.141052 452.355530 4.357175
v -89.087990 451.603119 4.357174
v -87.945816 450.994476 4.382782
v -86.734024 450.539948 4.441080
v -85.473312 450.247314 4.502130
v -84.185204 450.121613 4.563747
v -84.185204 450.121613 4.563747
v -93.768608 460.321259 4.499610
v -93.723289 459.027802 4.438632
v -93.509705 457.751312 4.380488
v -93.131485 456.513580 4.357175
v -92.595100 455.335754 4.357176
v -91.909698 454.237885 4.357176
v -91.087006 453.238800 4.357175
v -90.141052 452.355530 4.357175
v -89.087990 451.603119 4.357174
v -87.945816 450.994476 4.382782
v -86.734024 450.539948 4.441080
v -85.473312 450.247314 4.502130
v -84.185204 450.121613 4.563747
v -84.185204 450.121613 4.563747
v -93.723289 459.027802 4.438632
v -93.768608 460.321259 4.499610
v -93.768608 460.321259 4.094555
v -93.723289 459.027802 4.033576
v -93.131485 456.513580 3.952120
v -93.509705 457.751312 3.975433
v -93.509705 457.751312 4.380488
v -93.131485 456.513580 4.357175
v -91.909698 454.237885 4.357176
v -92.595100 455.335754 4.357176
v -92.595100 455.335754 3.952120
v -91.909698 454.237885 3.952120
v -90.141052 452.355530 3.952119
v -91.087006 453.238800 3.952120
v -91.087006 453.238800 4.357175
v -90.141052 452.355530 4.357175
v -89.087990 451.603119 3.952119
v -89.087990 451.603119 4.357174
v -87.945816 450.994476 4.382782
v -87.945816 450.994476 3.977727
v -86.734024 450.539948 4.036024
v -86.734024 450.539948 4.441080
v -85.473312 450.247314 4.097074
v -85.473312 450.247314 4.502130
v -84.185204 450.121613 4.158691
v -84.185204 450.121613 4.563747
v -93.723289 459.027802 4.438632
v -93.768608 460.321259 4.499610
v -93.768608 460.321259 4.094555
v -93.723289 459.027802 4.033576
v -93.131485 456.513580 3.952120
v -93.509705 457.751312 3.975433
v -93.509705 457.751312 4.380488
v -93.131485 456.513580 4.357175
v -91.909698 454.237885 4.357176
v -92.595100 455.335754 4.357176
v -92.595100 455.335754 3.952120
v -91.909698 454.237885 3.952120
v -90.141052 452.355530 3.952119
v -91.087006 453.238800 3.952120
v -91.087006 453.238800 4.357175
v -90.141052 452.355530 4.357175
v -89.087990 451.603119 3.952119
v -89.087990 451.603119 4.357174
v -87.945816 450.994476 4.382782
v -87.945816 450.994476 3.977727
v -86.734024 450.539948 4.036024
v -86.734024 450.539948 4.441080
v -85.473312 450.247314 4.097074
v -85.473312 450.247314 4.502130
v -81.228012 450.035706 4.195420
v -81.228012 450.035706 4.600475
v -90.671532 461.527130 4.499610
v -90.716850 462.820557 4.529863
v -90.716850 462.820557 4.124808
v -90.671532 461.527130 4.094555
v -90.079727 459.012909 3.975432
v -90.457947 460.250641 4.033576
v -90.457947 460.250641 4.438632
v -90.079727 459.012909 4.380487
v -88.857941 456.737213 4.357174
v -89.543343 457.835052 4.357175
v -89.543343 457.835052 3.952119
v -88.857941 456.737213 3.952119
v -87.089287 454.854828 3.952119
v -88.035248 455.738129 3.952120
v -88.035248 455.738129 4.357175
v -87.089287 454.854828 4.357174
v -86.036224 454.102417 3.977727
v -86.036224 454.102417 4.382782
v -84.894058 453.493774 4.441079
v -84.894058 453.493774 4.036024
v -83.682266 453.039276 4.097074
v -83.682266 453.039276 4.502129
v -82.421555 452.746613 4.172085
v -82.421555 452.746613 4.577141
v -81.133438 452.620911 4.195418
v -81.133438 452.620911 4.600474
v -93.692970 462.925018 4.152505
v -93.692970 462.925018 4.482574
v -90.716850 462.820557 4.124808
v -90.716850 462.820557 4.529863
v -92.960350 459.652618 4.704607
v -92.197418 460.277466 4.885452
v -91.434479 460.902283 4.704606
v -83.184486 452.121796 4.299549
v -83.947426 451.496979 4.480394
v -84.710365 450.872162 4.299550
v -86.799171 453.477600 4.299549
v -87.562111 452.852783 4.480395
v -88.325050 452.227936 4.299551
v -87.182877 451.619293 4.299550
v -86.419930 452.244110 4.480395
v -85.656998 452.868958 4.299549
v -90.306282 457.210236 4.299551
v -91.069221 456.585388 4.480396
v -91.832161 455.960571 4.299551
v -81.157082 451.974609 4.395391
v -81.180725 451.328308 4.480394
v -81.204376 450.682007 4.395392
v -81.204376 450.682007 4.800447
v -81.180725 451.328308 4.885449
v -81.157082 451.974609 4.800447
v -89.620888 456.112396 4.299550
v -90.383827 455.487549 4.480396
v -91.146767 454.862732 4.299551
v -90.324066 453.863647 4.299550
v -89.561127 454.488464 4.480396
v -88.798187 455.113281 4.299550
v -91.220879 459.625793 4.299551
v -91.983818 459.000977 4.480397
v -92.746765 458.376160 4.299551
v -92.368546 457.138428 4.299551
v -91.605606 457.763245 4.480397
v -90.842667 458.388062 4.299551
v -91.220879 459.625793 4.704606
v -91.983818 459.000977 4.885452
v -92.746765 458.376160 4.704607
v -90.324066 453.863647 4.704605
v -89.561127 454.488464 4.885451
v -88.798187 455.113281 4.704606
v -87.852226 454.230011 4.704605
v -88.615173 453.605164 4.885451
v -89.378113 452.980347 4.704606
v -84.710365 450.872162 4.704605
v -83.947426 451.496979 4.885450
v -83.184486 452.121796 4.704605
v -92.368546 457.138428 4.704606
v -91.605606 457.763245 4.885452
v -90.842667 458.388062 4.704606
v -90.306282 457.210236 4.704606
v -91.069221 456.585388 4.885452
v -91.832161 455.960571 4.704606
v -87.182877 451.619293 4.704606
v -86.419930 452.244110 4.885450
v -85.656998 452.868958 4.704605
v -84.445198 452.414429 4.704604
v -85.208138 451.789612 4.885450
v -85.971085 451.164764 4.704606
v -91.434479 460.902283 4.299551
v -92.197418 460.277466 4.480397
v -92.960350 459.652618 4.299551
v -93.005669 460.946075 4.704607
v -92.242737 461.570892 4.885452
v -91.479797 462.195709 4.704606
v -85.971085 451.164764 4.299550
v -85.208138 451.789612 4.480395
v -84.445198 452.414429 4.299549
v -88.325050 452.227936 4.704606
v -87.562111 452.852783 4.885451
v -86.799171 453.477600 4.704605
v -93.005669 460.946075 4.299551
v -92.242737 461.570892 4.480397
v -91.479797 462.195709 4.299551
v -89.378113 452.980347 4.299551
v -88.615173 453.605164 4.480396
v -87.852226 454.230011 4.299550
v -89.620888 456.112396 4.704606
v -90.383827 455.487549 4.885451
v -91.146767 454.862732 4.704607
v -92.948936 462.898895 4.775568
v -92.204918 462.872803 4.885452
v -91.460884 462.846680 4.775567
v -92.948936 462.898895 4.370512
v -92.204918 462.872803 4.480397
v -91.460884 462.846680 4.370512
v -93.730789 461.623138 4.482787
v -90.716850 462.820557 4.529863
v -90.716850 462.820557 4.124808
v -93.730789 461.623138 4.130474
v -92.977303 461.922485 4.335032
v -92.223824 462.221832 4.480397
v -91.470337 462.521179 4.335032
v -91.470337 462.521179 4.740087
v -92.223824 462.221832 4.885452
v -92.977303 461.922485 4.740087
vn -0.9996 0.0282 0.0006
vn -0.9996 0.0282 -0.0000
vn 0.0098 0.0007 1.0000
vn 0.0819 0.0040 0.9966
vn -0.0000 -0.0000 1.0000
vn 0.1649 0.0082 0.9863
vn 0.0857 0.0087 0.9963
vn -0.0851 -0.0086 -0.9963
vn -0.4350 -0.0842 0.8965
vn -0.0814 -0.0040 -0.9967
vn 0.0290 0.9996 -0.0000
vn 0.9996 -0.0290 -0.0000
vn -0.1252 -0.0026 0.9921
vn -0.0164 0.0031 0.9999
vn -0.0002 0.0009 1.0000
vn 0.3108 -0.9471 0.0800
vn -0.3301 -0.2559 0.9086
vn -0.0000 -0.0000 -1.0000
vn 0.5823 0.8125 0.0280
vn -0.1070 -0.0205 0.9940
vn -0.1943 -0.0648 0.9788
vn -0.2391 -0.0582 0.9693
vn 0.0879 0.0235 -0.9958
vn 0.1070 0.0205 -0.9940
vn 0.1252 0.0026 -0.9921
vn 0.9101 0.0925 -0.4038
vn 0.0630 -0.9669 0.2472
vn -0.6742 -0.7204 0.1629
vn -0.8319 0.5180 0.1991
vn -0.2694 -0.0113 0.9630
vn 0.0791 0.0299 -0.9964
vn -0.0832 -0.0196 -0.9963
vn -0.0799 -0.0303 -0.9963
vn -0.6761 -0.2339 -0.6987
vn -0.4408 -0.8784 0.1843
vn -0.7108 -0.1627 0.6843
vn 0.1641 0.0167 0.9863
vn 0.0838 0.0198 0.9963
vn 0.2880 0.9567 0.0424
vn 0.1608 0.9861 0.0424
vn -0.0879 -0.0235 0.9958
vn -0.0752 -0.0404 -0.9964
vn -0.0857 -0.9963 0.0018
vn -0.2986 -0.9413 0.1573
vn 0.0805 0.0305 0.9963
vn -0.0745 -0.0400 0.9964
vn -0.0791 -0.0299 0.9964
vn -0.1672 -0.0673 0.9836
vn 0.1605 0.0380 0.9863
vn -0.8904 0.4534 -0.0392
vn -0.3928 -0.9167 0.0734
vn 0.1792 0.3414 0.9227
vn -0.8488 0.5243 0.0675
vn -0.7260 -0.6864 0.0433
vn 0.1554 -0.0246 0.9875
vn 0.1450 0.0781 0.9864
vn 0.0697 0.0502 0.9963
vn 0.0758 0.0407 0.9963
vn 0.8111 0.5834 0.0424
vn 0.8803 0.4726 0.0424
vn 0.0745 0.0400 -0.9964
vn -0.1548 -0.0831 0.9844
vn -0.2374 -0.2178 0.9467
vn 0.1540 0.0585 0.9863
vn 0.1751 0.9641 -0.1997
vn -0.1312 -0.9835 0.1247
vn -0.0340 0.6137 0.7888
vn -0.0686 -0.0494 0.9964
vn -0.1280 -0.1203 0.9844
vn -0.1426 -0.1026 0.9844
vn 0.0616 0.0579 -0.9964
vn -0.0692 -0.0498 -0.9964
vn 0.0686 0.0494 -0.9964
vn -0.0620 -0.0584 -0.9964
vn -0.4030 -0.4587 -0.7920
vn -0.1052 -0.9842 0.1422
vn 0.0818 -0.9958 -0.0420
vn 0.0535 0.0654 -0.9964
vn -0.0538 -0.0659 -0.9964
vn -0.4323 -0.2743 0.8590
vn 0.6327 0.7733 0.0424
vn 0.7281 0.6841 0.0424
vn 0.1334 0.0962 0.9864
vn 0.0625 0.0588 0.9963
vn 0.4103 0.9110 0.0424
vn -0.0616 -0.0579 0.9964
vn 0.0543 0.0664 0.9963
vn -0.0445 -0.0719 0.9964
vn -0.0535 -0.0654 0.9964
vn -0.2642 -0.9598 0.0950
vn -0.1113 -0.1360 0.9844
vn 0.1196 0.1127 0.9864
vn 0.9340 0.3547 0.0424
vn 0.8798 0.4734 0.0424
vn 0.8798 0.4735 0.0424
vn 0.0862 0.1394 0.9865
vn 0.0351 0.0779 0.9963
vn 0.0451 0.0728 0.9963
vn 0.8612 -0.5063 0.0446
vn 0.6074 -0.0504 0.7928
vn -0.9861 -0.0390 -0.1617
vn -0.0404 -0.0822 0.9958
vn -0.0987 -0.1514 0.9835
vn -0.0447 -0.0722 -0.9964
vn 0.0445 0.0719 -0.9964
vn 0.9640 0.2590 0.0599
vn 0.9881 0.1442 0.0543
vn 0.1038 0.1272 0.9864
vn -0.0411 -0.1013 0.9940
vn -0.1025 -0.1795 0.9784
vn 0.0411 0.1013 -0.9940
vn -0.0349 -0.0773 -0.9964
vn 0.0404 0.0822 -0.9958
vn -0.0243 -0.0810 -0.9964
vn -0.8836 -0.4655 0.0495
vn 0.7825 -0.6039 -0.1515
vn -0.0131 -0.0829 -0.9965
vn 0.1949 -0.4147 0.8888
vn 0.0374 0.1219 -0.9918
vn 0.0245 0.0817 0.9964
vn -0.0374 -0.1219 0.9918
vn -0.0000 -0.0000 -0.0000
vn 0.0672 0.1493 0.9865
vn 0.6319 0.7739 0.0424
vn 0.5256 0.8497 0.0424
vn 0.0131 0.0835 0.9964
vn -0.0244 -0.0897 0.9957
vn 0.8105 0.5842 0.0424
vn 0.8106 0.5841 0.0424
vn 0.0258 0.1604 0.9867
vn 0.0055 0.0815 0.9967
vn -0.1036 -0.2250 0.9688
vn 0.4594 0.8877 0.0312
vn 0.0470 0.1565 0.9866
vn -0.5141 -0.8558 0.0576
vn 0.1621 -0.8058 0.5695
vn 0.9531 0.2629 -0.1500
vn 0.5595 -0.7676 0.3126
vn 0.0404 0.9922 -0.1179
vn 0.7753 -0.2583 -0.5763
vn -0.0817 -0.2676 0.9601
vn -0.0038 0.0007 -1.0000
vn -0.9279 0.3585 -0.1022
vn -0.0101 -0.0063 -0.9999
vn 0.0443 0.9977 -0.0508
vn -0.0067 0.0253 -0.9997
vn -0.0303 -0.9995 -0.0003
vn -0.0215 -0.7115 0.7024
vn -0.0302 -0.9995 -0.0000
vn 0.9995 -0.0306 -0.0000
vn 0.0117 -0.0924 0.9957
vn 0.0067 -0.0253 0.9997
vn 0.0328 -0.2960 0.9546
vn 0.0306 0.9995 -0.0000
vn 0.0164 -0.0031 -0.9999
vn 0.0038 -0.0007 1.0000
vn 0.0109 0.1533 0.9881
vn 0.0102 0.0063 0.9999
vn -0.0097 -0.0006 -1.0000
vn 0.0002 -0.0009 -1.0000
vn 0.9723 0.2298 0.0424
vn 0.9340 0.3548 0.0424
vn -0.6542 -0.3133 -0.6883
vn -0.1331 -0.2142 -0.9677
vn -0.1549 -0.1892 -0.9696
vn 0.0359 0.3712 0.9279
vn 0.0539 0.4043 0.9130
vn 0.0508 0.3035 0.9515
vn 0.3442 0.0743 0.9359
vn 0.3017 0.0508 0.9520
vn 0.2590 0.0622 0.9639
vn 0.2291 0.2166 0.9490
vn 0.1951 0.1408 0.9706
vn 0.1750 0.1647 0.9707
vn -0.3737 -0.6615 0.6502
vn -0.2160 -0.1167 -0.9694
vn 0.0823 0.2697 0.9594
vn 0.1368 0.3194 0.9377
vn 0.1091 0.2402 0.9646
vn 0.2568 0.1838 0.9488
vn 0.2154 0.1164 0.9696
vn -0.1094 -0.2409 -0.9644
vn 0.0316 -0.8760 -0.4813
vn 0.8582 0.0309 -0.5124
vn 0.1702 0.2833 0.9438
vn -0.0315 0.8744 0.4842
vn 0.8601 0.0310 0.5091
vn -0.1957 -0.1413 -0.9704
vn 0.7274 0.6849 0.0424
vn -0.9746 -0.2103 0.0774
vn 0.7180 0.6904 0.0888
vn 0.9723 0.2299 0.0424
vn 0.9235 0.0667 0.3778
vn -0.9381 -0.3410 0.0610
vn 0.8760 0.0316 -0.4813
vn 0.8744 0.0315 0.4842
vn 0.9389 0.0318 0.3427
vn 0.3294 -0.0594 0.9423
vn -0.3028 -0.0510 -0.9517
vn -0.0510 -0.3044 -0.9512
vn -0.0825 -0.2704 -0.9592
vn -0.2598 -0.0624 -0.9637
vn 0.0989 0.3591 0.9280
vn 0.2005 0.2494 0.9474
vn 0.1328 0.2136 0.9679
vn 0.6474 -0.7622 -0.0005
vn 0.6447 -0.7644 -0.0001
vn 0.6474 -0.7622 -0.0006
vn -0.1756 -0.1652 -0.9705
vn 0.3135 0.1140 0.9427
vn 0.2364 0.0905 0.9674
vn -0.0360 -0.3725 -0.9273
vn 0.1545 0.1887 0.9698
vn -0.2371 -0.0908 -0.9672
vn 0.2847 0.1500 0.9468
vn -0.2994 -0.1177 0.9468
vn -0.2167 -0.1159 0.9693
vn -0.2375 -0.0890 0.9673
vn 0.6214 -0.7835 -0.0005
vn 0.6241 -0.7814 -0.0001
vn 0.6250 -0.7806 -0.0000
vn 0.2174 0.1163 -0.9691
vn 0.3007 0.1182 -0.9464
vn 0.2382 0.0892 -0.9671
vn -0.6241 0.7814 0.0001
vn -0.6215 0.7835 0.0005
vn -0.6250 0.7806 -0.0000
vn -0.1766 -0.1667 0.9701
vn -0.2013 -0.2425 0.9490
vn -0.1558 -0.1921 0.9689
vn 0.0410 0.4240 -0.9048
vn 0.0482 0.3177 -0.9470
vn 0.0276 0.2853 -0.9581
vn -0.3253 -0.0825 0.9420
vn -0.2596 -0.0596 0.9639
vn 0.2022 0.2436 -0.9486
vn 0.1771 0.1672 -0.9699
vn 0.1563 0.1927 -0.9687
vn 0.3267 0.0829 -0.9415
vn 0.2603 0.0598 -0.9637
vn -0.1747 -0.2743 0.9456
vn -0.1337 -0.2187 0.9666
vn -0.0814 -0.2795 0.9567
vn -0.0741 -0.3872 0.9190
vn -0.0480 -0.3167 0.9473
vn -0.6474 0.7622 0.0005
vn -0.6447 0.7644 0.0001
vn -0.6437 0.7652 -0.0000
vn -0.9732 -0.2301 0.0005
vn -0.9861 -0.1660 0.0005
vn -0.9349 -0.3550 0.0004
vn -0.8113 -0.5846 0.0003
vn -0.8806 -0.4739 0.0004
vn -0.7281 -0.6854 0.0002
vn -0.8113 -0.5847 0.0003
vn -0.5261 -0.8504 -0.0000
vn -0.6325 -0.7746 0.0001
vn -0.6325 -0.7745 0.0001
vn -0.7281 -0.6855 0.0002
vn -0.4107 -0.9117 -0.0001
vn -0.2884 -0.9575 -0.0001
vn -0.4107 -0.9118 -0.0001
vn -0.0962 -0.9954 -0.0003
vn -0.1610 -0.9870 -0.0002
vn -0.2883 -0.9575 -0.0001
vn -0.9994 -0.0360 0.0006
vn 0.3260 0.0117 -0.9453
vn 0.3755 0.0135 -0.9267
vn 0.2602 0.0094 -0.9655
vn 0.1131 0.3468 -0.9311
vn 0.1096 0.2482 -0.9625
vn 0.0816 0.2804 -0.9564
vn -0.3740 -0.0135 0.9273
vn -0.3249 -0.0117 0.9457
vn -0.2597 -0.0094 0.9656
vn -0.1455 -0.3082 0.9401
vn -0.1093 -0.2475 0.9627
vn 0.2274 0.2127 -0.9503
vn 0.1973 0.1420 -0.9700
vn 0.1461 0.3096 -0.9396
vn 0.1341 0.2194 -0.9664
vn -0.2748 -0.1502 0.9497
vn -0.1967 -0.1415 0.9702
vn 0.2760 0.1509 -0.9492
vn -0.6214 0.7835 0.0005
vn -0.1126 -0.3453 0.9317
vn -0.2264 -0.2118 0.9507
vn -0.3431 -0.0578 0.9375
vn -0.2430 -0.0409 0.9692
vn -0.0408 -0.4222 0.9056
vn -0.0275 -0.2848 0.9582
vn 0.3445 0.0580 -0.9370
vn 0.2436 0.0410 -0.9690
vn 0.0744 0.3888 -0.9183
vn 0.1754 0.2756 -0.9451
vn 0.0020 0.0080 -1.0000
vn 0.0032 0.0062 -1.0000
vn -0.0042 0.0164 -0.9999
vn -0.0014 0.0128 -0.9999
vn -0.0649 -0.0109 -0.9978
vn 0.0084 -0.0017 -1.0000
vn 0.0114 0.1178 0.9930
vn 0.0042 -0.0164 0.9999
vn 0.0649 0.0109 0.9978
vn -0.0084 0.0017 1.0000
vn -0.0052 -0.0032 1.0000
vn -0.0043 -0.0047 1.0000
vn 0.0014 -0.0128 0.9999
vn -0.0006 -0.0101 0.9999
vn -0.6344 0.7730 -0.0000
vn 0.0062 0.0017 -1.0000
vn 0.0052 0.0032 -1.0000
vn -0.0062 -0.0017 1.0000
vn 0.0006 0.0101 -0.9999
vn 0.0043 0.0047 -1.0000
vn -0.0020 -0.0080 1.0000
vn -0.0032 -0.0062 1.0000
vn 0.0072 0.0002 -1.0000
vn 0.6437 -0.7652 -0.0000
vn 0.6344 -0.7730 -0.0000
vn -0.0072 -0.0002 1.0000
vn -0.0114 -0.1178 -0.9930
vn 0.3381 0.0122 0.9410
vn 0.3890 0.0140 0.9211
vn 0.0894 0.0032 0.9960
vn 0.2663 0.0096 0.9639
vn -0.0855 -0.0031 0.9963
vn -0.3394 -0.0122 -0.9406
vn -0.2668 -0.0096 -0.9637
vn -0.0894 -0.0032 -0.9960
vn 0.0855 0.0031 -0.9963
vn -0.6474 0.7622 0.0006
vn 0.9644 0.2591 0.0529
vn 0.4589 0.8869 0.0536
vn 0.5817 0.8118 0.0511
vn 0.7281 0.6842 0.0424
vn 0.6327 0.7732 0.0424
vn 0.8112 0.5833 0.0424
vn 0.8478 0.5293 0.0320
vn 0.5810 0.6804 -0.4467
vn 0.4914 0.8694 0.0514
vn 0.5086 0.8601 0.0384
vn 0.9309 0.3622 0.0468
vn 0.5446 0.8373 0.0487
vn 0.8803 0.4725 0.0424
vn 0.5444 0.8373 0.0500
vn 0.4914 0.8695 0.0498
vn 0.9966 0.0821 0.0006
vn 0.9890 0.1444 0.0320
vn 0.9645 0.2591 0.0512
vn 0.9307 0.3622 0.0512
vn 0.9772 0.2098 0.0327
vn -0.9115 -0.2906 -0.2911
vn 0.4912 0.8691 0.0587
vn 0.4765 0.8783 0.0396
vn 0.9094 0.4142 0.0379
vn 0.0023 0.4590 0.8884
vn 0.0001 0.0151 0.9999
vn 0.6822 0.7305 0.0320
vn 0.9769 0.2098 0.0408
vn 0.9890 0.1443 0.0320
vn 0.4141 -0.9094 0.0379
vn -0.8417 -0.4597 -0.2833
vn 0.9096 0.4142 0.0320
vn -0.5002 0.8355 -0.2274
vn -0.0024 -0.4697 -0.8828
vn 0.4616 0.8381 0.2908
vn -0.7773 -0.5618 -0.2831
vn -0.8478 -0.5293 0.0320
vn -0.0290 -0.9996 -0.0000
vn -0.7007 -0.6551 -0.2827
vn 0.4916 0.8698 0.0429
vn 0.5445 0.8374 0.0471
vn 0.0618 0.2339 0.9703
vn 0.0882 0.2725 0.9581
vn 0.0976 0.2328 0.9676
vn 0.2975 0.1524 0.9425
vn 0.2439 0.0901 0.9656
vn 0.2276 0.1226 0.9660
vn -0.0199 0.2022 0.9791
vn -0.0176 0.2360 0.9716
vn 0.0131 0.2320 0.9726
vn 0.1641 0.2000 0.9660
vn 0.2421 0.2287 0.9429
vn 0.1856 0.1743 0.9670
vn 0.2859 0.0347 0.9576
vn 0.2418 0.0159 0.9702
vn 0.2476 0.0513 0.9675
vn -0.2439 -0.0901 -0.9656
vn -0.2975 -0.1524 -0.9425
vn -0.2276 -0.1226 -0.9660
vn 0.0176 -0.2360 -0.9716
vn 0.0199 -0.2022 -0.9791
vn -0.0131 -0.2320 -0.9726
vn -0.1499 -0.2831 -0.9473
vn -0.0976 -0.2328 -0.9676
vn -0.1348 -0.2220 -0.9657
vn -0.2708 -0.1937 -0.9430
vn -0.2066 -0.1487 -0.9671
vn 0.9993 -0.0366 -0.0000
vn -0.1856 -0.1743 -0.9670
vn -0.2476 -0.0513 -0.9675
vn -0.3075 -0.0939 -0.9469
vn 0.3787 0.8818 0.2810
vn 0.5445 0.8372 0.0519
vn -0.4469 0.8255 0.3446
vn 0.6127 0.7376 0.2838
vn 0.9648 0.2592 0.0446
vn 0.5318 0.7957 0.2900
vn -0.9382 -0.2018 -0.2811
vn 0.5041 0.8047 0.3137
vn -0.8838 -0.3675 -0.2894
vn 0.9951 0.0988 -0.0000
vn 0.9994 0.0350 -0.0000
vn 0.9738 0.2273 -0.0000
vn 0.9948 0.1017 -0.0000
vn 0.9357 0.3529 -0.0000
vn 0.9730 0.2310 -0.0000
vn 0.8118 0.5839 -0.0000
vn 0.8809 0.4734 -0.0000
vn 0.8812 0.4727 -0.0000
vn 0.9347 0.3553 -0.0000
vn 0.7288 0.6847 -0.0000
vn 0.6329 0.7742 -0.0000
vn 0.5258 0.8506 -0.0000
vn 0.4134 0.9106 -0.0000
vn 0.5281 0.8492 -0.0000
vn 0.6336 0.7737 -0.0000
vn 0.4099 0.9121 -0.0000
vn 0.2914 0.9566 -0.0000
vn 0.2872 0.9579 -0.0000
vn 0.1635 0.9865 -0.0000
vn 0.1604 0.9871 -0.0000
vn 0.0971 0.9953 -0.0000
vn -0.2418 -0.0159 -0.9702
vn -0.2859 -0.0347 -0.9576
vn 0.2508 -0.0009 0.9680
vn 0.2458 -0.0450 0.9683
vn -0.0882 -0.2725 -0.9581
vn -0.0618 -0.2339 -0.9703
vn 0.1499 0.2831 0.9473
vn 0.1348 0.2220 0.9657
vn -0.2623 -0.0158 0.9649
vn -0.3497 -0.0090 0.9368
vn -0.3081 0.0005 0.9513
vn -0.2421 -0.2287 -0.9429
vn -0.1641 -0.2000 -0.9660
vn 0.3075 0.0939 0.9469
vn -0.2063 -0.2630 -0.9425
vn -0.2458 0.0450 -0.9683
vn -0.2508 0.0009 -0.9680
vn -0.0365 -0.2394 -0.9702
vn 0.2708 0.1937 0.9430
vn 0.2066 0.1487 0.9671
vn 0.2063 0.2630 0.9425
vn 0.0365 0.2394 0.9702
vn 0.0351 0.9994 -0.0000
vn -0.2489 0.0984 -0.9635
vn 0.4662 -0.0704 0.8819
vn -0.1537 -0.4612 0.8739
vn -0.9996 0.0290 -0.0000
vn 0.2721 0.0191 -0.9621
vn 0.2269 0.0203 -0.9737
vn 0.2523 0.0185 -0.9675
vn 0.2230 0.0208 -0.9746
vn -0.0228 0.0141 -0.9996
vn -0.0160 0.0145 -0.9998
vn -0.0668 -0.2582 0.9638
vn -0.0804 -0.2352 0.9686
vn -0.1202 -0.2799 0.9525
vn -0.0448 -0.2443 0.9687
vn 0.0016 -0.0134 0.9999
vn -0.0014 -0.0081 1.0000
vn -0.2432 -0.2274 0.9430
vn -0.2118 -0.1520 0.9654
vn -0.2698 -0.1950 0.9430
vn -0.1899 -0.1787 0.9654
vn -0.0064 -0.0040 1.0000
vn -0.0052 -0.0056 1.0000
vn -0.1920 -0.2873 0.9384
vn -0.1673 -0.2057 0.9642
vn -0.2158 -0.2598 0.9412
vn -0.1442 -0.2283 0.9629
vn -0.0039 -0.0071 1.0000
vn -0.0024 -0.0089 1.0000
vn -0.2962 -0.1618 0.9413
vn -0.2337 -0.1246 0.9643
vn -0.0077 -0.0024 1.0000
vn 0.0804 0.2352 -0.9686
vn -0.0016 0.0134 -0.9999
vn 0.0448 0.2443 -0.9687
vn 0.0014 0.0081 -1.0000
vn 0.2470 0.0338 -0.9684
vn 0.2346 0.0164 -0.9719
vn 0.0128 -0.0040 -0.9999
vn -0.0063 0.0036 -1.0000
vn 0.1673 0.2057 -0.9642
vn 0.0039 0.0071 -1.0000
vn 0.1442 0.2283 -0.9629
vn 0.0024 0.0089 -1.0000
vn -0.2517 -0.0974 0.9629
vn -0.3231 -0.1030 0.9408
vn -0.3188 -0.1326 0.9385
vn -0.0091 -0.0007 1.0000
vn -0.2559 -0.0677 0.9643
vn -0.0107 0.0014 0.9999
vn 0.1899 0.1787 -0.9654
vn 0.0052 0.0056 -1.0000
vn 0.0351 -0.0128 0.9993
vn 0.2239 -0.1120 0.9682
vn 0.2489 -0.0984 0.9635
vn 0.0160 -0.0145 0.9998
vn 0.0228 -0.0141 0.9996
vn -0.2664 -0.0191 0.9637
vn -0.1631 -0.2961 0.9411
vn -0.1154 -0.2376 0.9645
vn -0.0007 -0.0109 0.9999
vn 0.1154 0.2376 -0.9645
vn 0.0007 0.0109 -0.9999
vn -0.2470 -0.0338 0.9684
vn -0.2692 -0.0136 0.9630
vn -0.2994 -0.0644 0.9519
vn -0.0128 0.0040 0.9999
vn -0.2504 -0.0071 0.9681
vn 0.0063 -0.0036 1.0000
vn 0.2559 0.0677 -0.9643
vn 0.0107 -0.0014 -0.9999
vn 0.2517 0.0974 -0.9629
vn 0.0091 0.0007 -1.0000
vn 0.2118 0.1520 -0.9654
vn 0.0064 0.0040 -1.0000
vn 0.2337 0.1246 -0.9643
vn 0.0077 0.0024 -1.0000
vn 0.0413 0.2908 -0.9559
vn 0.0276 0.2213 -0.9748
vn 0.0171 -0.0124 -0.9998
vn -0.0413 -0.2908 0.9559
vn -0.0276 -0.2213 0.9748
vn -0.0171 0.0124 0.9998
vn 0.1129 -0.0173 0.9935
vn -0.1213 0.0597 0.9908
vn 0.9531 0.2628 0.1499
vn -0.0741 -0.2924 0.9534
vn -0.0211 0.0006 -0.9998
vn 0.0213 -0.0007 0.9998
vn 0.0404 0.4176 0.9077
vn 0.3552 0.0598 0.9329
vn 0.6214 -0.7835 -0.0006
vn -0.6214 0.7835 0.0006
vn 0.2518 0.1821 -0.9505
vn -0.2507 -0.1813 0.9509
vn 0.0115 0.2952 0.9554
vn -0.0115 -0.2952 -0.9554
vn 0.3637 0.7299 -0.5788
vn -0.2239 0.1120 -0.9682
vt 0.375000 1.000000
vt 0.625000 0.920224
vt 0.375000 0.920224
vt 0.795224 0.750000
vt 0.875000 0.738821
vt 0.795224 0.738821
vt 0.875000 0.750000
vt 0.125000 0.738821
vt 0.125000 0.750000
vt 0.204776 0.738821
vt 0.625000 1.000000
vt 0.625000 0.011179
vt 0.375000 0.011179
vt 0.625000 0.000000
vt 0.375000 0.000000
vt 0.204776 0.750000
vt 0.875000 0.750000
vt 0.875000 0.750000
vt 0.875000 0.750000
vt 0.875000 0.750000
vt 0.875000 0.750000
vt 0.125000 0.750000
vt 0.125000 0.750000
vt 0.125000 0.750000
vt 0.875000 0.750000
vt 0.875000 0.750000
vt 0.875000 0.750000
vt 0.625000 1.000000
vt 0.875000 0.750000
vt 0.125000 0.750000
vt 0.875000 0.750000
vt 0.125000 0.750000
vt 0.375000 1.000000
vt 0.125000 0.750000
vt 0.875000 0.750000
vt 0.125000 0.750000
vt 0.125000 0.750000
vt 0.125000 0.750000
vt 0.625000 1.000000
vt 0.125000 0.750000
vt 0.875000 0.750000
vt 0.125000 0.750000
s 1
usemtl Material.001
f 9/15/7 130/16/8 129/17/8
f 20/22/14 9/23/15 12/22/16
f 116/20/17 134/16/17 115/24/17
f 134/16/18 13/15/18 133/17/18
f 69/23/22 359/23/11 77/23/23
f 11/19/10 132/20/21 116/20/11
f 110/21/24 366/21/11 102/21/25
f 32/22/29 20/22/14 24/22/30
f 24/22/30 12/22/16 16/22/31
f 11/19/10 23/19/26 15/19/19
f 18/25/32 137/15/11 17/15/33
f 21/23/34 16/22/31 13/23/35
f 40/22/37 28/22/38 32/22/29
f 36/22/39 25/23/40 28/22/38
f 37/23/41 32/22/29 29/23/42
f 90/21/45 160/21/46 98/21/46
f 19/19/13 31/19/47 23/19/26
f 29/23/42 24/22/30 21/23/34
f 28/22/38 17/23/33 20/22/14
f 44/22/48 33/23/49 36/22/39
f 45/23/50 40/22/37 37/23/41
f 35/19/51 47/19/52 39/19/53
f 21/23/34 348/23/11 29/23/42
f 89/23/56 155/23/57 81/23/58
f 27/19/44 39/19/53 31/19/47
f 65/23/59 149/23/60 57/23/61
f 54/21/65 352/21/11 46/21/66
f 48/22/67 36/22/39 40/22/37
f 77/23/23 362/23/11 85/23/69
f 105/23/71 159/23/72 97/23/73
f 64/22/77 52/22/78 56/22/79
f 60/22/80 49/23/81 52/22/78
f 43/19/64 55/19/74 47/19/52
f 53/23/82 48/22/67 45/23/50
f 52/22/78 41/23/83 44/22/48
f 56/22/79 44/22/48 48/22/67
f 72/22/84 60/22/80 64/22/77
f 68/22/85 57/23/61 60/22/80
f 69/23/22 64/22/77 61/23/86
f 70/21/87 357/21/11 62/21/88
f 82/21/91 158/21/45 90/21/45
f 51/19/63 63/19/92 55/19/74
f 61/23/86 56/22/79 53/23/82
f 77/23/23 72/22/84 69/23/22
f 67/19/93 79/19/94 71/19/95
f 97/23/73 157/23/96 89/23/56
f 53/23/82 356/23/11 61/23/86
f 34/21/99 146/21/100 42/21/101
f 59/19/90 71/19/95 63/19/92
f 101/23/105 367/23/106 109/23/107
f 76/22/110 65/23/59 68/22/85
f 80/22/111 68/22/85 72/22/84
f 30/21/112 343/21/11 22/21/113
f 96/22/117 84/22/118 88/22/119
f 92/22/120 81/23/58 84/22/118
f 49/23/81 145/23/121 41/23/83
f 75/19/104 87/19/108 79/19/94
f 77/23/23 88/22/119 80/22/111
f 84/22/118 73/23/122 76/22/110
f 88/22/119 76/22/110 80/22/111
f 100/22/123 89/23/56 92/22/120
f 93/23/124 104/22/125 96/22/117
f 91/19/126 103/19/127 95/19/115
f 22/21/113 344/21/24 14/21/128
f 66/21/130 154/21/131 74/21/131
f 83/19/103 95/19/115 87/19/108
f 85/23/69 96/22/117 88/22/119
f 99/19/132 111/19/133 103/19/127
f 42/21/101 148/21/134 50/21/135
f 104/22/125 92/22/120 96/22/117
f 102/21/25 364/21/11 94/21/139
f 81/23/58 153/23/141 73/23/122
f 110/25/24 118/15/142 109/15/107
f 111/19/11 119/21/24 110/21/143
f 112/22/144 113/22/145 108/22/146
f 101/23/105 112/22/144 104/22/125
f 108/22/146 97/23/73 100/22/123
f 112/22/144 100/22/123 104/22/125
f 109/15/107 368/25/128 110/25/24
f 125/22/148 113/22/145 117/22/149
f 121/22/150 114/23/151 113/22/145
f 126/23/152 117/22/149 118/23/142
f 106/25/153 105/15/154 122/15/155
f 109/23/107 117/22/149 112/22/144
f 108/22/146 114/23/151 105/23/71
f 128/26/156 121/27/156 125/27/156
f 121/27/156 123/28/156 122/29/156
f 127/28/156 125/27/156 126/29/156
f 127/25/160 118/15/160 119/25/160
f 16/22/31 133/30/161 13/23/35
f 120/19/157 107/19/137 128/19/162
f 12/22/16 129/30/165 115/24/24
f 12/22/16 131/24/166 16/22/31
f 26/21/167 144/21/168 34/21/99
f 17/23/33 135/23/11 9/23/15
f 10/21/128 138/21/11 18/21/32
f 9/15/15 136/25/24 10/25/128
f 151/23/169 263/23/170 205/23/171
f 147/23/181 247/36/182 145/23/121
f 153/23/141 251/23/188 263/23/170
f 164/21/189 170/21/24 166/21/190
f 165/23/192 167/23/11 163/23/193
f 149/23/60 260/37/194 147/23/181
f 17/15/33 140/25/128 18/25/32
f 98/21/46 161/21/128 106/21/128
f 50/21/135 150/21/195 58/21/195
f 33/23/49 141/23/196 25/23/40
f 106/25/128 162/15/197 105/15/71
f 57/23/61 147/23/181 49/23/81
f 135/15/11 164/25/189 136/25/24
f 18/21/32 142/21/198 26/21/167
f 58/21/195 152/21/130 66/21/130
f 138/25/11 165/15/192 137/15/11
f 73/23/122 151/23/169 65/23/59
f 25/23/40 139/23/199 17/23/33
f 137/23/11 163/23/193 135/23/11
f 74/21/131 156/21/91 82/21/91
f 136/21/24 166/21/190 138/21/11
f 41/23/83 143/23/200 33/23/49
f 168/21/201 174/21/128 170/21/24
f 169/23/202 171/23/203 167/23/11
f 170/25/24 173/15/204 169/15/202
f 167/15/11 172/25/128 168/25/201
f 141/23/196 274/23/205 139/23/199
f 157/23/96 239/23/206 256/38/207
f 143/23/200 218/23/208 141/23/196
f 161/25/212 212/15/213 162/15/214
f 149/23/60 205/23/171 206/38/215
f 159/23/72 212/36/218 239/23/206
f 145/23/121 217/23/220 143/23/200
f 155/23/57 256/38/207 251/23/188
f 163/15/193 168/25/201 164/25/189
f 166/25/190 169/15/202 165/15/192
f 202/25/225 283/15/226 284/42/227
f 245/36/228 179/23/229 215/23/230
f 278/15/231 200/25/232 277/25/233
f 198/23/237 241/36/238 214/23/239
f 187/23/242 208/23/243 203/23/244
f 197/25/225 214/15/226 209/25/227
f 215/23/230 177/23/245 220/44/246
f 140/25/252 274/15/253 269/25/254
f 177/15/255 176/25/256 175/15/256
f 179/15/257 178/25/255 177/15/255
f 181/15/259 180/25/257 179/15/257
f 185/15/260 184/25/261 183/15/258
f 189/15/262 188/25/263 187/15/264
f 187/15/264 186/25/265 185/15/260
f 191/15/266 190/25/262 189/15/262
f 193/15/267 192/25/268 191/15/266
f 198/15/269 196/25/270 195/15/270
f 195/15/270 194/25/271 193/15/267
f 201/15/272 200/25/272 199/15/272
f 283/23/273 199/23/274 278/23/275
f 193/23/276 253/36/277 254/46/278
f 185/23/284 262/23/285 208/23/243
f 191/23/286 265/46/287 253/36/277
f 262/23/285 181/23/290 245/36/228
f 272/47/231 176/25/291 271/25/233
f 220/44/246 175/23/298 272/38/299
f 195/23/300 254/46/278 241/36/238
f 189/23/301 203/23/244 265/46/287
f 264/46/302 205/23/171 263/23/170
f 265/46/287 204/23/303 264/46/302
f 240/23/304 256/38/207 239/23/206
f 241/36/238 255/23/305 240/23/304
f 218/23/208 273/23/306 274/23/205
f 219/23/307 272/38/299 273/23/306
f 273/15/316 269/25/254 274/15/253
f 273/15/316 271/25/233 270/25/316
f 260/37/194 246/48/317 247/36/182
f 261/23/318 245/36/228 246/48/317
f 252/23/320 263/23/170 251/23/188
f 253/36/277 264/46/302 252/23/320
f 206/38/215 261/23/318 260/37/194
f 208/23/243 261/23/318 207/23/321
f 255/23/305 251/23/188 256/38/207
f 254/46/278 252/23/320 255/23/305
f 217/23/220 219/23/307 218/23/208
f 216/44/324 220/44/246 219/23/307
f 211/25/325 213/15/326 212/15/213
f 209/25/227 213/15/326 210/25/326
f 204/23/303 206/38/215 205/23/171
f 203/23/244 207/23/321 204/23/303
f 213/23/328 239/23/206 212/36/218
f 214/23/239 240/23/304 213/23/328
f 247/36/182 216/44/324 217/23/220
f 246/48/317 215/23/230 216/44/324
f 173/23/204 280/23/334 171/23/203
f 281/23/335 279/23/336 280/23/334
f 282/23/337 278/23/275 279/23/336
f 280/15/253 172/25/252 171/15/338
f 279/15/316 275/42/254 280/15/253
f 279/15/316 277/25/233 276/25/316
f 174/25/212 281/15/213 173/15/214
f 286/25/325 282/15/326 281/15/213
f 284/42/227 282/15/326 285/25/326
f 22/25/113 287/25/24 288/25/11
f 30/25/339 288/25/11 289/25/11
f 94/21/340 298/21/11 102/21/341
f 62/21/342 294/21/11 70/21/343
f 54/25/344 291/25/345 292/25/11
f 102/21/341 299/21/24 110/21/346
f 86/25/347 295/25/348 296/25/11
f 86/21/347 297/21/11 94/21/340
f 30/21/339 290/21/11 38/21/349
f 119/25/24 299/25/24 300/25/24
f 70/21/343 295/21/348 78/21/350
f 54/21/344 293/21/11 62/21/342
f 38/21/349 291/21/345 46/21/351
f 296/21/11 311/21/11 297/21/11
f 289/21/11 304/21/11 290/21/11
f 297/21/11 312/21/11 298/21/11
f 292/25/11 305/25/345 306/25/11
f 298/21/11 313/21/24 299/21/24
f 290/21/11 305/21/345 291/21/345
f 300/25/24 313/25/24 314/25/24
f 292/21/11 307/21/11 293/21/11
f 293/21/11 308/21/11 294/21/11
f 296/25/11 309/25/348 310/25/11
f 288/25/11 301/25/24 302/25/11
f 294/21/11 309/21/348 295/21/348
f 289/25/11 302/25/11 303/25/11
f 304/21/11 319/21/11 305/21/345
f 314/25/24 327/25/24 328/25/24
f 306/21/11 321/21/11 307/21/11
f 307/21/11 322/21/11 308/21/11
f 310/25/11 323/25/348 324/25/11
f 302/25/11 315/25/24 316/25/11
f 308/21/11 323/21/348 309/21/348
f 303/25/11 316/25/11 317/25/11
f 310/21/11 325/21/11 311/21/11
f 303/21/11 318/21/11 304/21/11
f 311/21/11 326/21/11 312/21/11
f 306/25/11 319/25/11 320/25/11
f 312/21/11 327/21/24 313/21/24
f 324/25/11 337/25/352 338/25/353
f 316/25/11 329/25/354 330/25/355
f 322/21/11 337/21/352 323/21/348
f 317/25/11 330/25/355 331/25/356
f 324/21/11 339/21/139 325/21/11
f 317/21/11 332/21/357 318/21/11
f 325/21/11 340/21/25 326/21/11
f 320/25/11 333/25/66 334/25/65
f 326/21/11 341/21/24 327/21/24
f 318/21/11 333/21/66 319/21/11
f 328/25/24 341/25/24 342/25/24
f 320/21/11 335/21/88 321/21/11
f 321/21/11 336/21/87 322/21/11
f 346/23/358 374/23/359 348/23/11
f 364/21/11 387/21/360 361/21/361
f 352/21/11 376/21/349 350/21/362
f 368/21/363 392/21/364 366/21/11
f 358/21/365 383/21/342 357/21/11
f 349/21/366 369/21/367 343/21/11
f 347/23/368 379/23/369 353/23/370
f 365/23/371 393/23/372 367/23/106
f 359/23/11 388/23/373 362/23/11
f 353/23/370 380/23/374 354/23/375
f 393/15/376 368/25/376 367/15/376
f 354/23/375 382/23/377 356/23/11
f 94/21/139 361/21/361 86/21/378
f 86/21/378 360/21/11 78/21/379
f 38/21/357 349/21/366 30/21/112
f 37/23/41 353/23/370 45/23/50
f 14/25/128 345/15/11 13/15/35
f 61/23/86 355/23/11 69/23/22
f 93/23/124 365/23/371 101/23/105
f 78/21/379 358/21/365 70/21/87
f 85/23/69 363/23/11 93/23/124
f 62/21/88 351/21/11 54/21/65
f 45/23/50 354/23/375 53/23/82
f 13/23/35 346/23/358 21/23/34
f 46/21/66 350/21/362 38/21/357
f 29/23/42 347/23/368 37/23/41
f 457/37/395 405/23/396 437/23/397
f 417/23/398 440/23/399 428/23/400
f 411/23/401 436/48/402 431/38/403
f 437/23/397 406/23/404 446/50/405
f 440/15/406 420/25/406 445/25/406
f 406/23/404 451/51/407 446/50/405
f 452/50/408 399/23/409 457/37/395
f 343/21/11 370/21/128 344/21/24
f 362/23/11 389/23/410 363/23/11
f 361/21/361 386/21/411 360/21/11
f 344/25/24 371/15/412 345/15/11
f 356/23/11 381/23/413 355/23/11
f 350/21/362 375/21/414 349/21/366
f 355/23/11 385/23/415 359/23/11
f 345/23/11 372/23/416 346/23/358
f 363/23/11 391/23/417 365/23/371
f 351/21/11 378/21/351 352/21/11
f 360/21/11 384/21/343 358/21/365
f 357/21/11 377/21/344 351/21/11
f 366/21/11 390/21/340 364/21/11
f 348/23/11 373/23/418 347/23/368
f 395/25/419 397/15/420 396/25/420
f 401/25/421 398/15/422 395/25/419
f 402/25/423 400/15/424 401/25/421
f 403/25/425 405/15/426 404/25/427
f 404/25/427 399/15/428 402/25/423
f 403/25/425 408/15/429 406/15/425
f 410/25/430 408/15/429 409/25/429
f 412/25/431 414/15/432 411/15/433
f 410/25/430 411/15/433 407/15/434
f 413/25/435 415/15/436 414/15/432
f 416/25/437 417/15/438 415/15/436
f 418/25/439 419/15/440 417/15/438
f 482/23/441 400/23/442 452/50/408
f 414/23/445 490/52/446 436/48/402
f 408/23/452 499/44/453 451/51/407
f 407/23/455 431/38/403 499/44/453
f 496/46/456 398/23/457 482/23/441
f 415/23/458 428/23/400 490/52/446
f 424/25/463 508/15/463 505/25/463
f 515/44/464 423/23/465 511/23/466
f 511/15/466 424/25/128 510/25/24
f 509/53/467 421/15/467 512/15/467
f 421/23/468 513/23/469 512/38/470
f 506/23/471 514/23/472 513/23/469
f 507/23/473 515/44/464 514/23/472
f 422/25/463 506/15/463 421/15/463
f 503/25/463 507/15/463 506/15/463
f 505/25/463 507/15/463 504/25/463
f 488/23/495 391/23/417 389/23/410
f 489/23/496 430/51/497 488/23/495
f 490/52/446 429/37/498 489/23/496
f 371/23/412 484/50/499 372/23/416
f 494/23/500 483/23/501 484/50/499
f 495/38/502 482/23/441 483/23/501
f 497/23/503 385/23/415 381/23/413
f 498/23/504 433/38/505 497/23/503
f 499/44/453 432/54/506 498/23/504
f 449/38/513 381/23/413 382/23/377
f 450/38/514 497/23/503 449/38/513
f 451/51/407 498/23/504 450/38/514
f 434/23/524 389/23/410 388/23/373
f 435/50/525 488/23/495 434/23/524
f 436/48/402 489/23/496 435/50/525
f 372/23/416 454/23/532 374/23/359
f 484/50/499 453/48/533 454/23/532
f 483/23/501 452/50/408 453/48/533
f 374/23/359 455/48/534 373/23/418
f 454/23/532 456/56/535 455/48/534
f 453/48/533 457/37/395 456/56/535
f 448/50/536 382/23/377 380/23/374
f 447/50/537 449/38/513 448/50/536
f 446/50/405 450/38/514 447/50/537
f 442/15/406 394/25/406 393/15/406
f 441/15/406 443/25/406 442/15/406
f 441/15/406 445/25/406 444/25/406
f 379/23/369 448/50/536 380/23/374
f 439/36/538 447/50/537 448/50/536
f 438/23/539 446/50/405 447/50/537
f 433/38/505 388/23/373 385/23/415
f 432/54/506 434/23/524 433/38/505
f 431/38/403 435/50/525 432/54/506
f 430/51/497 393/23/540 391/23/417
f 429/37/498 442/23/541 430/51/497
f 428/23/400 441/23/542 429/37/498
f 373/23/418 439/36/538 379/23/369
f 455/48/534 438/23/539 439/36/538
f 456/56/535 437/23/397 438/23/539
f 514/23/472 496/46/456 495/38/502
f 513/23/469 495/38/502 494/23/500
f 512/38/470 494/23/500 371/23/412
f 370/25/467 512/15/467 371/15/467
f 397/15/547 510/25/24 396/25/128
f 496/46/456 511/23/466 397/23/547
f 9/15/7 10/25/7 130/16/8
f 20/22/14 17/23/33 9/23/15
f 116/20/17 132/20/17 134/16/17
f 134/16/17 133/30/17 131/24/17
f 115/24/17 129/17/17 130/18/17
f 134/16/17 131/24/17 115/24/17
f 115/24/17 130/18/17 116/20/17
f 134/16/18 14/25/18 13/15/18
f 69/23/22 355/23/11 359/23/11
f 11/19/10 15/19/19 132/20/21
f 110/21/24 368/21/128 366/21/11
f 32/22/29 28/22/38 20/22/14
f 24/22/30 20/22/14 12/22/16
f 11/19/10 19/19/13 23/19/26
f 18/25/32 138/25/11 137/15/11
f 21/23/34 24/22/30 16/22/31
f 40/22/37 36/22/39 28/22/38
f 36/22/39 33/23/49 25/23/40
f 37/23/41 40/22/37 32/22/29
f 90/21/45 158/21/45 160/21/46
f 19/19/13 27/19/44 31/19/47
f 29/23/42 32/22/29 24/22/30
f 28/22/38 25/23/40 17/23/33
f 44/22/48 41/23/83 33/23/49
f 45/23/50 48/22/67 40/22/37
f 35/19/51 43/19/64 47/19/52
f 21/23/34 346/23/358 348/23/11
f 89/23/56 157/23/96 155/23/57
f 27/19/44 35/19/51 39/19/53
f 65/23/59 151/23/169 149/23/60
f 54/21/65 351/21/11 352/21/11
f 48/22/67 44/22/48 36/22/39
f 77/23/23 359/23/11 362/23/11
f 105/23/71 162/23/197 159/23/72
f 64/22/77 60/22/80 52/22/78
f 60/22/80 57/23/61 49/23/81
f 43/19/64 51/19/63 55/19/74
f 53/23/82 56/22/79 48/22/67
f 52/22/78 49/23/81 41/23/83
f 56/22/79 52/22/78 44/22/48
f 72/22/84 68/22/85 60/22/80
f 68/22/85 65/23/59 57/23/61
f 69/23/22 72/22/84 64/22/77
f 70/21/87 358/21/365 357/21/11
f 82/21/91 156/21/91 158/21/45
f 51/19/63 59/19/90 63/19/92
f 61/23/86 64/22/77 56/22/79
f 77/23/23 80/22/111 72/22/84
f 67/19/93 75/19/104 79/19/94
f 97/23/73 159/23/72 157/23/96
f 53/23/82 354/23/375 356/23/11
f 34/21/99 144/21/168 146/21/100
f 59/19/90 67/19/93 71/19/95
f 101/23/105 365/23/371 367/23/106
f 76/22/110 73/23/122 65/23/59
f 80/22/111 76/22/110 68/22/85
f 30/21/112 349/21/366 343/21/11
f 96/22/117 92/22/120 84/22/118
f 92/22/120 89/23/56 81/23/58
f 49/23/81 147/23/181 145/23/121
f 75/19/104 83/19/103 87/19/108
f 77/23/23 85/23/69 88/22/119
f 84/22/118 81/23/58 73/23/122
f 88/22/119 84/22/118 76/22/110
f 100/22/123 97/23/73 89/23/56
f 93/23/124 101/23/105 104/22/125
f 91/19/126 99/19/132 103/19/127
f 22/21/113 343/21/11 344/21/24
f 66/21/130 152/21/130 154/21/131
f 83/19/103 91/19/126 95/19/115
f 85/23/69 93/23/124 96/22/117
f 99/19/132 107/19/137 111/19/133
f 42/21/101 146/21/100 148/21/134
f 104/22/125 100/22/123 92/22/120
f 102/21/25 366/21/11 364/21/11
f 81/23/58 155/23/57 153/23/141
f 110/25/24 119/25/128 118/15/142
f 111/19/11 120/19/548 119/21/24
f 112/22/144 117/22/149 113/22/145
f 101/23/105 109/23/107 112/22/144
f 108/22/146 105/23/71 97/23/73
f 112/22/144 108/22/146 100/22/123
f 109/15/107 367/15/106 368/25/128
f 125/22/148 121/22/150 113/22/145
f 121/22/150 122/23/550 114/23/151
f 126/23/152 125/22/148 117/22/149
f 122/15/155 123/25/155 106/25/153
f 105/15/154 114/15/11 122/15/155
f 109/23/107 118/23/142 117/22/149
f 108/22/146 113/22/145 114/23/151
f 128/26/156 124/26/156 121/27/156
f 121/27/156 124/26/156 123/28/156
f 127/28/156 128/26/156 125/27/156
f 127/25/160 126/15/160 118/15/160
f 16/22/31 131/24/166 133/30/161
f 107/19/137 124/19/164 128/19/162
f 120/19/157 111/19/133 107/19/137
f 12/22/16 9/23/15 129/30/165
f 12/22/16 115/24/24 131/24/166
f 26/21/167 142/21/198 144/21/168
f 17/23/33 137/23/11 135/23/11
f 10/21/128 136/21/24 138/21/11
f 9/15/15 135/15/11 136/25/24
f 151/23/169 153/23/141 263/23/170
f 147/23/181 260/37/194 247/36/182
f 153/23/141 155/23/57 251/23/188
f 164/21/189 168/21/201 170/21/24
f 165/23/192 169/23/202 167/23/11
f 149/23/60 206/38/215 260/37/194
f 17/15/33 139/15/199 140/25/128
f 98/21/46 160/21/46 161/21/128
f 50/21/135 148/21/134 150/21/195
f 33/23/49 143/23/200 141/23/196
f 106/25/128 161/25/128 162/15/197
f 57/23/61 149/23/60 147/23/181
f 135/15/11 163/15/193 164/25/189
f 18/21/32 140/21/128 142/21/198
f 58/21/195 150/21/195 152/21/130
f 138/25/11 166/25/190 165/15/192
f 73/23/122 153/23/141 151/23/169
f 25/23/40 141/23/196 139/23/199
f 137/23/11 165/23/192 163/23/193
f 74/21/131 154/21/131 156/21/91
f 136/21/24 164/21/189 166/21/190
f 41/23/83 145/23/121 143/23/200
f 168/21/201 172/21/128 174/21/128
f 169/23/202 173/23/204 171/23/203
f 170/25/24 174/25/128 173/15/204
f 167/15/11 171/15/203 172/25/128
f 141/23/196 218/23/208 274/23/205
f 157/23/96 159/23/72 239/23/206
f 143/23/200 217/23/220 218/23/208
f 161/25/212 211/25/325 212/15/213
f 149/23/60 151/23/169 205/23/171
f 159/23/72 162/23/197 212/36/218
f 145/23/121 247/36/182 217/23/220
f 155/23/57 157/23/96 256/38/207
f 163/15/193 167/15/11 168/25/201
f 166/25/190 170/25/24 169/15/202
f 202/25/225 201/15/554 283/15/226
f 245/36/228 181/23/290 179/23/229
f 278/15/231 199/15/555 200/25/232
f 198/23/237 195/23/300 241/36/238
f 187/23/242 185/23/284 208/23/243
f 197/25/225 198/15/554 214/15/226
f 215/23/230 179/23/229 177/23/245
f 140/25/252 139/15/338 274/15/253
f 177/15/255 178/25/255 176/25/256
f 179/15/257 180/25/257 178/25/255
f 181/15/259 182/25/259 180/25/257
f 185/15/260 186/25/265 184/25/261
f 189/15/262 190/25/262 188/25/263
f 187/15/264 188/25/263 186/25/265
f 191/15/266 192/25/268 190/25/262
f 193/15/267 194/25/271 192/25/268
f 198/15/269 197/25/269 196/25/270
f 195/15/270 196/25/270 194/25/271
f 201/15/272 202/25/272 200/25/272
f 283/23/273 201/23/274 199/23/274
f 193/23/276 191/23/286 253/36/277
f 185/23/284 183/23/556 262/23/285
f 191/23/286 189/23/301 265/46/287
f 262/23/285 183/23/556 181/23/290
f 272/47/231 175/15/555 176/25/291
f 220/44/246 177/23/245 175/23/298
f 195/23/300 193/23/276 254/46/278
f 189/23/301 187/23/242 203/23/244
f 264/46/302 204/23/303 205/23/171
f 265/46/287 203/23/244 204/23/303
f 240/23/304 255/23/305 256/38/207
f 241/36/238 254/46/278 255/23/305
f 218/23/208 219/23/307 273/23/306
f 219/23/307 220/44/246 272/38/299
f 273/15/316 270/25/316 269/25/254
f 273/15/316 272/47/231 271/25/233
f 260/37/194 261/23/318 246/48/317
f 261/23/318 262/23/285 245/36/228
f 252/23/320 264/46/302 263/23/170
f 253/36/277 265/46/287 264/46/302
f 206/38/215 207/23/321 261/23/318
f 208/23/243 262/23/285 261/23/318
f 255/23/305 252/23/320 251/23/188
f 254/46/278 253/36/277 252/23/320
f 217/23/220 216/44/324 219/23/307
f 216/44/324 215/23/230 220/44/246
f 211/25/325 210/25/326 213/15/326
f 209/25/227 214/15/226 213/15/326
f 204/23/303 207/23/321 206/38/215
f 203/23/244 208/23/243 207/23/321
f 213/23/328 240/23/304 239/23/206
f 214/23/239 241/36/238 240/23/304
f 247/36/182 246/48/317 216/44/324
f 246/48/317 245/36/228 215/23/230
f 173/23/204 281/23/335 280/23/334
f 281/23/335 282/23/337 279/23/336
f 282/23/337 283/23/273 278/23/275
f 280/15/253 275/42/254 172/25/252
f 279/15/316 276/25/316 275/42/254
f 279/15/316 278/15/231 277/25/233
f 174/25/212 286/25/325 281/15/213
f 286/25/325 285/25/326 282/15/326
f 284/42/227 283/15/226 282/15/326
f 22/25/113 14/25/11 287/25/24
f 30/25/339 22/25/113 288/25/11
f 94/21/340 297/21/11 298/21/11
f 62/21/342 293/21/11 294/21/11
f 54/25/344 46/25/351 291/25/345
f 102/21/341 298/21/11 299/21/24
f 86/25/347 78/25/350 295/25/348
f 86/21/347 296/21/11 297/21/11
f 30/21/339 289/21/11 290/21/11
f 119/25/24 110/25/346 299/25/24
f 70/21/343 294/21/11 295/21/348
f 54/21/344 292/21/11 293/21/11
f 38/21/349 290/21/11 291/21/345
f 296/21/11 310/21/11 311/21/11
f 289/21/11 303/21/11 304/21/11
f 297/21/11 311/21/11 312/21/11
f 292/25/11 291/25/345 305/25/345
f 298/21/11 312/21/11 313/21/24
f 290/21/11 304/21/11 305/21/345
f 300/25/24 299/25/24 313/25/24
f 292/21/11 306/21/11 307/21/11
f 293/21/11 307/21/11 308/21/11
f 296/25/11 295/25/348 309/25/348
f 288/25/11 287/25/24 301/25/24
f 294/21/11 308/21/11 309/21/348
f 289/25/11 288/25/11 302/25/11
f 304/21/11 318/21/11 319/21/11
f 314/25/24 313/25/24 327/25/24
f 306/21/11 320/21/11 321/21/11
f 307/21/11 321/21/11 322/21/11
f 310/25/11 309/25/348 323/25/348
f 302/25/11 301/25/24 315/25/24
f 308/21/11 322/21/11 323/21/348
f 303/25/11 302/25/11 316/25/11
f 310/21/11 324/21/11 325/21/11
f 303/21/11 317/21/11 318/21/11
f 311/21/11 325/21/11 326/21/11
f 306/25/11 305/25/345 319/25/11
f 312/21/11 326/21/11 327/21/24
f 324/25/11 323/25/348 337/25/352
f 316/25/11 315/25/24 329/25/354
f 322/21/11 336/21/87 337/21/352
f 317/25/11 316/25/11 330/25/355
f 324/21/11 338/21/353 339/21/139
f 317/21/11 331/21/356 332/21/357
f 325/21/11 339/21/139 340/21/25
f 320/25/11 319/25/11 333/25/66
f 326/21/11 340/21/25 341/21/24
f 318/21/11 332/21/357 333/21/66
f 328/25/24 327/25/24 341/25/24
f 320/21/11 334/21/65 335/21/88
f 321/21/11 335/21/88 336/21/87
f 346/23/358 372/23/416 374/23/359
f 364/21/11 390/21/340 387/21/360
f 352/21/11 378/21/351 376/21/349
f 368/21/363 394/21/363 392/21/364
f 358/21/365 384/21/343 383/21/342
f 349/21/366 375/21/414 369/21/367
f 347/23/368 373/23/418 379/23/369
f 365/23/371 391/23/417 393/23/372
f 359/23/11 385/23/415 388/23/373
f 353/23/370 379/23/369 380/23/374
f 393/15/376 394/25/376 368/25/376
f 354/23/375 380/23/374 382/23/377
f 94/21/139 364/21/11 361/21/361
f 86/21/378 361/21/361 360/21/11
f 38/21/357 350/21/362 349/21/366
f 37/23/41 347/23/368 353/23/370
f 14/25/128 344/25/24 345/15/11
f 61/23/86 356/23/11 355/23/11
f 93/23/124 363/23/11 365/23/371
f 78/21/379 360/21/11 358/21/365
f 85/23/69 362/23/11 363/23/11
f 62/21/88 357/21/11 351/21/11
f 45/23/50 353/23/370 354/23/375
f 13/23/35 345/23/11 346/23/358
f 46/21/66 352/21/11 350/21/362
f 29/23/42 348/23/11 347/23/368
f 457/37/395 399/23/409 405/23/396
f 417/23/398 419/23/559 440/23/399
f 411/23/401 414/23/445 436/48/402
f 437/23/397 405/23/396 406/23/404
f 440/15/406 419/15/406 420/25/406
f 406/23/404 408/23/452 451/51/407
f 452/50/408 400/23/442 399/23/409
f 343/21/11 369/21/367 370/21/128
f 362/23/11 388/23/373 389/23/410
f 361/21/361 387/21/360 386/21/411
f 344/25/24 370/25/128 371/15/412
f 356/23/11 382/23/377 381/23/413
f 350/21/362 376/21/349 375/21/414
f 355/23/11 381/23/413 385/23/415
f 345/23/11 371/23/412 372/23/416
f 363/23/11 389/23/410 391/23/417
f 351/21/11 377/21/344 378/21/351
f 360/21/11 386/21/411 384/21/343
f 357/21/11 383/21/342 377/21/344
f 366/21/11 392/21/560 390/21/340
f 348/23/11 374/23/359 373/23/418
f 395/25/419 398/15/422 397/15/420
f 401/25/421 400/15/424 398/15/422
f 402/25/423 399/15/428 400/15/424
f 403/25/425 406/15/425 405/15/426
f 404/25/427 405/15/426 399/15/428
f 403/25/425 409/25/429 408/15/429
f 410/25/430 407/15/434 408/15/429
f 412/25/431 413/25/435 414/15/432
f 410/25/430 412/25/431 411/15/433
f 413/25/435 416/25/437 415/15/436
f 416/25/437 418/25/439 417/15/438
f 418/25/439 420/25/440 419/15/440
f 482/23/441 398/23/457 400/23/442
f 414/23/445 415/23/458 490/52/446
f 408/23/452 407/23/455 499/44/453
f 407/23/455 411/23/401 431/38/403
f 496/46/456 397/23/547 398/23/457
f 415/23/458 417/23/398 428/23/400
f 424/25/463 423/15/463 508/15/463
f 515/44/464 508/23/561 423/23/465
f 511/15/466 423/15/465 424/25/128
f 509/53/467 422/25/467 421/15/467
f 421/23/468 506/23/471 513/23/469
f 506/23/471 507/23/473 514/23/472
f 507/23/473 508/23/561 515/44/464
f 422/25/463 503/25/463 506/15/463
f 503/25/463 504/25/463 507/15/463
f 505/25/463 508/15/463 507/15/463
f 488/23/495 430/51/497 391/23/417
f 489/23/496 429/37/498 430/51/497
f 490/52/446 428/23/400 429/37/498
f 371/23/412 494/23/500 484/50/499
f 494/23/500 495/38/502 483/23/501
f 495/38/502 496/46/456 482/23/441
f 497/23/503 433/38/505 385/23/415
f 498/23/504 432/54/506 433/38/505
f 499/44/453 431/38/403 432/54/506
f 449/38/513 497/23/503 381/23/413
f 450/38/514 498/23/504 497/23/503
f 451/51/407 499/44/453 498/23/504
f 434/23/524 488/23/495 389/23/410
f 435/50/525 489/23/496 488/23/495
f 436/48/402 490/52/446 489/23/496
f 372/23/416 484/50/499 454/23/532
f 484/50/499 483/23/501 453/48/533
f 483/23/501 482/23/441 452/50/408
f 374/23/359 454/23/532 455/48/534
f 454/23/532 453/48/533 456/56/535
f 453/48/533 452/50/408 457/37/395
f 448/50/536 449/38/513 382/23/377
f 447/50/537 450/38/514 449/38/513
f 446/50/405 451/51/407 450/38/514
f 442/15/406 443/25/406 394/25/406
f 441/15/406 444/25/406 443/25/406
f 441/15/406 440/15/406 445/25/406
f 379/23/369 439/36/538 448/50/536
f 439/36/538 438/23/539 447/50/537
f 438/23/539 437/23/397 446/50/405
f 433/38/505 434/23/524 388/23/373
f 432/54/506 435/50/525 434/23/524
f 431/38/403 436/48/402 435/50/525
f 430/51/497 442/23/541 393/23/540
f 429/37/498 441/23/542 442/23/541
f 428/23/400 440/23/399 441/23/542
f 373/23/418 455/48/534 439/36/538
f 455/48/534 456/56/535 438/23/539
f 456/56/535 457/37/395 437/23/397
f 514/23/472 515/44/464 496/46/456
f 513/23/469 514/23/472 495/38/502
f 512/38/470 513/23/469 494/23/500
f 370/25/467 509/53/467 512/15/467
f 397/15/547 511/15/466 510/25/24
f 496/46/456 515/44/464 511/23/466
usemtl Material.003
f 148/21/186 248/35/187 266/34/179
f 154/21/191 257/33/185 156/21/184
f 158/21/209 230/32/174 160/21/173
f 144/21/216 238/33/177 233/40/217
f 150/21/178 223/41/219 152/21/210
f 242/32/234 188/21/235 221/33/236
f 178/21/240 235/35/224 236/43/241
f 227/21/249 196/21/250 232/21/251
f 183/15/258 182/25/259 181/15/259
f 200/21/279 284/31/280 277/21/281
f 226/45/248 192/21/282 259/21/283
f 182/21/288 268/31/289 250/33/223
f 249/21/319 266/34/179 248/35/187
f 250/33/223 267/34/312 249/21/319
f 224/39/211 258/43/315 257/33/185
f 225/33/322 259/21/283 258/43/315
f 229/33/183 231/34/309 230/32/174
f 228/21/314 232/21/251 231/34/309
f 237/43/311 233/40/217 238/33/177
f 236/43/241 234/21/327 237/43/311
f 244/35/180 222/40/323 223/41/219
f 243/45/313 221/33/236 222/40/323
f 275/31/329 174/21/330 172/21/330
f 276/21/331 286/21/332 275/31/329
f 277/21/281 285/21/333 276/21/331
f 479/45/380 413/21/381 478/43/382
f 404/21/383 472/21/384 473/21/385
f 401/21/392 427/21/393 458/34/394
f 478/43/382 412/21/447 493/41/448
f 402/21/454 458/34/394 472/21/384
f 493/41/448 410/21/461 464/49/389
f 386/21/486 466/49/487 384/21/488
f 491/21/489 465/49/490 466/49/487
f 492/21/491 464/49/389 465/49/490
f 470/21/507 375/21/508 376/21/509
f 471/21/510 460/40/511 470/21/507
f 472/21/384 459/35/512 471/21/510
f 387/21/521 491/21/489 386/21/486
f 476/33/522 492/21/491 491/21/489
f 477/33/523 493/41/448 492/21/491
f 460/40/511 369/21/528 375/21/508
f 459/35/512 425/21/526 460/40/511
f 458/34/394 426/21/529 459/35/512
f 475/45/493 376/21/509 378/21/492
f 474/21/494 470/21/507 475/45/493
f 473/21/385 471/21/510 474/21/494
f 390/21/476 476/33/522 387/21/521
f 481/21/475 477/33/523 476/33/522
f 480/31/478 478/43/382 477/33/523
f 148/21/186 146/21/221 248/35/187
f 154/21/191 224/39/211 257/33/185
f 158/21/209 229/33/183 230/32/174
f 144/21/216 142/21/175 238/33/177
f 150/21/178 244/35/180 223/41/219
f 242/32/234 186/21/293 188/21/235
f 178/21/240 180/21/222 235/35/224
f 227/21/249 194/21/292 196/21/250
f 183/15/258 184/25/261 182/25/259
f 200/21/279 202/21/279 284/31/280
f 226/45/248 190/21/247 192/21/282
f 182/21/288 184/21/557 268/31/289
f 249/21/319 267/34/312 266/34/179
f 250/33/223 268/31/289 267/34/312
f 224/39/211 225/33/322 258/43/315
f 225/33/322 226/45/248 259/21/283
f 229/33/183 228/21/314 231/34/309
f 228/21/314 227/21/249 232/21/251
f 237/43/311 234/21/327 233/40/217
f 236/43/241 235/35/224 234/21/327
f 244/35/180 243/45/313 222/40/323
f 243/45/313 242/32/234 221/33/236
f 275/31/329 286/21/332 174/21/330
f 276/21/331 285/21/333 286/21/332
f 277/21/281 284/31/280 285/21/333
f 479/45/380 416/21/462 413/21/381
f 404/21/383 402/21/454 472/21/384
f 401/21/392 395/21/443 427/21/393
f 478/43/382 413/21/381 412/21/447
f 402/21/454 401/21/392 458/34/394
f 493/41/448 412/21/447 410/21/461
f 386/21/486 491/21/489 466/49/487
f 491/21/489 492/21/491 465/49/490
f 492/21/491 493/41/448 464/49/389
f 470/21/507 460/40/511 375/21/508
f 471/21/510 459/35/512 460/40/511
f 472/21/384 458/34/394 459/35/512
f 387/21/521 476/33/522 491/21/489
f 476/33/522 477/33/523 492/21/491
f 477/33/523 478/43/382 493/41/448
f 460/40/511 425/21/526 369/21/528
f 459/35/512 426/21/529 425/21/526
f 458/34/394 427/21/393 426/21/529
f 475/45/493 470/21/507 376/21/509
f 474/21/494 471/21/510 470/21/507
f 473/21/385 472/21/384 471/21/510
f 390/21/476 481/21/475 476/33/522
f 481/21/475 480/31/478 477/33/523
f 480/31/478 479/45/380 478/43/382
usemtl Material.004
f 130/18/9 11/19/10 116/20/11
f 10/21/12 19/19/13 11/19/10
f 15/19/19 134/18/20 132/20/21
f 23/19/26 30/21/27 22/21/28
f 15/19/19 22/21/28 14/21/36
f 18/21/43 27/19/44 19/19/13
f 31/19/47 38/21/54 30/21/27
f 26/21/55 35/19/51 27/19/44
f 42/21/62 51/19/63 43/19/64
f 39/19/53 46/21/68 38/21/54
f 34/21/70 43/19/64 35/19/51
f 55/19/74 62/21/75 54/21/76
f 47/19/52 54/21/76 46/21/68
f 50/21/89 59/19/90 51/19/63
f 63/19/92 70/21/97 62/21/75
f 58/21/98 67/19/93 59/19/90
f 74/21/102 83/19/103 75/19/104
f 87/19/108 78/21/109 79/19/94
f 71/19/95 78/21/109 70/21/97
f 66/21/114 75/19/104 67/19/93
f 95/19/115 86/21/116 87/19/108
f 82/21/129 91/19/126 83/19/103
f 98/21/136 107/19/137 99/19/132
f 103/19/127 94/21/138 95/19/115
f 90/21/140 99/19/132 91/19/126
f 111/19/133 102/21/147 103/19/127
f 120/19/157 127/21/158 119/21/159
f 106/21/163 124/19/164 107/19/137
f 211/31/172 160/21/173 230/32/174
f 142/21/175 269/33/176 238/33/177
f 150/21/178 266/34/179 244/35/180
f 229/33/183 156/21/184 257/33/185
f 152/21/210 224/39/211 154/21/191
f 146/21/221 233/40/217 248/35/187
f 180/21/222 250/33/223 235/35/224
f 221/33/236 190/21/247 226/45/248
f 259/21/283 194/21/292 227/21/249
f 268/31/289 186/21/293 242/32/234
f 176/21/294 236/43/241 271/21/295
f 232/21/251 197/21/296 209/21/297
f 230/32/174 210/21/308 211/31/172
f 231/34/309 209/21/297 210/21/308
f 270/21/310 238/33/177 269/33/176
f 271/21/295 237/43/311 270/21/310
f 267/34/312 244/35/180 266/34/179
f 267/34/312 242/32/234 243/45/313
f 257/33/185 228/21/314 229/33/183
f 258/43/315 227/21/249 228/21/314
f 223/41/219 225/33/322 224/39/211
f 222/40/323 226/45/248 225/33/322
f 234/21/327 248/35/187 233/40/217
f 235/35/224 249/21/319 234/21/327
f 445/21/386 418/21/387 469/21/388
f 464/49/389 409/21/390 463/33/391
f 395/21/443 487/34/444 427/21/393
f 518/21/449 422/21/450 509/21/451
f 403/21/459 473/21/385 500/21/460
f 463/33/391 403/21/459 500/21/460
f 469/21/388 416/21/462 479/45/380
f 392/21/474 481/21/475 390/21/476
f 467/21/477 480/31/478 481/21/475
f 468/34/479 479/45/380 480/31/478
f 383/21/480 502/21/481 377/21/482
f 461/21/483 501/21/484 502/21/481
f 462/21/485 500/21/460 501/21/484
f 502/21/481 378/21/492 377/21/482
f 501/21/484 475/45/493 502/21/481
f 500/21/460 474/21/494 501/21/484
f 510/21/515 505/21/516 516/45/517
f 516/45/517 504/21/518 517/55/519
f 517/55/519 503/21/520 518/21/449
f 425/21/526 370/21/527 369/21/528
f 426/21/529 485/31/530 425/21/526
f 427/21/393 486/35/531 426/21/529
f 384/21/488 461/21/483 383/21/480
f 466/49/487 462/21/485 461/21/483
f 465/49/490 463/33/391 462/21/485
f 394/21/543 467/21/477 392/21/474
f 443/21/544 468/34/479 467/21/477
f 444/21/545 469/21/388 468/34/479
f 486/35/531 518/21/449 485/31/530
f 487/34/444 517/55/519 486/35/531
f 396/21/546 516/45/517 487/34/444
f 485/31/530 509/21/451 370/21/527
f 130/18/9 10/21/12 11/19/10
f 10/21/12 18/21/43 19/19/13
f 15/19/19 14/21/36 134/18/20
f 23/19/26 31/19/47 30/21/27
f 15/19/19 23/19/26 22/21/28
f 18/21/43 26/21/55 27/19/44
f 31/19/47 39/19/53 38/21/54
f 26/21/55 34/21/70 35/19/51
f 42/21/62 50/21/89 51/19/63
f 39/19/53 47/19/52 46/21/68
f 34/21/70 42/21/62 43/19/64
f 55/19/74 63/19/92 62/21/75
f 47/19/52 55/19/74 54/21/76
f 50/21/89 58/21/98 59/19/90
f 63/19/92 71/19/95 70/21/97
f 58/21/98 66/21/114 67/19/93
f 74/21/102 82/21/129 83/19/103
f 87/19/108 86/21/116 78/21/109
f 71/19/95 79/19/94 78/21/109
f 66/21/114 74/21/102 75/19/104
f 95/19/115 94/21/138 86/21/116
f 82/21/129 90/21/140 91/19/126
f 98/21/136 106/21/163 107/19/137
f 103/19/127 102/21/147 94/21/138
f 90/21/140 98/21/136 99/19/132
f 111/19/133 110/21/549 102/21/147
f 120/19/157 128/19/162 127/21/158
f 106/21/163 123/21/551 124/19/164
f 211/31/172 161/21/552 160/21/173
f 142/21/175 140/21/553 269/33/176
f 150/21/178 148/21/186 266/34/179
f 229/33/183 158/21/209 156/21/184
f 152/21/210 223/41/219 224/39/211
f 146/21/221 144/21/216 233/40/217
f 180/21/222 182/21/288 250/33/223
f 221/33/236 188/21/235 190/21/247
f 259/21/283 192/21/282 194/21/292
f 268/31/289 184/21/557 186/21/293
f 176/21/294 178/21/240 236/43/241
f 232/21/251 196/21/250 197/21/296
f 230/32/174 231/34/309 210/21/308
f 231/34/309 232/21/251 209/21/297
f 270/21/310 237/43/311 238/33/177
f 271/21/295 236/43/241 237/43/311
f 267/34/312 243/45/313 244/35/180
f 267/34/312 268/31/289 242/32/234
f 257/33/185 258/43/315 228/21/314
f 258/43/315 259/21/283 227/21/249
f 223/41/219 222/40/323 225/33/322
f 222/40/323 221/33/236 226/45/248
f 234/21/327 249/21/319 248/35/187
f 235/35/224 250/33/223 249/21/319
f 445/21/386 420/21/558 418/21/387
f 464/49/389 410/21/461 409/21/390
f 395/21/443 396/21/546 487/34/444
f 518/21/449 503/21/520 422/21/450
f 403/21/459 404/21/383 473/21/385
f 463/33/391 409/21/390 403/21/459
f 469/21/388 418/21/387 416/21/462
f 392/21/474 467/21/477 481/21/475
f 467/21/477 468/34/479 480/31/478
f 468/34/479 469/21/388 479/45/380
f 383/21/480 461/21/483 502/21/481
f 461/21/483 462/21/485 501/21/484
f 462/21/485 463/33/391 500/21/460
f 502/21/481 475/45/493 378/21/492
f 501/21/484 474/21/494 475/45/493
f 500/21/460 473/21/385 474/21/494
f 510/21/515 424/21/11 505/21/516
f 516/45/517 505/21/516 504/21/518
f 517/55/519 504/21/518 503/21/520
f 425/21/526 485/31/530 370/21/527
f 426/21/529 486/35/531 485/31/530
f 427/21/393 487/34/444 486/35/531
f 384/21/488 466/49/487 461/21/483
f 466/49/487 465/49/490 462/21/485
f 465/49/490 464/49/389 463/33/391
f 394/21/543 443/21/544 467/21/477
f 443/21/544 444/21/545 468/34/479
f 444/21/545 445/21/386 469/21/388
f 486/35/531 517/55/519 518/21/449
f 487/34/444 516/45/517 517/55/519
f 396/21/546 510/21/515 516/45/517
f 485/31/530 518/21/449 509/21/451
o Cube.005
v -32.580612 420.325623 3.726494
v -32.580612 420.325623 4.131549
v -75.236404 422.829651 3.726497
v -32.543900 421.589447 4.131549
v -75.273117 421.565826 3.726497
v -75.273117 421.565826 4.131553
v -75.236404 422.829651 4.131553
v -32.543900 421.589447 3.726494
v -31.759563 448.588898 3.726493
v -31.759563 448.588898 4.131548
v -74.488785 448.565308 3.726496
v -31.796276 447.325073 4.131548
v -74.452072 449.829102 3.726496
v -74.452072 449.829102 4.131551
v -74.488785 448.565308 4.131551
v -31.796276 447.325073 3.726493
vn -0.0000 -0.0000 -1.0000
vn -0.9996 0.0290 -0.0000
vn -0.0290 -0.9996 -0.0000
vn -0.0000 -0.0000 1.0000
vn 0.9996 -0.0290 -0.0000
vn 0.0290 0.9996 -0.0000
vt 0.375000 0.738821
vt 0.125000 0.738821
vt 0.375000 0.750000
vt 0.625000 0.738821
vt 0.375000 1.000000
vt 0.625000 0.750000
vt 0.125000 0.750000
vt 0.875000 0.738821
vt 0.625000 0.011179
vt 0.375000 0.011179
vt 0.625000 0.000000
vt 0.375000 0.000000
vt 0.625000 1.000000
vt 0.875000 0.750000
s 1
usemtl Material.001
f 521/57/562 534/58/562 526/58/562
f 523/59/563 525/60/563 521/57/563
f 519/61/564 524/62/564 523/59/564
f 519/63/562 521/57/562 526/58/562
f 530/65/566 526/66/566 534/66/566
f 526/66/566 520/67/566 519/68/566
f 525/60/563 529/57/563 521/57/563
f 533/60/563 531/59/563 529/57/563
f 532/62/567 527/61/567 531/59/567
f 529/57/562 527/63/562 534/58/562
f 528/67/566 534/66/566 527/68/566
f 522/64/565 533/60/565 525/60/565
f 521/57/562 529/57/562 534/58/562
f 523/59/563 524/62/563 525/60/563
f 519/61/564 520/69/564 524/62/564
f 519/63/562 523/59/562 521/57/562
f 530/65/566 522/65/566 526/66/566
f 526/66/566 522/65/566 520/67/566
f 525/60/563 533/60/563 529/57/563
f 533/60/563 532/62/563 531/59/563
f 532/62/567 528/69/567 527/61/567
f 529/57/562 531/59/562 527/63/562
f 528/67/566 530/65/566 534/66/566
f 522/64/565 530/64/565 533/60/565
usemtl Material.002
f 524/62/565 522/64/565 525/60/565
f 530/64/565 532/62/565 533/60/565
f 524/62/565 520/70/565 522/64/565
f 530/64/565 528/70/565 532/62/565
o Cube.006
v -92.117516 516.569092 3.726493
v -92.117516 516.569092 4.131548
v -94.621498 473.913300 3.726493
v -93.381317 516.605774 4.131548
v -93.357697 473.876587 3.726493
v -93.357697 473.876587 4.131548
v -94.621498 473.913300 4.131548
v -93.381317 516.605774 3.726493
v -120.380768 517.390137 3.726497
v -120.380768 517.390137 4.131553
v -120.357147 474.660889 3.726497
v -119.116966 517.353394 4.131552
v -121.620949 474.697601 3.726497
v -121.620949 474.697601 4.131553
v -120.357147 474.660889 4.131552
v -119.116966 517.353394 3.726497
vn -0.0000 -0.0000 -1.0000
vn -0.0290 -0.9996 -0.0000
vn 0.9996 -0.0290 -0.0000
vn -0.0000 -0.0000 1.0000
vn 0.0290 0.9996 -0.0000
vn -0.9996 0.0290 -0.0000
vt 0.125000 0.738821
vt 0.375000 0.738821
vt 0.375000 0.750000
vt 0.625000 0.738821
vt 0.375000 1.000000
vt 0.625000 0.750000
vt 0.125000 0.750000
vt 0.875000 0.738821
vt 0.625000 0.011179
vt 0.375000 0.011179
vt 0.625000 0.000000
vt 0.375000 0.000000
vt 0.625000 1.000000
vt 0.875000 0.750000
s 1
usemtl Material.001
f 542/71/568 545/72/568 550/71/568
f 539/73/569 541/74/569 537/72/569
f 535/75/570 540/76/570 539/73/570
f 535/77/568 537/72/568 542/71/568
f 546/79/572 542/80/572 550/80/572
f 542/80/572 536/81/572 535/82/572
f 541/74/569 545/72/569 537/72/569
f 549/74/569 547/73/569 545/72/569
f 548/76/573 543/75/573 547/73/573
f 545/72/568 543/77/568 550/71/568
f 544/81/572 550/80/572 543/82/572
f 538/78/571 549/74/571 541/74/571
f 542/71/568 537/72/568 545/72/568
f 539/73/569 540/76/569 541/74/569
f 535/75/570 536/83/570 540/76/570
f 535/77/568 539/73/568 537/72/568
f 546/79/572 538/79/572 542/80/572
f 542/80/572 538/79/572 536/81/572
f 541/74/569 549/74/569 545/72/569
f 549/74/569 548/76/569 547/73/569
f 548/76/573 544/83/573 543/75/573
f 545/72/568 547/73/568 543/77/568
f 544/81/572 546/79/572 550/80/572
f 538/78/571 546/78/571 549/74/571
usemtl Material.002
f 540/76/571 538/78/571 541/74/571
f 546/78/571 548/76/571 549/74/571
f 540/76/571 536/84/571 538/78/571
f 546/78/571 544/84/571 548/76/571
o Cube.007
v -91.713570 530.182434 3.934413
v -91.713791 530.182556 4.341108
v -92.965561 530.215454 4.132154
v -92.965530 530.215454 3.726914
v -119.964973 530.999756 4.094560
v -119.964973 530.999756 4.499615
v -118.701164 530.963074 4.146486
v -118.701164 530.963074 3.741431
v -91.893150 535.168335 3.934412
v -91.893379 535.168457 4.341108
v -93.139099 535.036255 4.131548
v -93.139099 535.036255 3.726493
v -120.010284 532.293213 4.033581
v -120.010284 532.293213 4.438637
v -118.752487 532.421631 4.133681
v -118.752487 532.421631 3.728626
v -92.721344 540.088257 3.934413
v -92.721581 540.088440 4.341109
v -93.939812 539.793274 4.131548
v -93.939812 539.793274 3.726493
v -120.223877 533.569702 3.975437
v -120.223877 533.569702 4.380493
v -118.993561 533.861023 4.131552
v -118.993561 533.861023 3.726497
v -94.184021 544.858215 3.934413
v -94.184250 544.858337 4.341108
v -95.354004 544.405273 4.131548
v -95.354004 544.405273 3.726493
v -120.602097 534.807434 3.952125
v -120.602097 534.807434 4.357181
v -119.420273 535.256653 4.131552
v -119.420273 535.256653 3.726497
v -96.256203 549.396667 3.934412
v -96.256424 549.396790 4.341108
v -97.357506 548.793457 4.131549
v -97.357506 548.793457 3.726494
v -121.138481 535.985291 3.952126
v -121.138481 535.985291 4.357181
v -120.025330 536.584778 4.131552
v -120.025330 536.584778 3.726497
v -98.902496 553.626160 3.934414
v -98.902725 553.626282 4.341109
v -99.916115 552.882935 4.131549
v -99.916115 552.882935 3.726494
v -121.823875 537.083130 3.952126
v -121.823875 537.083130 4.357181
v -120.798409 537.822693 4.131552
v -120.798409 537.822693 3.726497
v -102.077713 557.474487 3.934414
v -102.077942 557.474609 4.341110
v -102.986137 556.603882 4.131550
v -102.986137 556.603882 3.726495
v -122.646584 538.082214 3.952126
v -122.646584 538.082214 4.357181
v -121.726303 538.949158 4.131553
v -121.726303 538.949158 3.726497
v -105.727631 560.875916 3.934415
v -105.727859 560.876038 4.341110
v -106.515152 559.892700 4.131550
v -106.515152 559.892700 3.726495
v -123.592537 538.965454 3.952126
v -123.592537 538.965454 4.357182
v -122.793167 539.945068 4.131553
v -122.793167 539.945068 3.726497
v -109.789932 563.772339 3.934415
v -109.790161 563.772522 4.341110
v -110.442894 562.693298 4.131551
v -110.442894 562.693298 3.726496
v -124.645599 539.717896 3.952126
v -124.645599 539.717896 4.357181
v -123.980789 540.793335 4.131553
v -123.980789 540.793335 3.726498
v -114.195229 566.114380 3.934416
v -114.195465 566.114502 4.341111
v -114.702278 564.957764 4.131552
v -114.702278 564.957764 3.726496
v -125.787773 540.326538 3.977734
v -125.787773 540.326538 4.382790
v -125.268875 541.479492 4.131553
v -125.268875 541.479492 3.726498
v -118.868309 567.861938 3.934417
v -118.868546 567.862061 4.341113
v -119.220581 566.647461 4.131552
v -119.220581 566.647461 3.726497
v -126.999565 540.781067 4.036031
v -126.999565 540.781067 4.441087
v -126.635445 541.991821 4.133963
v -126.635445 541.991821 3.728907
v -123.729362 568.985229 3.934417
v -123.729599 568.985352 4.341113
v -123.920700 567.733643 4.132337
v -123.920670 567.733582 3.727045
v -128.260284 541.073669 4.097082
v -128.260284 541.073669 4.502138
v -128.057144 542.321594 4.147273
v -128.057144 542.321594 3.742218
v -128.695389 569.464966 3.934417
v -128.695618 569.465088 4.341114
v -128.722458 568.197632 4.135576
v -128.722382 568.197632 3.729944
v -129.548386 541.199402 4.158700
v -129.548386 541.199402 4.563756
v -129.509720 542.463135 4.173181
v -129.509720 542.463135 3.768126
v -128.722382 568.197632 3.729944
v -128.695389 569.464966 3.934417
v -93.361267 516.592041 3.726493
v -93.361267 516.592041 4.131548
v -129.509720 542.463135 3.768126
v -129.548386 541.199402 4.158700
v -129.548386 541.199402 4.563756
v -129.509720 542.463135 4.173181
v -138.579056 568.499207 3.726500
v -138.540375 569.762939 3.726500
v -138.540375 569.762939 4.131556
v -138.579056 568.499207 4.131556
v -139.366562 542.764771 3.726500
v -139.405228 541.501038 3.726500
v -139.405228 541.501038 4.131556
v -139.366562 542.764771 4.131556
v -92.097458 516.555298 3.726493
v -92.097458 516.555298 4.131548
v -119.096916 517.339661 3.726497
v -119.096916 517.339661 4.131552
v -120.360718 517.376343 3.726497
v -120.360718 517.376343 4.131552
v -91.713570 530.182434 3.934413
v -91.713791 530.182556 4.341108
v -91.893150 535.168335 3.934412
v -91.893379 535.168457 4.341108
v -91.893150 535.168335 3.934412
v -91.893379 535.168457 4.341108
v -92.721344 540.088257 3.934413
v -92.721581 540.088440 4.341109
v -94.184021 544.858215 3.934413
v -94.184250 544.858337 4.341108
v -96.256203 549.396667 3.934412
v -96.256424 549.396790 4.341108
v -98.902496 553.626160 3.934414
v -98.902725 553.626282 4.341109
v -102.077713 557.474487 3.934414
v -102.077942 557.474609 4.341110
v -105.727631 560.875916 3.934415
v -105.727859 560.876038 4.341110
v -109.789932 563.772339 3.934415
v -109.790161 563.772522 4.341110
v -114.195229 566.114380 3.934416
v -114.195465 566.114502 4.341111
v -118.868309 567.861938 3.934417
v -118.868546 567.862061 4.341113
v -123.729362 568.985229 3.934417
v -123.729599 568.985352 4.341113
v -128.695618 569.465088 4.341114
v -128.695389 569.464966 3.934417
v -91.713570 530.182434 3.934413
v -91.713791 530.182556 4.341108
v -91.893150 535.168335 3.934412
v -91.893379 535.168457 4.341108
v -91.713570 530.182434 3.934413
v -91.713791 530.182556 4.341108
v -91.893150 535.168335 3.934412
v -91.893379 535.168457 4.341108
v -91.713570 530.182434 3.934413
v -91.713791 530.182556 4.341108
v -91.893150 535.168335 3.934412
v -91.893379 535.168457 4.341108
v -88.843781 537.670593 3.933780
v -88.844017 537.670776 4.340470
v -89.671982 542.590515 3.933781
v -89.672218 542.590698 4.340469
v -91.134659 547.360474 3.933780
v -91.134895 547.360596 4.340470
v -93.206841 551.898926 3.933781
v -93.207077 551.899109 4.340470
v -95.853134 556.128479 3.933780
v -95.853363 556.128601 4.340469
v -99.028358 559.976807 3.933781
v -99.028580 559.976929 4.340470
v -102.678276 563.378235 3.933782
v -102.678505 563.378357 4.340471
v -106.740570 566.274658 3.933782
v -106.740807 566.274780 4.340472
v -111.145866 568.616638 3.933783
v -111.146103 568.616821 4.340472
v -115.818954 570.364197 3.933784
v -115.819183 570.364380 4.340473
v -120.680008 571.487488 3.933784
v -120.680237 571.487610 4.340474
v -125.646263 571.967407 4.340475
v -125.646027 571.967285 3.933785
v -88.664207 532.684692 3.933780
v -88.664436 532.684814 4.340469
v -88.843781 537.670593 3.933780
v -88.844017 537.670776 4.340470
v -103.459625 562.758728 4.259444
v -104.231773 562.136230 4.428495
v -104.984283 561.507568 4.259651
v -101.334366 558.106140 4.259651
v -100.581848 558.734802 4.428494
v -99.809700 559.357300 4.259444
v -126.427368 571.347778 4.664503
v -127.199532 570.725342 4.833554
v -127.952042 570.096619 4.664710
v -127.952042 570.096619 4.259655
v -127.199532 570.725342 4.428498
v -126.427368 571.347778 4.259447
v -91.916000 546.740967 4.259443
v -92.688171 546.118530 4.428493
v -93.440674 545.489807 4.259649
v -91.977989 540.719910 4.259649
v -91.225487 541.348572 4.428493
v -90.453331 541.971069 4.259444
v -103.459625 562.758728 4.664500
v -104.231773 562.136230 4.833550
v -104.984283 561.507568 4.664706
v -109.046585 564.403992 4.664708
v -108.294067 565.032715 4.833551
v -107.521912 565.655151 4.664500
v -116.600296 569.744690 4.664502
v -117.372452 569.122253 4.833552
v -118.124962 568.493530 4.664708
v -122.986015 569.616821 4.664710
v -122.233505 570.245544 4.833553
v -121.461349 570.867981 4.664502
v -93.440674 545.489807 4.664704
v -92.688171 546.118530 4.833549
v -91.916000 546.740967 4.664498
v -90.453331 541.971069 4.664498
v -91.225487 541.348572 4.833548
v -91.977989 540.719910 4.664705
v -122.986015 569.616821 4.259654
v -122.233505 570.245544 4.428497
v -121.461349 570.867981 4.259447
v -99.809700 559.357300 4.664499
v -100.581848 558.734802 4.833549
v -101.334366 558.106140 4.664706
v -93.988190 551.279419 4.259443
v -94.760345 550.656982 4.428493
v -95.512848 550.028320 4.259650
v -95.512848 550.028320 4.664705
v -94.760345 550.656982 4.833549
v -93.988190 551.279419 4.664498
v -113.451881 566.746033 4.259653
v -112.699371 567.374695 4.428496
v -111.927216 567.997131 4.259447
v -116.600296 569.744690 4.259447
v -117.372452 569.122253 4.428497
v -118.124962 568.493530 4.259653
v -113.451881 566.746033 4.664708
v -112.699371 567.374695 4.833551
v -111.927216 567.997131 4.664502
v -98.159142 554.257812 4.259650
v -97.406631 554.886536 4.428494
v -96.634483 555.508972 4.259443
v -109.046585 564.403992 4.259652
v -108.294075 565.032715 4.428495
v -107.521912 565.655151 4.259445
v -98.159142 554.257812 4.664705
v -97.406631 554.886536 4.833549
v -96.634483 555.508972 4.664498
v -91.149796 535.799988 4.664704
v -90.397285 536.428650 4.833548
v -89.625137 537.051147 4.664499
v -89.625137 537.051147 4.259444
v -90.397285 536.428650 4.428493
v -91.149796 535.799988 4.259649
v -90.970215 530.814026 4.664704
v -90.217712 531.442749 4.833548
v -89.445557 532.065186 4.664499
v -89.445557 532.065186 4.259443
v -90.217712 531.442749 4.428493
v -90.970215 530.814026 4.259649
v -91.149796 535.799988 4.259649
v -90.397285 536.428650 4.428493
v -89.625137 537.051147 4.259444
v -89.625137 537.051147 4.664499
v -90.397285 536.428650 4.833548
v -91.149796 535.799988 4.664704
v -119.964973 530.999756 4.499615
v -120.010284 532.293213 4.438637
v -120.223877 533.569702 4.380493
v -120.602097 534.807434 4.357181
v -121.138481 535.985291 4.357181
v -121.823875 537.083130 4.357181
v -122.646584 538.082214 4.357181
v -123.592537 538.965454 4.357182
v -124.645599 539.717896 4.357181
v -125.787773 540.326538 4.382790
v -126.999565 540.781067 4.441087
v -128.260284 541.073669 4.502138
v -129.548386 541.199402 4.563756
v -129.548386 541.199402 4.563756
v -119.964973 530.999756 4.499615
v -120.010284 532.293213 4.438637
v -120.223877 533.569702 4.380493
v -120.602097 534.807434 4.357181
v -121.138481 535.985291 4.357181
v -121.823875 537.083130 4.357181
v -122.646584 538.082214 4.357181
v -123.592537 538.965454 4.357182
v -124.645599 539.717896 4.357181
v -125.787773 540.326538 4.382790
v -126.999565 540.781067 4.441087
v -128.260284 541.073669 4.502138
v -129.548386 541.199402 4.563756
v -129.548386 541.199402 4.563756
v -119.964973 530.999756 4.499615
v -120.010284 532.293213 4.438637
v -120.223877 533.569702 4.380493
v -120.602097 534.807434 4.357181
v -121.138481 535.985291 4.357181
v -121.823875 537.083130 4.357181
v -122.646584 538.082214 4.357181
v -123.592537 538.965454 4.357182
v -124.645599 539.717896 4.357181
v -125.787773 540.326538 4.382790
v -126.999565 540.781067 4.441087
v -128.260284 541.073669 4.502138
v -129.548386 541.199402 4.563756
v -129.548386 541.199402 4.563756
v -119.964973 530.999756 4.499615
v -120.010284 532.293213 4.438637
v -120.223877 533.569702 4.380493
v -120.602097 534.807434 4.357181
v -121.138481 535.985291 4.357181
v -121.823875 537.083130 4.357181
v -122.646584 538.082214 4.357181
v -123.592537 538.965454 4.357182
v -124.645599 539.717896 4.357181
v -125.787773 540.326538 4.382790
v -126.999565 540.781067 4.441087
v -128.260284 541.073669 4.502138
v -129.548386 541.199402 4.563756
v -129.548386 541.199402 4.563756
v -120.010284 532.293213 4.438637
v -119.964973 530.999756 4.499615
v -119.964973 530.999756 4.094560
v -120.010284 532.293213 4.033581
v -120.602097 534.807434 3.952125
v -120.223877 533.569702 3.975437
v -120.223877 533.569702 4.380493
v -120.602097 534.807434 4.357181
v -121.823875 537.083130 4.357181
v -121.138481 535.985291 4.357181
v -121.138481 535.985291 3.952126
v -121.823875 537.083130 3.952126
v -123.592537 538.965454 3.952126
v -122.646584 538.082214 3.952126
v -122.646584 538.082214 4.357181
v -123.592537 538.965454 4.357182
v -124.645599 539.717896 3.952126
v -124.645599 539.717896 4.357181
v -125.787773 540.326538 4.382790
v -125.787773 540.326538 3.977734
v -126.999565 540.781067 4.036031
v -126.999565 540.781067 4.441087
v -128.260284 541.073669 4.097082
v -128.260284 541.073669 4.502138
v -129.548386 541.199402 4.158700
v -129.548386 541.199402 4.563756
v -120.010284 532.293213 4.438637
v -119.964973 530.999756 4.499615
v -119.964973 530.999756 4.094560
v -120.010284 532.293213 4.033581
v -120.602097 534.807434 3.952125
v -120.223877 533.569702 3.975437
v -120.223877 533.569702 4.380493
v -120.602097 534.807434 4.357181
v -121.823875 537.083130 4.357181
v -121.138481 535.985291 4.357181
v -121.138481 535.985291 3.952126
v -121.823875 537.083130 3.952126
v -123.592537 538.965454 3.952126
v -122.646584 538.082214 3.952126
v -122.646584 538.082214 4.357181
v -123.592537 538.965454 4.357182
v -124.645599 539.717896 3.952126
v -124.645599 539.717896 4.357181
v -125.787773 540.326538 4.382790
v -125.787773 540.326538 3.977734
v -126.999565 540.781067 4.036031
v -126.999565 540.781067 4.441087
v -128.260284 541.073669 4.097082
v -128.260284 541.073669 4.502138
v -132.505569 541.285278 4.195429
v -132.505569 541.285278 4.600485
v -123.062042 529.793884 4.499616
v -123.016731 528.500488 4.529870
v -123.016731 528.500488 4.124815
v -123.062042 529.793884 4.094561
v -123.653854 532.308105 3.975439
v -123.275635 531.070374 4.033582
v -123.275635 531.070374 4.438638
v -123.653854 532.308105 4.380494
v -124.875641 534.583801 4.357181
v -124.190247 533.485962 4.357181
v -124.190247 533.485962 3.952126
v -124.875641 534.583801 3.952126
v -126.644295 536.466187 3.952127
v -125.698334 535.582886 3.952127
v -125.698334 535.582886 4.357182
v -126.644295 536.466187 4.357182
v -127.697350 537.218567 3.977735
v -127.697350 537.218567 4.382790
v -128.839539 537.827209 4.441087
v -128.839539 537.827209 4.036032
v -130.051331 538.281738 4.097082
v -130.051331 538.281738 4.502138
v -131.312042 538.574402 4.172094
v -131.312042 538.574402 4.577150
v -132.600143 538.700073 4.195428
v -132.600143 538.700073 4.600484
v -120.040611 528.395996 4.152510
v -120.040611 528.395996 4.482579
v -123.016731 528.500488 4.124815
v -123.016731 528.500488 4.529870
v -120.773224 531.668396 4.704611
v -121.536163 531.043518 4.885457
v -122.299110 530.418701 4.704612
v -130.549103 539.199219 4.299558
v -129.786148 539.824036 4.480403
v -129.023224 540.448853 4.299558
v -126.934410 537.843384 4.299557
v -126.171471 538.468201 4.480403
v -125.408539 539.093079 4.299558
v -126.550713 539.701721 4.299558
v -127.313652 539.076904 4.480403
v -128.076584 538.452026 4.299557
v -123.427307 534.110779 4.299557
v -122.664360 534.735596 4.480402
v -121.901421 535.360413 4.299556
v -132.576508 539.346436 4.395401
v -132.552856 539.992676 4.480404
v -132.529221 540.639038 4.395402
v -132.529221 540.639038 4.800457
v -132.552856 539.992676 4.885459
v -132.576508 539.346436 4.800457
v -124.112701 535.208618 4.299557
v -123.349754 535.833435 4.480402
v -122.586823 536.458252 4.299557
v -123.409515 537.457397 4.299556
v -124.172462 536.832581 4.480402
v -124.935402 536.207703 4.299557
v -122.512703 531.695190 4.299557
v -121.749756 532.320007 4.480402
v -120.986824 532.944824 4.299557
v -121.365036 534.182556 4.299556
v -122.127975 533.557739 4.480402
v -122.890915 532.932922 4.299557
v -122.512703 531.695190 4.704612
v -121.749756 532.320007 4.885457
v -120.986824 532.944824 4.704612
v -123.409515 537.457397 4.704611
v -124.172462 536.832581 4.885458
v -124.935402 536.207703 4.704612
v -125.881355 537.091003 4.704612
v -125.118416 537.715820 4.885458
v -124.355476 538.340637 4.704613
v -129.023224 540.448853 4.704613
v -129.786163 539.824036 4.885459
v -130.549103 539.199219 4.704614
v -121.365036 534.182556 4.704611
v -122.127975 533.557739 4.885458
v -122.890915 532.932922 4.704612
v -123.427307 534.110779 4.704612
v -122.664360 534.735596 4.885458
v -121.901421 535.360413 4.704612
v -126.550713 539.701721 4.704613
v -127.313652 539.076904 4.885458
v -128.076584 538.452026 4.704613
v -129.288376 538.906555 4.704613
v -128.525436 539.531433 4.885458
v -127.762505 540.156250 4.704614
v -122.299110 530.418701 4.299557
v -121.536163 531.043518 4.480402
v -120.773224 531.668396 4.299557
v -120.727913 530.374939 4.704611
v -121.490845 529.750122 4.885457
v -122.253792 529.125305 4.704612
v -127.762505 540.156250 4.299558
v -128.525436 539.531433 4.480403
v -129.288391 538.906555 4.299557
v -125.408539 539.093079 4.704613
v -126.171478 538.468201 4.885458
v -126.934418 537.843384 4.704612
v -120.727913 530.374939 4.299557
v -121.490845 529.750122 4.480402
v -122.253792 529.125305 4.299557
v -124.355476 538.340637 4.299557
v -125.118416 537.715820 4.480402
v -125.881355 537.091003 4.299557
v -124.112701 535.208618 4.704612
v -123.349754 535.833435 4.885458
v -122.586823 536.458252 4.704613
v -120.784637 528.422119 4.775572
v -121.528671 528.448242 4.885457
v -122.272697 528.474365 4.775573
v -120.784637 528.422119 4.370518
v -121.528671 528.448242 4.480402
v -122.272697 528.474365 4.370518
v -120.002792 529.697876 4.482791
v -123.016731 528.500488 4.529870
v -123.016731 528.500488 4.124815
v -120.002792 529.697876 4.130478
v -120.756279 529.398499 4.335037
v -121.509758 529.099182 4.480402
v -122.263245 528.799805 4.335037
v -122.263245 528.799805 4.740092
v -121.509758 529.099182 4.885457
v -120.756279 529.398499 4.740092
vn 0.9996 -0.0282 0.0006
vn 0.9996 -0.0282 -0.0000
vn -0.0098 -0.0007 1.0000
vn -0.0819 -0.0040 0.9966
vn -0.0000 -0.0000 1.0000
vn -0.1649 -0.0082 0.9863
vn -0.0857 -0.0087 0.9963
vn 0.0851 0.0086 -0.9963
vn -0.9184 -0.3947 0.0277
vn 0.0814 0.0040 -0.9967
vn -0.0290 -0.9996 -0.0000
vn -0.9996 0.0290 -0.0000
vn 0.1252 0.0026 0.9921
vn 0.0164 -0.0031 0.9999
vn 0.0002 -0.0009 1.0000
vn -0.9872 0.1475 -0.0615
vn -0.0000 -0.0000 -1.0000
vn 0.0884 -0.6756 0.7319
vn -0.3296 0.9427 -0.0517
vn 0.1070 0.0205 0.9940
vn 0.1943 0.0648 0.9788
vn 0.2391 0.0582 0.9693
vn -0.0879 -0.0235 -0.9958
vn -0.1070 -0.0205 -0.9940
vn -0.1252 -0.0026 -0.9921
vn 0.8861 0.0902 -0.4547
vn 0.0650 -0.8660 -0.4959
vn -0.8830 0.4113 0.2262
vn -0.6832 -0.0905 0.7246
vn 0.2694 0.0113 0.9630
vn -0.0791 -0.0299 -0.9964
vn 0.0832 0.0196 -0.9963
vn 0.0799 0.0303 -0.9963
vn -0.8585 -0.2122 -0.4669
vn -0.9485 0.2660 0.1723
vn -0.7182 -0.4254 0.5506
vn -0.1641 -0.0167 0.9863
vn -0.0838 -0.0198 0.9963
vn 0.2880 0.9567 -0.0431
vn 0.1608 0.9860 -0.0431
vn 0.1609 0.9860 -0.0431
vn 0.0879 0.0235 0.9958
vn 0.0752 0.0404 -0.9964
vn -0.9021 -0.1357 -0.4097
vn -0.9584 0.2058 0.1979
vn -0.0805 -0.0305 0.9963
vn 0.0745 0.0400 0.9964
vn 0.0791 0.0299 0.9964
vn 0.1672 0.0673 0.9836
vn -0.1605 -0.0380 0.9863
vn 0.6005 -0.7790 -0.1801
vn 0.3928 0.9167 0.0731
vn -0.5587 -0.7088 0.4307
vn -0.0631 -0.9637 -0.2595
vn -0.7260 -0.6864 -0.0436
vn -0.8534 -0.5099 0.1082
vn -0.1450 -0.0781 0.9864
vn -0.0697 -0.0502 0.9963
vn -0.0758 -0.0407 0.9963
vn 0.8111 0.5833 -0.0431
vn 0.8802 0.4726 -0.0431
vn -0.0745 -0.0400 -0.9964
vn 0.1548 0.0831 0.9844
vn 0.1171 -0.5949 0.7952
vn -0.1540 -0.0585 0.9863
vn -0.0245 -0.9573 0.2879
vn 0.1312 0.9835 0.1247
vn -0.2174 -0.7353 0.6420
vn 0.0686 0.0494 0.9964
vn 0.1280 0.1203 0.9844
vn 0.1426 0.1026 0.9844
vn -0.0616 -0.0579 -0.9964
vn 0.0692 0.0498 -0.9964
vn -0.0686 -0.0494 -0.9964
vn 0.0620 0.0584 -0.9964
vn -0.5899 -0.4654 -0.6599
vn -0.9605 0.1404 0.2401
vn -0.8721 -0.1824 -0.4540
vn -0.0535 -0.0654 -0.9964
vn 0.0538 0.0659 -0.9964
vn -0.2671 -0.7170 0.6439
vn 0.6327 0.7732 -0.0431
vn 0.7281 0.6842 -0.0431
vn -0.1334 -0.0962 0.9864
vn -0.0625 -0.0588 0.9963
vn 0.4103 0.9109 -0.0431
vn 0.2881 0.9566 -0.0431
vn 0.0616 0.0579 0.9964
vn -0.0543 -0.0664 0.9963
vn 0.0445 0.0719 0.9964
vn 0.0535 0.0654 0.9964
vn 0.2642 0.9598 0.0950
vn 0.1113 0.1360 0.9844
vn -0.1196 -0.1127 0.9864
vn 0.9340 0.3546 -0.0431
vn 0.8797 0.4735 -0.0431
vn 0.8798 0.4734 -0.0431
vn -0.0862 -0.1394 0.9865
vn -0.0351 -0.0779 0.9963
vn -0.0451 -0.0728 0.9963
vn -0.9913 0.1229 0.0476
vn 0.7420 0.1081 0.6617
vn -0.7505 0.5388 0.3828
vn 0.0404 0.0822 0.9958
vn 0.0987 0.1514 0.9835
vn 0.0447 0.0722 -0.9964
vn -0.0445 -0.0719 -0.9964
vn 0.9803 0.1959 -0.0255
vn 0.9982 0.0520 -0.0309
vn -0.1038 -0.1272 0.9864
vn 0.0411 0.1013 0.9940
vn 0.1025 0.1795 0.9784
vn -0.0411 -0.1013 -0.9940
vn 0.0349 0.0773 -0.9964
vn -0.0404 -0.0822 -0.9958
vn 0.0243 0.0810 -0.9964
vn -0.8836 -0.4655 -0.0495
vn -0.8041 -0.2277 -0.5492
vn 0.0131 0.0829 -0.9965
vn -0.1540 -0.2755 0.9489
vn -0.0374 -0.1219 -0.9918
vn -0.0245 -0.0817 0.9964
vn 0.0374 0.1219 0.9918
vn -0.0000 -0.0000 -0.0000
vn -0.0672 -0.1493 0.9865
vn 0.6319 0.7739 -0.0431
vn 0.5256 0.8497 -0.0431
vn 0.5256 0.8496 -0.0431
vn -0.0131 -0.0835 0.9964
vn 0.0244 0.0897 0.9957
vn 0.8105 0.5841 -0.0431
vn -0.0258 -0.1604 0.9867
vn -0.0055 -0.0815 0.9967
vn 0.1036 0.2250 0.9688
vn 0.0931 0.9942 -0.0530
vn -0.0470 -0.1565 0.9866
vn 0.5141 0.8558 0.0581
vn 0.0162 0.9997 -0.0201
vn 0.9355 -0.3207 -0.1485
vn -0.8577 0.2195 0.4649
vn -0.0404 -0.9922 -0.1179
vn -0.6545 0.5087 -0.5593
vn 0.0817 0.2676 0.9601
vn 0.0038 -0.0007 -1.0000
vn 0.9789 0.1814 -0.0944
vn 0.0101 0.0063 -0.9999
vn -0.0443 -0.9978 -0.0493
vn 0.0067 -0.0253 -0.9997
vn 0.0303 0.9995 -0.0003
vn 0.0215 0.7115 0.7024
vn 0.0302 0.9995 -0.0000
vn -0.9995 0.0306 -0.0000
vn -0.0117 0.0924 0.9957
vn -0.0067 0.0253 0.9997
vn -0.0328 0.2960 0.9546
vn -0.0306 -0.9995 -0.0000
vn -0.0164 0.0031 -0.9999
vn -0.0038 0.0007 1.0000
vn -0.0109 -0.1533 0.9881
vn -0.0102 -0.0063 0.9999
vn 0.0097 0.0006 -1.0000
vn -0.0002 0.0009 -1.0000
vn 0.9723 0.2299 -0.0431
vn 0.9340 0.3547 -0.0431
vn 0.2524 -0.0414 -0.9667
vn 0.1331 0.2142 -0.9677
vn 0.1549 0.1892 -0.9696
vn -0.0359 -0.3712 0.9279
vn -0.0539 -0.4043 0.9130
vn -0.0508 -0.3035 0.9515
vn -0.3442 -0.0743 0.9359
vn -0.3017 -0.0508 0.9520
vn -0.2590 -0.0622 0.9639
vn -0.2291 -0.2166 0.9490
vn -0.1951 -0.1408 0.9706
vn -0.1750 -0.1647 0.9707
vn -0.3275 0.2131 0.9205
vn 0.2160 0.1167 -0.9694
vn -0.0823 -0.2697 0.9594
vn -0.1368 -0.3194 0.9377
vn -0.1091 -0.2402 0.9646
vn -0.2568 -0.1838 0.9488
vn -0.2154 -0.1164 0.9696
vn 0.1094 0.2409 -0.9644
vn -0.0309 0.8583 -0.5122
vn 0.8762 0.0316 -0.4810
vn -0.1702 -0.2833 0.9438
vn 0.0310 -0.8602 0.5090
vn 0.8745 0.0315 0.4839
vn 0.1957 0.1413 -0.9704
vn 0.7275 0.6848 -0.0431
vn 0.7274 0.6848 -0.0431
vn -0.9746 -0.2103 -0.0774
vn 0.1248 -0.5710 0.8114
vn 0.9723 0.2298 -0.0431
vn 0.6319 0.7738 -0.0431
vn -0.9330 -0.2685 0.2396
vn -0.9381 -0.3410 -0.0609
vn 0.8583 0.0309 -0.5122
vn 0.8602 0.0310 0.5090
vn -0.9501 -0.0321 0.3104
vn -0.8755 -0.4656 -0.1296
vn 0.3028 0.0510 -0.9517
vn 0.0510 0.3044 -0.9512
vn 0.0825 0.2704 -0.9592
vn 0.2598 0.0624 -0.9637
vn -0.0989 -0.3591 0.9280
vn -0.2005 -0.2494 0.9474
vn -0.1328 -0.2136 0.9679
vn -0.6474 0.7622 -0.0005
vn -0.6447 0.7644 -0.0001
vn -0.6474 0.7622 -0.0006
vn 0.1756 0.1652 -0.9705
vn -0.3135 -0.1140 0.9427
vn -0.2364 -0.0905 0.9674
vn 0.0360 0.3725 -0.9273
vn -0.1545 -0.1887 0.9698
vn 0.2371 0.0908 -0.9672
vn -0.2847 -0.1500 0.9468
vn 0.2994 0.1177 0.9468
vn 0.2167 0.1159 0.9693
vn 0.2375 0.0890 0.9673
vn -0.6214 0.7835 -0.0005
vn -0.6241 0.7814 -0.0001
vn -0.6250 0.7806 -0.0000
vn -0.2174 -0.1163 -0.9691
vn -0.3007 -0.1182 -0.9464
vn -0.2382 -0.0892 -0.9671
vn 0.6241 -0.7814 0.0001
vn 0.6214 -0.7835 0.0005
vn 0.6250 -0.7806 -0.0000
vn 0.1766 0.1667 0.9701
vn 0.2013 0.2425 0.9490
vn 0.1558 0.1921 0.9689
vn -0.0410 -0.4240 -0.9048
vn -0.0482 -0.3177 -0.9470
vn -0.0276 -0.2853 -0.9581
vn 0.3253 0.0825 0.9420
vn 0.2596 0.0596 0.9639
vn -0.2022 -0.2436 -0.9486
vn -0.1771 -0.1672 -0.9699
vn -0.1563 -0.1927 -0.9687
vn -0.3267 -0.0829 -0.9415
vn -0.2603 -0.0598 -0.9637
vn 0.1747 0.2743 0.9456
vn 0.1337 0.2187 0.9666
vn 0.0814 0.2795 0.9567
vn 0.0741 0.3872 0.9190
vn 0.0480 0.3167 0.9473
vn 0.6474 -0.7622 0.0005
vn 0.6447 -0.7644 0.0001
vn 0.6437 -0.7652 -0.0000
vn 0.9732 0.2301 0.0005
vn 0.9861 0.1660 0.0005
vn 0.9349 0.3550 0.0004
vn 0.8113 0.5846 0.0003
vn 0.8806 0.4739 0.0004
vn 0.7281 0.6854 0.0002
vn 0.8113 0.5847 0.0003
vn 0.5261 0.8504 -0.0000
vn 0.6325 0.7746 0.0001
vn 0.6325 0.7745 0.0001
vn 0.7281 0.6855 0.0002
vn 0.4107 0.9118 -0.0001
vn 0.2884 0.9575 -0.0002
vn 0.0962 0.9954 -0.0003
vn 0.1610 0.9870 -0.0002
vn 0.2883 0.9575 -0.0002
vn 0.9994 0.0360 0.0006
vn -0.3260 -0.0117 -0.9453
vn -0.3755 -0.0135 -0.9267
vn -0.2602 -0.0094 -0.9655
vn -0.1131 -0.3468 -0.9311
vn -0.1096 -0.2482 -0.9625
vn -0.0816 -0.2804 -0.9564
vn 0.3740 0.0135 0.9273
vn 0.3249 0.0117 0.9457
vn 0.2597 0.0094 0.9656
vn 0.1455 0.3082 0.9401
vn 0.1093 0.2475 0.9627
vn -0.2274 -0.2127 -0.9503
vn -0.1973 -0.1420 -0.9700
vn -0.1461 -0.3096 -0.9396
vn -0.1341 -0.2194 -0.9664
vn 0.2748 0.1502 0.9497
vn 0.1967 0.1416 0.9702
vn -0.2760 -0.1509 -0.9492
vn 0.1126 0.3453 0.9317
vn 0.2264 0.2118 0.9507
vn 0.3431 0.0578 0.9375
vn 0.2430 0.0409 0.9692
vn 0.0408 0.4222 0.9056
vn 0.0275 0.2848 0.9582
vn -0.3445 -0.0580 -0.9370
vn -0.2436 -0.0410 -0.9690
vn -0.0744 -0.3888 -0.9183
vn -0.1754 -0.2756 -0.9451
vn -0.0020 -0.0080 -1.0000
vn -0.0032 -0.0062 -1.0000
vn 0.0042 -0.0164 -0.9999
vn 0.0014 -0.0128 -0.9999
vn 0.0649 0.0109 -0.9978
vn -0.0084 0.0017 -1.0000
vn -0.0114 -0.1178 0.9930
vn -0.0042 0.0164 0.9999
vn -0.0649 -0.0109 0.9978
vn 0.0084 -0.0017 1.0000
vn 0.0052 0.0032 1.0000
vn 0.0043 0.0047 1.0000
vn -0.0014 0.0128 0.9999
vn 0.0006 0.0101 0.9999
vn 0.6344 -0.7730 -0.0000
vn -0.0062 -0.0017 -1.0000
vn -0.0052 -0.0032 -1.0000
vn 0.0062 0.0017 1.0000
vn -0.0006 -0.0101 -0.9999
vn -0.0043 -0.0047 -1.0000
vn 0.0020 0.0080 1.0000
vn 0.0032 0.0062 1.0000
vn -0.0072 -0.0002 -1.0000
vn -0.6437 0.7652 -0.0000
vn -0.6344 0.7730 -0.0000
vn 0.0072 0.0002 1.0000
vn 0.0114 0.1178 -0.9930
vn -0.3381 -0.0122 0.9410
vn -0.3890 -0.0140 0.9211
vn -0.0894 -0.0032 0.9960
vn -0.2663 -0.0096 0.9639
vn 0.0855 0.0031 0.9963
vn 0.3394 0.0122 -0.9406
vn 0.2668 0.0096 -0.9637
vn 0.0894 0.0032 -0.9960
vn -0.0855 -0.0031 -0.9963
vn 0.6474 -0.7622 0.0006
vn 0.9801 0.1958 -0.0326
vn 0.0933 0.9952 -0.0302
vn -0.3298 0.9436 -0.0282
vn 0.7281 0.6841 -0.0431
vn 0.6326 0.7732 -0.0431
vn 0.8111 0.5834 -0.0431
vn 0.8478 0.5293 -0.0325
vn -0.4577 0.8144 0.3568
vn 0.3203 0.9468 -0.0324
vn 0.4305 0.9022 -0.0258
vn 0.9380 0.3445 -0.0387
vn 0.5065 0.8615 -0.0366
vn 0.5065 0.8615 -0.0353
vn 0.3203 0.9467 -0.0341
vn 0.9979 -0.0121 -0.0629
vn 0.9972 0.0519 -0.0537
vn 0.9800 0.1958 -0.0344
vn 0.9381 0.3446 -0.0342
vn 0.9923 0.1198 -0.0318
vn -0.9115 -0.2906 0.2911
vn 0.3204 0.9470 -0.0250
vn 0.2188 0.9755 -0.0234
vn 0.9098 0.4143 -0.0265
vn -0.0023 -0.4590 0.8884
vn -0.0001 -0.0151 0.9999
vn 0.6821 0.7306 -0.0325
vn 0.9925 0.1197 -0.0236
vn -0.4143 0.9098 -0.0265
vn -0.8417 -0.4597 0.2833
vn 0.9096 0.4143 -0.0325
vn -0.8875 -0.3941 -0.2387
vn 0.0023 0.4677 -0.8839
vn -0.4616 -0.8382 0.2905
vn -0.7773 -0.5618 0.2831
vn -0.8478 -0.5293 -0.0325
vn 0.0290 0.9996 -0.0000
vn -0.7006 -0.6550 0.2831
vn 0.3202 0.9465 -0.0411
vn 0.5064 0.8614 -0.0382
vn -0.0618 -0.2339 0.9703
vn -0.0882 -0.2725 0.9581
vn -0.0976 -0.2328 0.9676
vn -0.2975 -0.1524 0.9425
vn -0.2439 -0.0901 0.9656
vn -0.2276 -0.1226 0.9660
vn 0.0199 -0.2022 0.9791
vn 0.0176 -0.2360 0.9716
vn -0.0131 -0.2320 0.9726
vn -0.1641 -0.2000 0.9660
vn -0.2421 -0.2287 0.9429
vn -0.1856 -0.1743 0.9670
vn -0.2859 -0.0347 0.9576
vn -0.2418 -0.0159 0.9702
vn -0.2476 -0.0513 0.9675
vn 0.2439 0.0901 -0.9656
vn 0.2975 0.1524 -0.9425
vn 0.2276 0.1226 -0.9660
vn -0.0176 0.2360 -0.9716
vn -0.0199 0.2022 -0.9791
vn 0.0131 0.2320 -0.9726
vn 0.1499 0.2831 -0.9473
vn 0.0976 0.2328 -0.9676
vn 0.1348 0.2220 -0.9657
vn 0.2708 0.1937 -0.9430
vn 0.2066 0.1487 -0.9671
vn -0.9993 0.0366 -0.0000
vn 0.1856 0.1743 -0.9670
vn 0.2476 0.0513 -0.9675
vn 0.3075 0.0939 -0.9469
vn -0.3786 -0.8817 0.2815
vn 0.5065 0.8616 -0.0333
vn -0.6315 -0.1534 0.7600
vn -0.6128 -0.7377 0.2833
vn 0.9798 0.1957 -0.0411
vn -0.5318 -0.7957 0.2900
vn -0.9382 -0.2018 0.2811
vn 0.0210 -0.9441 0.3289
vn -0.8838 -0.3675 0.2894
vn -0.9951 -0.0988 -0.0000
vn -0.9994 -0.0350 -0.0000
vn -0.9738 -0.2273 -0.0000
vn -0.9948 -0.1017 -0.0000
vn -0.9357 -0.3529 -0.0000
vn -0.9730 -0.2310 -0.0000
vn -0.8118 -0.5839 -0.0000
vn -0.8809 -0.4734 -0.0000
vn -0.8812 -0.4727 -0.0000
vn -0.9347 -0.3553 -0.0000
vn -0.7288 -0.6847 -0.0000
vn -0.6329 -0.7742 -0.0000
vn -0.5258 -0.8506 -0.0000
vn -0.4134 -0.9106 -0.0000
vn -0.5281 -0.8492 -0.0000
vn -0.6336 -0.7737 -0.0000
vn -0.4099 -0.9121 -0.0000
vn -0.2914 -0.9566 -0.0000
vn -0.2872 -0.9579 -0.0000
vn -0.1635 -0.9865 -0.0000
vn -0.1604 -0.9871 -0.0000
vn -0.0971 -0.9953 -0.0000
vn 0.2418 0.0159 -0.9702
vn 0.2859 0.0347 -0.9576
vn -0.2508 0.0009 0.9680
vn -0.2458 0.0450 0.9683
vn 0.0882 0.2725 -0.9581
vn 0.0618 0.2339 -0.9703
vn -0.1499 -0.2831 0.9473
vn -0.1348 -0.2220 0.9657
vn 0.2623 0.0158 0.9649
vn 0.3497 0.0090 0.9368
vn 0.3081 -0.0005 0.9513
vn 0.2421 0.2287 -0.9429
vn 0.1641 0.2000 -0.9660
vn -0.3075 -0.0939 0.9469
vn 0.2063 0.2630 -0.9425
vn 0.2458 -0.0450 -0.9683
vn 0.2508 -0.0009 -0.9680
vn 0.0365 0.2394 -0.9702
vn -0.2708 -0.1937 0.9430
vn -0.2066 -0.1487 0.9671
vn -0.2063 -0.2630 0.9425
vn -0.0365 -0.2394 0.9702
vn -0.0351 -0.9994 -0.0000
vn 0.2489 -0.0984 -0.9635
vn 0.8751 0.2971 0.3820
vn 0.1680 0.9506 0.2608
vn 0.9996 -0.0290 -0.0000
vn -0.2721 -0.0191 -0.9621
vn -0.2269 -0.0203 -0.9737
vn -0.2523 -0.0185 -0.9675
vn -0.2230 -0.0208 -0.9746
vn 0.0228 -0.0141 -0.9996
vn 0.0160 -0.0145 -0.9998
vn 0.0668 0.2582 0.9638
vn 0.0804 0.2352 0.9686
vn 0.1202 0.2799 0.9525
vn 0.0448 0.2443 0.9687
vn -0.0016 0.0134 0.9999
vn 0.0014 0.0081 1.0000
vn 0.2432 0.2274 0.9430
vn 0.2118 0.1520 0.9654
vn 0.2698 0.1950 0.9430
vn 0.1899 0.1787 0.9654
vn 0.0064 0.0040 1.0000
vn 0.0052 0.0056 1.0000
vn 0.1920 0.2873 0.9384
vn 0.1673 0.2057 0.9642
vn 0.2158 0.2598 0.9412
vn 0.1442 0.2283 0.9629
vn 0.0039 0.0071 1.0000
vn 0.0024 0.0089 1.0000
vn 0.2962 0.1618 0.9413
vn 0.2337 0.1246 0.9643
vn 0.0077 0.0024 1.0000
vn -0.0804 -0.2352 -0.9686
vn 0.0016 -0.0134 -0.9999
vn -0.0448 -0.2443 -0.9687
vn -0.0014 -0.0081 -1.0000
vn -0.2470 -0.0338 -0.9684
vn -0.2346 -0.0164 -0.9719
vn -0.0128 0.0040 -0.9999
vn 0.0063 -0.0036 -1.0000
vn -0.1673 -0.2057 -0.9642
vn -0.0039 -0.0071 -1.0000
vn -0.1442 -0.2283 -0.9629
vn -0.0024 -0.0089 -1.0000
vn 0.2517 0.0974 0.9629
vn 0.3231 0.1030 0.9408
vn 0.3188 0.1326 0.9385
vn 0.0091 0.0007 1.0000
vn 0.2559 0.0677 0.9643
vn 0.0107 -0.0014 0.9999
vn -0.1899 -0.1787 -0.9654
vn -0.0052 -0.0056 -1.0000
vn -0.0351 0.0128 0.9993
vn -0.2239 0.1120 0.9682
vn -0.2489 0.0984 0.9635
vn -0.0160 0.0145 0.9998
vn -0.0228 0.0141 0.9996
vn 0.2664 0.0191 0.9637
vn 0.1631 0.2961 0.9411
vn 0.1154 0.2376 0.9645
vn 0.0007 0.0109 0.9999
vn -0.1154 -0.2376 -0.9645
vn -0.0007 -0.0109 -0.9999
vn 0.2470 0.0338 0.9684
vn 0.2692 0.0136 0.9630
vn 0.2994 0.0644 0.9519
vn 0.0128 -0.0040 0.9999
vn 0.2504 0.0071 0.9681
vn -0.0063 0.0036 1.0000
vn -0.2559 -0.0677 -0.9643
vn -0.0107 0.0014 -0.9999
vn -0.2517 -0.0974 -0.9629
vn -0.0091 -0.0007 -1.0000
vn -0.2118 -0.1520 -0.9654
vn -0.0064 -0.0040 -1.0000
vn -0.2337 -0.1246 -0.9643
vn -0.0077 -0.0024 -1.0000
vn -0.0413 -0.2908 -0.9559
vn -0.0276 -0.2213 -0.9748
vn -0.0171 0.0124 -0.9998
vn 0.0413 0.2908 0.9559
vn 0.0276 0.2213 0.9748
vn 0.0171 -0.0124 0.9998
vn -0.1129 0.0173 0.9935
vn -0.1799 0.3888 0.9036
vn -0.0029 -0.0983 0.9951
vn 0.9355 -0.3207 0.1485
vn 0.0741 0.2924 0.9534
vn 0.0211 -0.0006 -0.9998
vn -0.0213 0.0007 0.9998
vn -0.0403 -0.4176 0.9077
vn -0.3552 -0.0598 0.9329
vn -0.6214 0.7835 -0.0006
vn 0.6214 -0.7835 0.0006
vn -0.2518 -0.1821 -0.9505
vn 0.2507 0.1813 0.9509
vn -0.0115 -0.2952 0.9554
vn 0.0115 0.2952 -0.9554
vn -0.0056 0.8962 0.4437
vn 0.2239 -0.1120 -0.9682
vt 0.375000 1.000000
vt 0.625000 0.920224
vt 0.375000 0.920224
vt 0.795224 0.750000
vt 0.875000 0.738821
vt 0.795224 0.738821
vt 0.875000 0.750000
vt 0.125000 0.738821
vt 0.125000 0.750000
vt 0.204776 0.750000
vt 0.204776 0.738821
vt 0.625000 1.000000
vt 0.625000 0.011179
vt 0.375000 0.011179
vt 0.625000 0.000000
vt 0.375000 0.000000
vt 0.875000 0.750000
vt 0.875000 0.750000
vt 0.875000 0.750000
vt 0.875000 0.750000
vt 0.875000 0.750000
vt 0.125000 0.750000
vt 0.125000 0.750000
vt 0.125000 0.750000
vt 0.875000 0.750000
vt 0.875000 0.750000
vt 0.875000 0.750000
vt 0.625000 1.000000
vt 0.875000 0.750000
vt 0.125000 0.750000
vt 0.875000 0.750000
vt 0.125000 0.750000
vt 0.375000 1.000000
vt 0.125000 0.750000
vt 0.875000 0.750000
vt 0.125000 0.750000
vt 0.125000 0.750000
vt 0.125000 0.750000
vt 0.625000 1.000000
vt 0.125000 0.750000
vt 0.875000 0.750000
vt 0.125000 0.750000
s 1
usemtl Material.001
f 551/85/574 672/86/575 671/87/575
f 562/92/581 551/93/582 554/92/583
f 658/90/584 675/94/584 657/95/584
f 676/86/585 555/85/585 675/87/585
f 611/93/589 901/93/590 619/93/591
f 553/89/577 674/90/588 658/90/578
f 652/91/590 908/91/590 644/91/592
f 574/92/596 562/92/581 566/92/597
f 566/92/597 554/92/583 558/92/598
f 553/89/577 565/89/593 557/89/586
f 560/96/599 679/85/578 559/85/600
f 563/93/601 558/92/598 555/93/602
f 582/92/604 570/92/605 574/92/596
f 578/92/606 567/93/607 570/92/605
f 579/93/608 574/92/596 571/93/609
f 632/91/612 702/91/613 640/91/614
f 561/89/580 573/89/615 565/89/593
f 571/93/609 566/92/597 563/93/601
f 570/92/605 559/93/600 562/92/581
f 586/92/616 575/93/617 578/92/606
f 587/93/618 582/92/604 579/93/608
f 577/89/619 589/89/620 581/89/621
f 563/93/601 890/93/590 571/93/609
f 631/93/624 697/93/625 623/93/626
f 569/89/611 581/89/621 573/89/615
f 607/93/627 691/93/628 599/93/629
f 596/91/633 894/91/590 588/91/634
f 590/92/635 578/92/606 582/92/604
f 619/93/591 904/93/590 627/93/637
f 647/93/639 701/93/640 639/93/641
f 606/92/645 594/92/646 598/92/647
f 602/92/648 591/93/649 594/92/646
f 585/89/632 597/89/642 589/89/620
f 595/93/650 590/92/635 587/93/618
f 594/92/646 583/93/651 586/92/616
f 598/92/647 586/92/616 590/92/635
f 614/92/652 602/92/648 606/92/645
f 610/92/653 599/93/629 602/92/648
f 611/93/589 606/92/645 603/93/654
f 612/91/655 899/91/590 604/91/656
f 624/91/659 700/91/660 632/91/612
f 593/89/631 605/89/661 597/89/642
f 603/93/654 598/92/647 595/93/650
f 619/93/591 614/92/652 611/93/589
f 609/89/662 621/89/663 613/89/664
f 639/93/641 699/93/665 631/93/624
f 595/93/650 898/93/590 603/93/654
f 576/91/668 688/91/669 584/91/670
f 601/89/658 613/89/664 605/89/661
f 643/93/674 909/93/675 651/93/676
f 618/92/679 607/93/627 610/92/653
f 622/92/680 610/92/653 614/92/652
f 572/91/681 885/91/590 564/91/682
f 638/92/686 626/92/687 630/92/688
f 634/92/689 623/93/626 626/92/687
f 591/93/649 687/93/690 583/93/651
f 617/89/673 629/89/677 621/89/663
f 619/93/591 630/92/688 622/92/680
f 626/92/687 615/93/691 618/92/679
f 630/92/688 618/92/679 622/92/680
f 642/92/692 631/93/624 634/92/689
f 635/93/693 646/92/694 638/92/686
f 633/89/695 645/89/696 637/89/684
f 564/91/682 886/91/590 556/91/697
f 608/91/699 696/91/700 616/91/701
f 625/89/672 637/89/684 629/89/677
f 627/93/637 638/92/686 630/92/688
f 641/89/702 653/89/703 645/89/696
f 584/91/670 690/91/704 592/91/704
f 646/92/694 634/92/689 638/92/686
f 644/91/592 906/91/590 636/91/708
f 623/93/626 695/93/710 615/93/691
f 652/96/590 660/85/711 651/85/676
f 653/89/578 661/91/590 652/91/712
f 654/92/713 655/92/714 650/92/715
f 643/93/674 654/92/713 646/92/694
f 650/92/715 639/93/641 642/92/692
f 654/92/713 642/92/692 646/92/694
f 651/85/676 910/96/697 652/96/590
f 667/92/717 655/92/714 659/92/718
f 663/92/719 656/93/720 655/92/714
f 668/93/721 659/92/718 660/93/711
f 648/96/722 647/85/723 664/85/724
f 651/93/676 659/92/718 654/92/713
f 650/92/715 656/93/720 647/93/639
f 670/97/725 663/98/725 667/98/725
f 663/98/725 665/99/725 664/100/725
f 669/99/725 667/98/725 668/100/725
f 669/96/729 660/85/729 661/96/729
f 558/92/598 675/94/730 555/93/602
f 662/89/726 649/89/706 670/89/731
f 554/92/583 671/94/734 657/95/590
f 554/92/583 673/95/735 558/92/598
f 568/91/736 686/91/737 576/91/668
f 559/93/600 677/93/578 551/93/582
f 552/91/697 680/91/578 560/91/599
f 551/85/582 678/96/590 552/96/697
f 693/93/738 805/93/739 747/93/740
f 689/93/750 789/106/751 687/93/690
f 695/93/710 793/93/757 805/93/739
f 706/91/758 712/91/590 708/91/759
f 707/93/761 709/93/578 705/93/762
f 691/93/628 802/107/763 689/93/750
f 559/85/600 682/96/697 560/96/599
f 640/91/614 703/91/697 648/91/697
f 592/91/704 692/91/764 600/91/765
f 575/93/617 683/93/766 567/93/607
f 648/96/697 704/85/767 647/85/639
f 599/93/629 689/93/750 591/93/649
f 677/85/578 706/96/758 678/96/590
f 560/91/599 684/91/768 568/91/736
f 600/91/765 694/91/769 608/91/699
f 680/96/578 707/85/761 679/85/578
f 615/93/691 693/93/738 607/93/627
f 567/93/607 681/93/770 559/93/600
f 679/93/578 705/93/762 677/93/578
f 616/91/701 698/91/659 624/91/659
f 678/91/590 708/91/759 680/91/578
f 583/93/651 685/93/771 575/93/617
f 710/91/772 716/91/697 712/91/590
f 711/93/773 713/93/774 709/93/578
f 712/96/590 715/85/775 711/85/773
f 709/85/578 714/96/697 710/96/772
f 683/93/766 816/93/776 681/93/770
f 699/93/665 781/93/777 798/108/778
f 685/93/771 760/93/779 683/93/766
f 703/96/783 754/85/784 704/85/785
f 691/93/628 747/93/740 748/108/786
f 701/93/640 754/106/789 781/93/777
f 687/93/690 759/93/791 685/93/771
f 697/93/625 798/108/778 793/93/757
f 705/85/762 710/96/772 706/96/758
f 708/96/759 711/85/773 707/85/761
f 744/96/796 825/85/797 826/112/798
f 787/106/799 721/93/800 757/93/801
f 820/85/802 742/96/803 819/96/804
f 740/93/808 783/106/809 756/93/810
f 729/93/813 750/93/814 745/93/815
f 739/96/796 756/85/797 751/96/798
f 757/93/801 719/93/816 762/114/817
f 682/96/823 816/85/824 811/96/825
f 719/85/826 718/96/827 717/85/827
f 721/85/828 720/96/826 719/85/826
f 723/85/830 722/96/828 721/85/828
f 727/85/831 726/96/832 725/85/829
f 731/85/833 730/96/834 729/85/835
f 729/85/835 728/96/836 727/85/831
f 733/85/837 732/96/833 731/85/833
f 735/85/838 734/96/837 733/85/837
f 740/85/839 738/96/840 737/85/840
f 737/85/840 736/96/841 735/85/838
f 743/85/842 742/96/842 741/85/842
f 825/93/843 741/93/844 820/93/845
f 735/93/846 795/106/847 796/116/848
f 727/93/854 804/93/855 750/93/814
f 733/93/856 807/116/857 795/106/847
f 804/93/855 723/93/860 787/106/799
f 814/117/802 718/96/803 813/96/804
f 762/114/817 717/93/867 814/108/868
f 737/93/869 796/116/848 783/106/809
f 731/93/870 745/93/815 807/116/857
f 806/116/871 747/93/740 805/93/739
f 807/116/857 746/93/872 806/116/871
f 782/93/873 798/108/778 781/93/777
f 783/106/809 797/93/874 782/93/873
f 760/93/779 815/93/875 816/93/776
f 761/93/876 814/108/868 815/93/875
f 815/85/885 811/96/825 816/85/824
f 815/85/885 813/96/804 812/96/885
f 802/107/763 788/118/886 789/106/751
f 803/93/887 787/106/799 788/118/886
f 794/93/889 805/93/739 793/93/757
f 795/106/847 806/116/871 794/93/889
f 748/108/786 803/93/887 802/107/763
f 750/93/814 803/93/887 749/93/890
f 797/93/874 793/93/757 798/108/778
f 796/116/848 794/93/889 797/93/874
f 759/93/791 761/93/876 760/93/779
f 758/114/893 762/114/817 761/93/876
f 753/96/894 755/85/895 754/85/784
f 751/96/798 755/85/895 752/96/895
f 746/93/872 748/108/786 747/93/740
f 745/93/815 749/93/890 746/93/872
f 755/93/897 781/93/777 754/106/789
f 756/93/810 782/93/873 755/93/897
f 789/106/751 758/114/893 759/93/791
f 788/118/886 757/93/801 758/114/893
f 715/93/775 822/93/903 713/93/774
f 823/93/904 821/93/905 822/93/903
f 824/93/906 820/93/845 821/93/905
f 822/85/824 714/96/823 713/85/907
f 821/85/885 817/112/825 822/85/824
f 821/85/885 819/96/804 818/96/885
f 716/96/783 823/85/784 715/85/785
f 828/96/894 824/85/895 823/85/784
f 826/112/798 824/85/895 827/96/895
f 564/96/682 829/96/590 830/96/590
f 572/96/908 830/96/590 831/96/590
f 636/91/909 840/91/590 644/91/910
f 604/91/911 836/91/590 612/91/912
f 596/96/913 833/96/914 834/96/590
f 644/91/910 841/91/578 652/91/915
f 628/96/916 837/96/917 838/96/590
f 628/91/916 839/91/590 636/91/909
f 572/91/908 832/91/590 580/91/918
f 661/96/590 841/96/578 842/96/590
f 612/91/912 837/91/917 620/91/919
f 596/91/913 835/91/590 604/91/911
f 580/91/918 833/91/914 588/91/634
f 838/91/590 853/91/590 839/91/590
f 831/91/590 846/91/590 832/91/590
f 839/91/590 854/91/590 840/91/590
f 834/96/590 847/96/914 848/96/590
f 840/91/590 855/91/578 841/91/578
f 832/91/590 847/91/914 833/91/914
f 842/96/590 855/96/578 856/96/590
f 834/91/590 849/91/590 835/91/590
f 835/91/590 850/91/590 836/91/590
f 838/96/590 851/96/917 852/96/590
f 830/96/590 843/96/590 844/96/590
f 836/91/590 851/91/917 837/91/917
f 831/96/590 844/96/590 845/96/590
f 846/91/590 861/91/590 847/91/914
f 856/96/590 869/96/578 870/96/590
f 848/91/590 863/91/590 849/91/590
f 849/91/590 864/91/590 850/91/590
f 852/96/590 865/96/917 866/96/590
f 844/96/590 857/96/590 858/96/590
f 850/91/590 865/91/917 851/91/917
f 845/96/590 858/96/590 859/96/590
f 852/91/590 867/91/590 853/91/590
f 845/91/590 860/91/590 846/91/590
f 853/91/590 868/91/590 854/91/590
f 848/96/590 861/96/590 862/96/590
f 854/91/590 869/91/578 855/91/578
f 866/96/590 879/96/920 880/96/921
f 858/96/590 871/96/922 872/96/923
f 864/91/590 879/91/920 865/91/917
f 859/96/590 872/96/923 873/96/924
f 866/91/590 881/91/708 867/91/590
f 859/91/590 874/91/925 860/91/590
f 867/91/590 882/91/592 868/91/590
f 862/96/590 875/96/634 876/96/633
f 868/91/590 883/91/578 869/91/578
f 860/91/590 875/91/634 861/91/590
f 870/96/590 883/96/578 884/96/590
f 862/91/590 877/91/656 863/91/590
f 863/91/590 878/91/655 864/91/590
f 888/93/926 916/93/927 890/93/590
f 906/91/590 929/91/928 903/91/929
f 894/91/590 918/91/918 892/91/930
f 910/91/931 934/91/932 908/91/578
f 900/91/933 925/91/911 899/91/590
f 891/91/934 911/91/923 885/91/590
f 889/93/935 921/93/936 895/93/937
f 907/93/938 935/93/939 909/93/675
f 901/93/590 930/93/940 904/93/590
f 895/93/937 922/93/941 896/93/942
f 935/85/943 910/96/943 909/85/943
f 896/93/942 924/93/944 898/93/590
f 636/91/708 903/91/929 628/91/945
f 628/91/945 902/91/590 620/91/946
f 580/91/925 891/91/934 572/91/681
f 579/93/608 895/93/937 587/93/618
f 556/96/697 887/85/578 555/85/602
f 603/93/654 897/93/590 611/93/589
f 635/93/693 907/93/938 643/93/674
f 620/91/946 900/91/933 612/91/655
f 627/93/637 905/93/590 635/93/693
f 604/91/656 893/91/590 596/91/633
f 587/93/618 896/93/942 595/93/650
f 555/93/602 888/93/926 563/93/601
f 588/91/634 892/91/930 580/91/925
f 571/93/609 889/93/935 579/93/608
f 999/107/962 947/93/963 979/93/964
f 959/93/965 982/93/966 970/93/967
f 953/93/968 978/118/969 973/108/970
f 979/93/964 948/93/971 988/120/972
f 982/85/973 962/96/973 987/96/973
f 948/93/971 993/121/974 988/120/972
f 994/120/975 941/93/976 999/107/962
f 885/91/590 912/91/697 886/91/590
f 904/93/590 931/93/977 905/93/590
f 903/91/929 928/91/978 902/91/590
f 886/96/590 913/85/979 887/85/578
f 898/93/590 923/93/980 897/93/590
f 892/91/930 917/91/981 891/91/934
f 897/93/590 927/93/982 901/93/590
f 887/93/578 914/93/983 888/93/926
f 905/93/590 933/93/984 907/93/938
f 893/91/590 920/91/634 894/91/590
f 902/91/590 926/91/912 900/91/933
f 899/91/590 919/91/913 893/91/590
f 908/91/590 932/91/909 906/91/590
f 890/93/590 915/93/985 889/93/935
f 937/96/986 939/85/987 938/96/987
f 943/96/988 940/85/989 937/96/986
f 944/96/990 942/85/991 943/96/988
f 945/96/992 947/85/993 946/96/994
f 946/96/994 941/85/995 944/96/990
f 945/96/992 950/85/996 948/85/992
f 952/96/997 950/85/996 951/96/996
f 954/96/998 956/85/999 953/85/1000
f 952/96/997 953/85/1000 949/85/1001
f 955/96/1002 957/85/1003 956/85/999
f 958/96/1004 959/85/1005 957/85/1003
f 960/96/1006 961/85/1007 959/85/1005
f 1024/93/1008 942/93/1009 994/120/975
f 956/93/1012 1032/122/1013 978/118/969
f 950/93/1019 1041/114/1020 993/121/974
f 949/93/1022 973/108/970 1041/114/1020
f 1038/116/1023 940/93/1024 1024/93/1008
f 957/93/1025 970/93/967 1032/122/1013
f 966/96/1030 1050/85/1030 1047/96/1030
f 1057/114/1031 965/93/1032 1053/93/1033
f 1053/85/1033 966/96/697 1052/96/590
f 1051/123/1034 963/85/1034 1054/85/1034
f 963/93/1035 1055/93/1036 1054/108/1037
f 1048/93/1038 1056/93/1039 1055/93/1036
f 1049/93/1040 1057/114/1031 1056/93/1039
f 964/96/1030 1048/85/1030 963/85/1030
f 1045/96/1030 1049/85/1030 1048/85/1030
f 1047/96/1030 1049/85/1030 1046/96/1030
f 1030/93/1062 933/93/984 931/93/977
f 1031/93/1063 972/121/1064 1030/93/1062
f 1032/122/1013 971/107/1065 1031/93/1063
f 913/93/979 1026/120/1066 914/93/983
f 1036/93/1067 1025/93/1068 1026/120/1066
f 1037/108/1069 1024/93/1008 1025/93/1068
f 1039/93/1070 927/93/982 923/93/980
f 1040/93/1071 975/108/1072 1039/93/1070
f 1041/114/1020 974/124/1073 1040/93/1071
f 991/108/1080 923/93/980 924/93/944
f 992/108/1081 1039/93/1070 991/108/1080
f 993/121/974 1040/93/1071 992/108/1081
f 976/93/1091 931/93/977 930/93/940
f 977/120/1092 1030/93/1062 976/93/1091
f 978/118/969 1031/93/1063 977/120/1092
f 914/93/983 996/93/1099 916/93/927
f 1026/120/1066 995/118/1100 996/93/1099
f 1025/93/1068 994/120/975 995/118/1100
f 916/93/927 997/118/1101 915/93/985
f 996/93/1099 998/126/1102 997/118/1101
f 995/118/1100 999/107/962 998/126/1102
f 990/120/1103 924/93/944 922/93/941
f 989/120/1104 991/108/1080 990/120/1103
f 988/120/972 992/108/1081 989/120/1104
f 984/85/973 936/96/973 935/85/973
f 983/85/973 985/96/973 984/85/973
f 983/85/973 987/96/973 986/96/973
f 921/93/936 990/120/1103 922/93/941
f 981/106/1105 989/120/1104 990/120/1103
f 980/93/1106 988/120/972 989/120/1104
f 975/108/1072 930/93/940 927/93/982
f 974/124/1073 976/93/1091 975/108/1072
f 973/108/970 977/120/1092 974/124/1073
f 972/121/1064 935/93/1107 933/93/984
f 971/107/1065 984/93/1108 972/121/1064
f 970/93/967 983/93/1109 971/107/1065
f 915/93/985 981/106/1105 921/93/936
f 997/118/1101 980/93/1106 981/106/1105
f 998/126/1102 979/93/964 980/93/1106
f 1056/93/1039 1038/116/1023 1037/108/1069
f 1055/93/1036 1037/108/1069 1036/93/1067
f 1054/108/1037 1036/93/1067 913/93/979
f 912/96/1034 1054/85/1034 913/85/1034
f 939/85/1114 1052/96/590 938/96/697
f 1038/116/1023 1053/93/1033 939/93/1114
f 551/85/574 552/96/574 672/86/575
f 562/92/581 559/93/600 551/93/582
f 674/90/584 676/86/584 675/94/584
f 675/94/584 673/95/1115 657/95/584
f 657/95/584 671/87/584 672/88/584
f 658/90/584 674/90/584 675/94/584
f 657/95/584 672/88/584 658/90/584
f 676/86/585 556/96/585 555/85/585
f 611/93/589 897/93/590 901/93/590
f 553/89/577 557/89/586 674/90/588
f 652/91/590 910/91/697 908/91/590
f 574/92/596 570/92/605 562/92/581
f 566/92/597 562/92/581 554/92/583
f 553/89/577 561/89/580 565/89/593
f 560/96/599 680/96/578 679/85/578
f 563/93/601 566/92/597 558/92/598
f 582/92/604 578/92/606 570/92/605
f 578/92/606 575/93/617 567/93/607
f 579/93/608 582/92/604 574/92/596
f 632/91/612 700/91/660 702/91/613
f 561/89/580 569/89/611 573/89/615
f 571/93/609 574/92/596 566/92/597
f 570/92/605 567/93/607 559/93/600
f 586/92/616 583/93/651 575/93/617
f 587/93/618 590/92/635 582/92/604
f 577/89/619 585/89/632 589/89/620
f 563/93/601 888/93/926 890/93/590
f 631/93/624 699/93/665 697/93/625
f 569/89/611 577/89/619 581/89/621
f 607/93/627 693/93/738 691/93/628
f 596/91/633 893/91/590 894/91/590
f 590/92/635 586/92/616 578/92/606
f 619/93/591 901/93/590 904/93/590
f 647/93/639 704/93/767 701/93/640
f 606/92/645 602/92/648 594/92/646
f 602/92/648 599/93/629 591/93/649
f 585/89/632 593/89/631 597/89/642
f 595/93/650 598/92/647 590/92/635
f 594/92/646 591/93/649 583/93/651
f 598/92/647 594/92/646 586/92/616
f 614/92/652 610/92/653 602/92/648
f 610/92/653 607/93/627 599/93/629
f 611/93/589 614/92/652 606/92/645
f 612/91/655 900/91/933 899/91/590
f 624/91/659 698/91/659 700/91/660
f 593/89/631 601/89/658 605/89/661
f 603/93/654 606/92/645 598/92/647
f 619/93/591 622/92/680 614/92/652
f 609/89/662 617/89/673 621/89/663
f 639/93/641 701/93/640 699/93/665
f 595/93/650 896/93/942 898/93/590
f 576/91/668 686/91/737 688/91/669
f 601/89/658 609/89/662 613/89/664
f 643/93/674 907/93/938 909/93/675
f 618/92/679 615/93/691 607/93/627
f 622/92/680 618/92/679 610/92/653
f 572/91/681 891/91/934 885/91/590
f 638/92/686 634/92/689 626/92/687
f 634/92/689 631/93/624 623/93/626
f 591/93/649 689/93/750 687/93/690
f 617/89/673 625/89/672 629/89/677
f 619/93/591 627/93/637 630/92/688
f 626/92/687 623/93/626 615/93/691
f 630/92/688 626/92/687 618/92/679
f 642/92/692 639/93/641 631/93/624
f 635/93/693 643/93/674 646/92/694
f 633/89/695 641/89/702 645/89/696
f 564/91/682 885/91/590 886/91/590
f 608/91/699 694/91/769 696/91/700
f 625/89/672 633/89/695 637/89/684
f 627/93/637 635/93/693 638/92/686
f 641/89/702 649/89/706 653/89/703
f 584/91/670 688/91/669 690/91/704
f 646/92/694 642/92/692 634/92/689
f 644/91/592 908/91/590 906/91/590
f 623/93/626 697/93/625 695/93/710
f 652/96/590 661/96/697 660/85/711
f 653/89/578 662/89/1116 661/91/590
f 654/92/713 659/92/718 655/92/714
f 643/93/674 651/93/676 654/92/713
f 650/92/715 647/93/639 639/93/641
f 654/92/713 650/92/715 642/92/692
f 651/85/676 909/85/675 910/96/697
f 667/92/717 663/92/719 655/92/714
f 663/92/719 664/93/1118 656/93/720
f 668/93/721 667/92/717 659/92/718
f 664/85/724 665/96/724 648/96/722
f 647/85/723 656/85/578 664/85/724
f 651/93/676 660/93/711 659/92/718
f 650/92/715 655/92/714 656/93/720
f 670/97/725 666/97/725 663/98/725
f 663/98/725 666/97/725 665/99/725
f 669/99/725 670/97/725 667/98/725
f 669/96/729 668/85/729 660/85/729
f 558/92/598 673/95/735 675/94/730
f 649/89/706 666/89/733 670/89/731
f 662/89/726 653/89/703 649/89/706
f 554/92/583 551/93/582 671/94/734
f 554/92/583 657/95/590 673/95/735
f 568/91/736 684/91/768 686/91/737
f 559/93/600 679/93/578 677/93/578
f 552/91/697 678/91/590 680/91/578
f 551/85/582 677/85/578 678/96/590
f 693/93/738 695/93/710 805/93/739
f 689/93/750 802/107/763 789/106/751
f 695/93/710 697/93/625 793/93/757
f 706/91/758 710/91/772 712/91/590
f 707/93/761 711/93/773 709/93/578
f 691/93/628 748/108/786 802/107/763
f 559/85/600 681/85/770 682/96/697
f 640/91/614 702/91/613 703/91/697
f 592/91/704 690/91/704 692/91/764
f 575/93/617 685/93/771 683/93/766
f 648/96/697 703/96/697 704/85/767
f 599/93/629 691/93/628 689/93/750
f 677/85/578 705/85/762 706/96/758
f 560/91/599 682/91/697 684/91/768
f 600/91/765 692/91/764 694/91/769
f 680/96/578 708/96/759 707/85/761
f 615/93/691 695/93/710 693/93/738
f 567/93/607 683/93/766 681/93/770
f 679/93/578 707/93/761 705/93/762
f 616/91/701 696/91/700 698/91/659
f 678/91/590 706/91/758 708/91/759
f 583/93/651 687/93/690 685/93/771
f 710/91/772 714/91/697 716/91/697
f 711/93/773 715/93/775 713/93/774
f 712/96/590 716/96/697 715/85/775
f 709/85/578 713/85/774 714/96/697
f 683/93/766 760/93/779 816/93/776
f 699/93/665 701/93/640 781/93/777
f 685/93/771 759/93/791 760/93/779
f 703/96/783 753/96/894 754/85/784
f 691/93/628 693/93/738 747/93/740
f 701/93/640 704/93/767 754/106/789
f 687/93/690 789/106/751 759/93/791
f 697/93/625 699/93/665 798/108/778
f 705/85/762 709/85/578 710/96/772
f 708/96/759 712/96/590 711/85/773
f 744/96/796 743/85/1122 825/85/797
f 787/106/799 723/93/860 721/93/800
f 820/85/802 741/85/1123 742/96/803
f 740/93/808 737/93/869 783/106/809
f 729/93/813 727/93/854 750/93/814
f 739/96/796 740/85/1122 756/85/797
f 757/93/801 721/93/800 719/93/816
f 682/96/823 681/85/907 816/85/824
f 719/85/826 720/96/826 718/96/827
f 721/85/828 722/96/828 720/96/826
f 723/85/830 724/96/830 722/96/828
f 727/85/831 728/96/836 726/96/832
f 731/85/833 732/96/833 730/96/834
f 729/85/835 730/96/834 728/96/836
f 733/85/837 734/96/837 732/96/833
f 735/85/838 736/96/841 734/96/837
f 740/85/839 739/96/839 738/96/840
f 737/85/840 738/96/840 736/96/841
f 743/85/842 744/96/842 742/96/842
f 825/93/843 743/93/844 741/93/844
f 735/93/846 733/93/856 795/106/847
f 727/93/854 725/93/1124 804/93/855
f 733/93/856 731/93/870 807/116/857
f 804/93/855 725/93/1124 723/93/860
f 814/117/802 717/85/1123 718/96/803
f 762/114/817 719/93/816 717/93/867
f 737/93/869 735/93/846 796/116/848
f 731/93/870 729/93/813 745/93/815
f 806/116/871 746/93/872 747/93/740
f 807/116/857 745/93/815 746/93/872
f 782/93/873 797/93/874 798/108/778
f 783/106/809 796/116/848 797/93/874
f 760/93/779 761/93/876 815/93/875
f 761/93/876 762/114/817 814/108/868
f 815/85/885 812/96/885 811/96/825
f 815/85/885 814/117/802 813/96/804
f 802/107/763 803/93/887 788/118/886
f 803/93/887 804/93/855 787/106/799
f 794/93/889 806/116/871 805/93/739
f 795/106/847 807/116/857 806/116/871
f 748/108/786 749/93/890 803/93/887
f 750/93/814 804/93/855 803/93/887
f 797/93/874 794/93/889 793/93/757
f 796/116/848 795/106/847 794/93/889
f 759/93/791 758/114/893 761/93/876
f 758/114/893 757/93/801 762/114/817
f 753/96/894 752/96/895 755/85/895
f 751/96/798 756/85/797 755/85/895
f 746/93/872 749/93/890 748/108/786
f 745/93/815 750/93/814 749/93/890
f 755/93/897 782/93/873 781/93/777
f 756/93/810 783/106/809 782/93/873
f 789/106/751 788/118/886 758/114/893
f 788/118/886 787/106/799 757/93/801
f 715/93/775 823/93/904 822/93/903
f 823/93/904 824/93/906 821/93/905
f 824/93/906 825/93/843 820/93/845
f 822/85/824 817/112/825 714/96/823
f 821/85/885 818/96/885 817/112/825
f 821/85/885 820/85/802 819/96/804
f 716/96/783 828/96/894 823/85/784
f 828/96/894 827/96/895 824/85/895
f 826/112/798 825/85/797 824/85/895
f 564/96/682 556/96/590 829/96/590
f 572/96/908 564/96/682 830/96/590
f 636/91/909 839/91/590 840/91/590
f 604/91/911 835/91/590 836/91/590
f 596/96/913 588/96/634 833/96/914
f 644/91/910 840/91/590 841/91/578
f 628/96/916 620/96/919 837/96/917
f 628/91/916 838/91/590 839/91/590
f 572/91/908 831/91/590 832/91/590
f 661/96/590 652/96/915 841/96/578
f 612/91/912 836/91/590 837/91/917
f 596/91/913 834/91/590 835/91/590
f 580/91/918 832/91/590 833/91/914
f 838/91/590 852/91/590 853/91/590
f 831/91/590 845/91/590 846/91/590
f 839/91/590 853/91/590 854/91/590
f 834/96/590 833/96/914 847/96/914
f 840/91/590 854/91/590 855/91/578
f 832/91/590 846/91/590 847/91/914
f 842/96/590 841/96/578 855/96/578
f 834/91/590 848/91/590 849/91/590
f 835/91/590 849/91/590 850/91/590
f 838/96/590 837/96/917 851/96/917
f 830/96/590 829/96/590 843/96/590
f 836/91/590 850/91/590 851/91/917
f 831/96/590 830/96/590 844/96/590
f 846/91/590 860/91/590 861/91/590
f 856/96/590 855/96/578 869/96/578
f 848/91/590 862/91/590 863/91/590
f 849/91/590 863/91/590 864/91/590
f 852/96/590 851/96/917 865/96/917
f 844/96/590 843/96/590 857/96/590
f 850/91/590 864/91/590 865/91/917
f 845/96/590 844/96/590 858/96/590
f 852/91/590 866/91/590 867/91/590
f 845/91/590 859/91/590 860/91/590
f 853/91/590 867/91/590 868/91/590
f 848/96/590 847/96/914 861/96/590
f 854/91/590 868/91/590 869/91/578
f 866/96/590 865/96/917 879/96/920
f 858/96/590 857/96/590 871/96/922
f 864/91/590 878/91/655 879/91/920
f 859/96/590 858/96/590 872/96/923
f 866/91/590 880/91/921 881/91/708
f 859/91/590 873/91/924 874/91/925
f 867/91/590 881/91/708 882/91/592
f 862/96/590 861/96/590 875/96/634
f 868/91/590 882/91/592 883/91/578
f 860/91/590 874/91/925 875/91/634
f 870/96/590 869/96/578 883/96/578
f 862/91/590 876/91/633 877/91/656
f 863/91/590 877/91/656 878/91/655
f 888/93/926 914/93/983 916/93/927
f 906/91/590 932/91/909 929/91/928
f 894/91/590 920/91/634 918/91/918
f 910/91/931 936/91/931 934/91/932
f 900/91/933 926/91/912 925/91/911
f 891/91/934 917/91/981 911/91/923
f 889/93/935 915/93/985 921/93/936
f 907/93/938 933/93/984 935/93/939
f 901/93/590 927/93/982 930/93/940
f 895/93/937 921/93/936 922/93/941
f 935/85/943 936/96/943 910/96/943
f 896/93/942 922/93/941 924/93/944
f 636/91/708 906/91/590 903/91/929
f 628/91/945 903/91/929 902/91/590
f 580/91/925 892/91/930 891/91/934
f 579/93/608 889/93/935 895/93/937
f 556/96/697 886/96/590 887/85/578
f 603/93/654 898/93/590 897/93/590
f 635/93/693 905/93/590 907/93/938
f 620/91/946 902/91/590 900/91/933
f 627/93/637 904/93/590 905/93/590
f 604/91/656 899/91/590 893/91/590
f 587/93/618 895/93/937 896/93/942
f 555/93/602 887/93/578 888/93/926
f 588/91/634 894/91/590 892/91/930
f 571/93/609 890/93/590 889/93/935
f 999/107/962 941/93/976 947/93/963
f 959/93/965 961/93/1127 982/93/966
f 953/93/968 956/93/1012 978/118/969
f 979/93/964 947/93/963 948/93/971
f 982/85/973 961/85/973 962/96/973
f 948/93/971 950/93/1019 993/121/974
f 994/120/975 942/93/1009 941/93/976
f 885/91/590 911/91/923 912/91/697
f 904/93/590 930/93/940 931/93/977
f 903/91/929 929/91/928 928/91/978
f 886/96/590 912/96/697 913/85/979
f 898/93/590 924/93/944 923/93/980
f 892/91/930 918/91/918 917/91/981
f 897/93/590 923/93/980 927/93/982
f 887/93/578 913/93/979 914/93/983
f 905/93/590 931/93/977 933/93/984
f 893/91/590 919/91/913 920/91/634
f 902/91/590 928/91/978 926/91/912
f 899/91/590 925/91/911 919/91/913
f 908/91/590 934/91/1128 932/91/909
f 890/93/590 916/93/927 915/93/985
f 937/96/986 940/85/989 939/85/987
f 943/96/988 942/85/991 940/85/989
f 944/96/990 941/85/995 942/85/991
f 945/96/992 948/85/992 947/85/993
f 946/96/994 947/85/993 941/85/995
f 945/96/992 951/96/996 950/85/996
f 952/96/997 949/85/1001 950/85/996
f 954/96/998 955/96/1002 956/85/999
f 952/96/997 954/96/998 953/85/1000
f 955/96/1002 958/96/1004 957/85/1003
f 958/96/1004 960/96/1006 959/85/1005
f 960/96/1006 962/96/1007 961/85/1007
f 1024/93/1008 940/93/1024 942/93/1009
f 956/93/1012 957/93/1025 1032/122/1013
f 950/93/1019 949/93/1022 1041/114/1020
f 949/93/1022 953/93/968 973/108/970
f 1038/116/1023 939/93/1114 940/93/1024
f 957/93/1025 959/93/965 970/93/967
f 966/96/1030 965/85/1030 1050/85/1030
f 1057/114/1031 1050/93/1129 965/93/1032
f 1053/85/1033 965/85/1032 966/96/697
f 1051/123/1034 964/96/1034 963/85/1034
f 963/93/1035 1048/93/1038 1055/93/1036
f 1048/93/1038 1049/93/1040 1056/93/1039
f 1049/93/1040 1050/93/1129 1057/114/1031
f 964/96/1030 1045/96/1030 1048/85/1030
f 1045/96/1030 1046/96/1030 1049/85/1030
f 1047/96/1030 1050/85/1030 1049/85/1030
f 1030/93/1062 972/121/1064 933/93/984
f 1031/93/1063 971/107/1065 972/121/1064
f 1032/122/1013 970/93/967 971/107/1065
f 913/93/979 1036/93/1067 1026/120/1066
f 1036/93/1067 1037/108/1069 1025/93/1068
f 1037/108/1069 1038/116/1023 1024/93/1008
f 1039/93/1070 975/108/1072 927/93/982
f 1040/93/1071 974/124/1073 975/108/1072
f 1041/114/1020 973/108/970 974/124/1073
f 991/108/1080 1039/93/1070 923/93/980
f 992/108/1081 1040/93/1071 1039/93/1070
f 993/121/974 1041/114/1020 1040/93/1071
f 976/93/1091 1030/93/1062 931/93/977
f 977/120/1092 1031/93/1063 1030/93/1062
f 978/118/969 1032/122/1013 1031/93/1063
f 914/93/983 1026/120/1066 996/93/1099
f 1026/120/1066 1025/93/1068 995/118/1100
f 1025/93/1068 1024/93/1008 994/120/975
f 916/93/927 996/93/1099 997/118/1101
f 996/93/1099 995/118/1100 998/126/1102
f 995/118/1100 994/120/975 999/107/962
f 990/120/1103 991/108/1080 924/93/944
f 989/120/1104 992/108/1081 991/108/1080
f 988/120/972 993/121/974 992/108/1081
f 984/85/973 985/96/973 936/96/973
f 983/85/973 986/96/973 985/96/973
f 983/85/973 982/85/973 987/96/973
f 921/93/936 981/106/1105 990/120/1103
f 981/106/1105 980/93/1106 989/120/1104
f 980/93/1106 979/93/964 988/120/972
f 975/108/1072 976/93/1091 930/93/940
f 974/124/1073 977/120/1092 976/93/1091
f 973/108/970 978/118/969 977/120/1092
f 972/121/1064 984/93/1108 935/93/1107
f 971/107/1065 983/93/1109 984/93/1108
f 970/93/967 982/93/966 983/93/1109
f 915/93/985 997/118/1101 981/106/1105
f 997/118/1101 998/126/1102 980/93/1106
f 998/126/1102 999/107/962 979/93/964
f 1056/93/1039 1057/114/1031 1038/116/1023
f 1055/93/1036 1056/93/1039 1037/108/1069
f 1054/108/1037 1055/93/1036 1036/93/1067
f 912/96/1034 1051/123/1034 1054/85/1034
f 939/85/1114 1053/85/1033 1052/96/590
f 1038/116/1023 1057/114/1031 1053/93/1033
usemtl Material.003
f 690/91/755 790/105/756 808/104/748
f 696/91/760 799/103/754 698/91/753
f 700/91/780 772/102/743 702/91/742
f 686/91/787 780/103/746 775/110/788
f 692/91/747 765/111/790 694/91/781
f 784/102/805 730/91/806 763/103/807
f 720/91/811 777/105/795 778/113/812
f 769/91/820 738/91/821 774/91/822
f 725/85/829 724/96/830 723/85/830
f 742/91/849 826/101/850 819/91/851
f 768/115/819 734/91/852 801/91/853
f 724/91/858 810/101/859 792/103/794
f 791/91/888 808/104/748 790/105/756
f 792/103/794 809/104/881 791/91/888
f 766/109/782 800/113/884 799/103/754
f 767/103/891 801/91/853 800/113/884
f 771/103/752 773/104/878 772/102/743
f 770/91/883 774/91/822 773/104/878
f 779/113/880 775/110/788 780/103/746
f 778/113/812 776/91/896 779/113/880
f 786/105/749 764/110/892 765/111/790
f 785/115/882 763/103/807 764/110/892
f 817/101/898 716/91/899 714/91/899
f 818/91/900 828/91/901 817/101/898
f 819/91/851 827/91/902 818/91/900
f 1021/115/947 955/91/948 1020/113/949
f 946/91/950 1014/91/951 1015/91/952
f 943/91/959 969/91/960 1000/104/961
f 1020/113/949 954/91/1014 1035/111/1015
f 944/91/1021 1000/104/961 1014/91/951
f 1035/111/1015 952/91/1028 1006/119/956
f 928/91/1053 1008/119/1054 926/91/1055
f 1033/91/1056 1007/119/1057 1008/119/1054
f 1034/91/1058 1006/119/956 1007/119/1057
f 1012/91/1074 917/91/1075 918/91/1076
f 1013/91/1077 1002/110/1078 1012/91/1074
f 1014/91/951 1001/105/1079 1013/91/1077
f 929/91/1088 1033/91/1056 928/91/1053
f 1018/103/1089 1034/91/1058 1033/91/1056
f 1019/103/1090 1035/111/1015 1034/91/1058
f 1002/110/1078 911/91/1095 917/91/1075
f 1001/105/1079 967/91/1093 1002/110/1078
f 1000/104/961 968/91/1096 1001/105/1079
f 1017/115/1060 918/91/1076 920/91/1059
f 1016/91/1061 1012/91/1074 1017/115/1060
f 1015/91/952 1013/91/1077 1016/91/1061
f 932/91/1043 1018/103/1089 929/91/1088
f 1023/91/1042 1019/103/1090 1018/103/1089
f 1022/101/1045 1020/113/949 1019/103/1090
f 690/91/755 688/91/792 790/105/756
f 696/91/760 766/109/782 799/103/754
f 700/91/780 771/103/752 772/102/743
f 686/91/787 684/91/744 780/103/746
f 692/91/747 786/105/749 765/111/790
f 784/102/805 728/91/862 730/91/806
f 720/91/811 722/91/793 777/105/795
f 769/91/820 736/91/861 738/91/821
f 725/85/829 726/96/832 724/96/830
f 742/91/849 744/91/849 826/101/850
f 768/115/819 732/91/818 734/91/852
f 724/91/858 726/91/1125 810/101/859
f 791/91/888 809/104/881 808/104/748
f 792/103/794 810/101/859 809/104/881
f 766/109/782 767/103/891 800/113/884
f 767/103/891 768/115/819 801/91/853
f 771/103/752 770/91/883 773/104/878
f 770/91/883 769/91/820 774/91/822
f 779/113/880 776/91/896 775/110/788
f 778/113/812 777/105/795 776/91/896
f 786/105/749 785/115/882 764/110/892
f 785/115/882 784/102/805 763/103/807
f 817/101/898 828/91/901 716/91/899
f 818/91/900 827/91/902 828/91/901
f 819/91/851 826/101/850 827/91/902
f 1021/115/947 958/91/1029 955/91/948
f 946/91/950 944/91/1021 1014/91/951
f 943/91/959 937/91/1010 969/91/960
f 1020/113/949 955/91/948 954/91/1014
f 944/91/1021 943/91/959 1000/104/961
f 1035/111/1015 954/91/1014 952/91/1028
f 928/91/1053 1033/91/1056 1008/119/1054
f 1033/91/1056 1034/91/1058 1007/119/1057
f 1034/91/1058 1035/111/1015 1006/119/956
f 1012/91/1074 1002/110/1078 917/91/1075
f 1013/91/1077 1001/105/1079 1002/110/1078
f 1014/91/951 1000/104/961 1001/105/1079
f 929/91/1088 1018/103/1089 1033/91/1056
f 1018/103/1089 1019/103/1090 1034/91/1058
f 1019/103/1090 1020/113/949 1035/111/1015
f 1002/110/1078 967/91/1093 911/91/1095
f 1001/105/1079 968/91/1096 967/91/1093
f 1000/104/961 969/91/960 968/91/1096
f 1017/115/1060 1012/91/1074 918/91/1076
f 1016/91/1061 1013/91/1077 1012/91/1074
f 1015/91/952 1014/91/951 1013/91/1077
f 932/91/1043 1023/91/1042 1018/103/1089
f 1023/91/1042 1022/101/1045 1019/103/1090
f 1022/101/1045 1021/115/947 1020/113/949
usemtl Material.004
f 672/88/576 553/89/577 658/90/578
f 552/91/579 561/89/580 553/89/577
f 557/89/586 676/88/587 674/90/588
f 565/89/593 572/91/594 564/91/595
f 557/89/586 564/91/595 556/91/603
f 560/91/610 569/89/611 561/89/580
f 573/89/615 580/91/622 572/91/594
f 568/91/623 577/89/619 569/89/611
f 584/91/630 593/89/631 585/89/632
f 581/89/621 588/91/636 580/91/622
f 576/91/638 585/89/632 577/89/619
f 597/89/642 604/91/643 596/91/644
f 589/89/620 596/91/644 588/91/636
f 592/91/657 601/89/658 593/89/631
f 605/89/661 612/91/666 604/91/643
f 600/91/667 609/89/662 601/89/658
f 616/91/671 625/89/672 617/89/673
f 629/89/677 620/91/678 621/89/663
f 613/89/664 620/91/678 612/91/666
f 608/91/683 617/89/673 609/89/662
f 637/89/684 628/91/685 629/89/677
f 624/91/698 633/89/695 625/89/672
f 640/91/705 649/89/706 641/89/702
f 645/89/696 636/91/707 637/89/684
f 632/91/709 641/89/702 633/89/695
f 653/89/703 644/91/716 645/89/696
f 662/89/726 669/91/727 661/91/728
f 648/91/732 666/89/733 649/89/706
f 753/101/741 702/91/742 772/102/743
f 684/91/744 811/103/745 780/103/746
f 692/91/747 808/104/748 786/105/749
f 771/103/752 698/91/753 799/103/754
f 694/91/781 766/109/782 696/91/760
f 688/91/792 775/110/788 790/105/756
f 722/91/793 792/103/794 777/105/795
f 763/103/807 732/91/818 768/115/819
f 801/91/853 736/91/861 769/91/820
f 810/101/859 728/91/862 784/102/805
f 718/91/863 778/113/812 813/91/864
f 774/91/822 739/91/865 751/91/866
f 772/102/743 752/91/877 753/101/741
f 773/104/878 751/91/866 752/91/877
f 812/91/879 780/103/746 811/103/745
f 813/91/864 779/113/880 812/91/879
f 809/104/881 786/105/749 808/104/748
f 809/104/881 784/102/805 785/115/882
f 799/103/754 770/91/883 771/103/752
f 800/113/884 769/91/820 770/91/883
f 765/111/790 767/103/891 766/109/782
f 764/110/892 768/115/819 767/103/891
f 776/91/896 790/105/756 775/110/788
f 777/105/795 791/91/888 776/91/896
f 987/91/953 960/91/954 1011/91/955
f 1006/119/956 951/91/957 1005/103/958
f 937/91/1010 1029/104/1011 969/91/960
f 1060/91/1016 964/91/1017 1051/91/1018
f 945/91/1026 1015/91/952 1042/91/1027
f 1005/103/958 945/91/1026 1042/91/1027
f 1011/91/955 958/91/1029 1021/115/947
f 934/91/1041 1023/91/1042 932/91/1043
f 1009/91/1044 1022/101/1045 1023/91/1042
f 1010/104/1046 1021/115/947 1022/101/1045
f 925/91/1047 1044/91/1048 919/91/1049
f 1003/91/1050 1043/91/1051 1044/91/1048
f 1004/91/1052 1042/91/1027 1043/91/1051
f 1044/91/1048 920/91/1059 919/91/1049
f 1043/91/1051 1017/115/1060 1044/91/1048
f 1042/91/1027 1016/91/1061 1043/91/1051
f 1052/91/1082 1047/91/1083 1058/115/1084
f 1058/115/1084 1046/91/1085 1059/125/1086
f 1059/125/1086 1045/91/1087 1060/91/1016
f 967/91/1093 912/91/1094 911/91/1095
f 968/91/1096 1027/101/1097 967/91/1093
f 969/91/960 1028/105/1098 968/91/1096
f 926/91/1055 1003/91/1050 925/91/1047
f 1008/119/1054 1004/91/1052 1003/91/1050
f 1007/119/1057 1005/103/958 1004/91/1052
f 936/91/1110 1009/91/1044 934/91/1041
f 985/91/1111 1010/104/1046 1009/91/1044
f 986/91/1112 1011/91/955 1010/104/1046
f 1028/105/1098 1060/91/1016 1027/101/1097
f 1029/104/1011 1059/125/1086 1028/105/1098
f 938/91/1113 1058/115/1084 1029/104/1011
f 1027/101/1097 1051/91/1018 912/91/1094
f 672/88/576 552/91/579 553/89/577
f 552/91/579 560/91/610 561/89/580
f 557/89/586 556/91/603 676/88/587
f 565/89/593 573/89/615 572/91/594
f 557/89/586 565/89/593 564/91/595
f 560/91/610 568/91/623 569/89/611
f 573/89/615 581/89/621 580/91/622
f 568/91/623 576/91/638 577/89/619
f 584/91/630 592/91/657 593/89/631
f 581/89/621 589/89/620 588/91/636
f 576/91/638 584/91/630 585/89/632
f 597/89/642 605/89/661 604/91/643
f 589/89/620 597/89/642 596/91/644
f 592/91/657 600/91/667 601/89/658
f 605/89/661 613/89/664 612/91/666
f 600/91/667 608/91/683 609/89/662
f 616/91/671 624/91/698 625/89/672
f 629/89/677 628/91/685 620/91/678
f 613/89/664 621/89/663 620/91/678
f 608/91/683 616/91/671 617/89/673
f 637/89/684 636/91/707 628/91/685
f 624/91/698 632/91/709 633/89/695
f 640/91/705 648/91/732 649/89/706
f 645/89/696 644/91/716 636/91/707
f 632/91/709 640/91/705 641/89/702
f 653/89/703 652/91/1117 644/91/716
f 662/89/726 670/89/731 669/91/727
f 648/91/732 665/91/1119 666/89/733
f 753/101/741 703/91/1120 702/91/742
f 684/91/744 682/91/1121 811/103/745
f 692/91/747 690/91/755 808/104/748
f 771/103/752 700/91/780 698/91/753
f 694/91/781 765/111/790 766/109/782
f 688/91/792 686/91/787 775/110/788
f 722/91/793 724/91/858 792/103/794
f 763/103/807 730/91/806 732/91/818
f 801/91/853 734/91/852 736/91/861
f 810/101/859 726/91/1125 728/91/862
f 718/91/863 720/91/811 778/113/812
f 774/91/822 738/91/821 739/91/865
f 772/102/743 773/104/878 752/91/877
f 773/104/878 774/91/822 751/91/866
f 812/91/879 779/113/880 780/103/746
f 813/91/864 778/113/812 779/113/880
f 809/104/881 785/115/882 786/105/749
f 809/104/881 810/101/859 784/102/805
f 799/103/754 800/113/884 770/91/883
f 800/113/884 801/91/853 769/91/820
f 765/111/790 764/110/892 767/103/891
f 764/110/892 763/103/807 768/115/819
f 776/91/896 791/91/888 790/105/756
f 777/105/795 792/103/794 791/91/888
f 987/91/953 962/91/1126 960/91/954
f 1006/119/956 952/91/1028 951/91/957
f 937/91/1010 938/91/1113 1029/104/1011
f 1060/91/1016 1045/91/1087 964/91/1017
f 945/91/1026 946/91/950 1015/91/952
f 1005/103/958 951/91/957 945/91/1026
f 1011/91/955 960/91/954 958/91/1029
f 934/91/1041 1009/91/1044 1023/91/1042
f 1009/91/1044 1010/104/1046 1022/101/1045
f 1010/104/1046 1011/91/955 1021/115/947
f 925/91/1047 1003/91/1050 1044/91/1048
f 1003/91/1050 1004/91/1052 1043/91/1051
f 1004/91/1052 1005/103/958 1042/91/1027
f 1044/91/1048 1017/115/1060 920/91/1059
f 1043/91/1051 1016/91/1061 1017/115/1060
f 1042/91/1027 1015/91/952 1016/91/1061
f 1052/91/1082 966/91/578 1047/91/1083
f 1058/115/1084 1047/91/1083 1046/91/1085
f 1059/125/1086 1046/91/1085 1045/91/1087
f 967/91/1093 1027/101/1097 912/91/1094
f 968/91/1096 1028/105/1098 1027/101/1097
f 969/91/960 1029/104/1011 1028/105/1098
f 926/91/1055 1008/119/1054 1003/91/1050
f 1008/119/1054 1007/119/1057 1004/91/1052
f 1007/119/1057 1006/119/956 1005/103/958
f 936/91/1110 985/91/1111 1009/91/1044
f 985/91/1111 986/91/1112 1010/104/1046
f 986/91/1112 987/91/953 1011/91/955
f 1028/105/1098 1059/125/1086 1060/91/1016
f 1029/104/1011 1058/115/1084 1059/125/1086
f 938/91/1113 1052/91/1082 1058/115/1084
f 1027/101/1097 1060/91/1016 1051/91/1018
o Cube.008
v -151.962952 570.152710 3.934415
v -151.963089 570.152466 4.341110
v -151.996002 568.900757 4.132156
v -151.995987 568.900757 3.726916
v -152.780304 541.901306 4.094557
v -152.780304 541.901306 4.499612
v -152.743591 543.165161 4.146482
v -152.743591 543.165161 3.741428
v -156.948883 569.973145 3.934415
v -156.949005 569.972900 4.341110
v -156.816803 568.727234 4.131550
v -156.816803 568.727234 3.726496
v -154.073730 541.856018 4.033578
v -154.073730 541.856018 4.438633
v -154.202133 543.113831 4.133678
v -154.202133 543.113831 3.728623
v -161.868805 569.144958 3.934416
v -161.868927 569.144714 4.341112
v -161.573822 567.926514 4.131551
v -161.573822 567.926514 3.726496
v -155.350220 541.642395 3.975434
v -155.350220 541.642395 4.380490
v -155.641541 542.872742 4.131549
v -155.641541 542.872742 3.726494
v -166.638733 567.682251 3.934416
v -166.638870 567.682068 4.341111
v -166.185806 566.512268 4.131551
v -166.185806 566.512268 3.726496
v -156.587952 541.264160 3.952122
v -156.587952 541.264160 4.357177
v -157.037216 542.446045 4.131549
v -157.037216 542.446045 3.726494
v -171.177200 565.610107 3.934415
v -171.177338 565.609863 4.341111
v -170.574005 564.508789 4.131551
v -170.574005 564.508789 3.726496
v -157.765793 540.727844 3.952123
v -157.765793 540.727844 4.357178
v -158.365326 541.840942 4.131549
v -158.365326 541.840942 3.726494
v -175.406708 562.963806 3.934416
v -175.406845 562.963562 4.341112
v -174.663483 561.950195 4.131552
v -174.663483 561.950195 3.726496
v -158.863647 540.042419 3.952123
v -158.863647 540.042419 4.357178
v -159.603210 541.067871 4.131549
v -159.603210 541.067871 3.726494
v -179.255035 559.788574 3.934416
v -179.255173 559.788330 4.341112
v -178.384399 558.880127 4.131552
v -178.384399 558.880127 3.726496
v -159.862732 539.219727 3.952122
v -159.862732 539.219727 4.357178
v -160.729706 540.140015 4.131550
v -160.729706 540.140015 3.726494
v -182.656464 556.138672 3.934416
v -182.656601 556.138428 4.341112
v -181.673233 555.351135 4.131552
v -181.673233 555.351135 3.726496
v -160.746017 538.273743 3.952122
v -160.746017 538.273743 4.357178
v -161.725586 539.073120 4.131550
v -161.725586 539.073120 3.726494
v -185.552917 552.076355 3.934416
v -185.553040 552.076111 4.341112
v -184.473785 551.423401 4.131552
v -184.473785 551.423401 3.726496
v -161.498413 537.220703 3.952123
v -161.498413 537.220703 4.357178
v -162.573853 537.885498 4.131550
v -162.573853 537.885498 3.726494
v -187.894897 547.671021 3.934416
v -187.895020 547.670837 4.341112
v -186.738281 547.164001 4.131552
v -186.738281 547.164001 3.726496
v -162.107071 536.078552 3.977731
v -162.107071 536.078552 4.382786
v -163.260025 536.597412 4.131550
v -163.260025 536.597412 3.726494
v -189.642456 542.997986 3.934416
v -189.642578 542.997742 4.341112
v -188.428009 542.645691 4.131552
v -188.428009 542.645691 3.726496
v -162.561584 534.866699 4.036027
v -162.561584 534.866699 4.441083
v -163.772354 535.230835 4.133959
v -163.772354 535.230835 3.728904
v -190.765732 538.136902 3.934416
v -190.765854 538.136719 4.341112
v -189.514160 537.945557 4.132335
v -189.514145 537.945618 3.727043
v -162.854218 533.606018 4.097078
v -162.854218 533.606018 4.502133
v -164.102127 533.809143 4.147269
v -164.102127 533.809143 3.742213
v -191.245529 533.170898 3.934415
v -191.245651 533.170654 4.341111
v -189.978210 533.143799 4.135574
v -189.978149 533.143921 3.729941
v -162.979935 532.317932 4.158696
v -162.979935 532.317932 4.563751
v -164.243683 532.356567 4.173177
v -164.243683 532.356567 3.768121
v -189.978149 533.143921 3.729941
v -191.245529 533.170898 3.934415
v -138.372574 568.505005 3.726494
v -138.372574 568.505005 4.131549
v -164.243683 532.356567 3.768121
v -162.979935 532.317932 4.158696
v -162.979935 532.317932 4.563751
v -164.243683 532.356567 4.173177
v -190.279755 523.287231 3.726496
v -191.543503 523.325928 3.726496
v -191.543503 523.325928 4.131551
v -190.279755 523.287231 4.131551
v -164.545319 522.499756 3.726494
v -163.281570 522.461060 3.726493
v -163.281570 522.461060 4.131549
v -164.545319 522.499756 4.131549
v -138.335861 569.768799 3.726494
v -138.335861 569.768799 4.131549
v -139.120163 542.769409 3.726493
v -139.120163 542.769409 4.131548
v -139.156876 541.505554 3.726493
v -139.156876 541.505554 4.131548
v -151.962952 570.152710 3.934415
v -151.963089 570.152466 4.341110
v -156.948883 569.973145 3.934415
v -156.949005 569.972900 4.341110
v -156.948883 569.973145 3.934415
v -156.949005 569.972900 4.341110
v -161.868805 569.144958 3.934416
v -161.868927 569.144714 4.341112
v -166.638733 567.682251 3.934416
v -166.638870 567.682068 4.341111
v -171.177200 565.610107 3.934415
v -171.177338 565.609863 4.341111
v -175.406708 562.963806 3.934416
v -175.406845 562.963562 4.341112
v -179.255035 559.788574 3.934416
v -179.255173 559.788330 4.341112
v -182.656464 556.138672 3.934416
v -182.656601 556.138428 4.341112
v -185.552917 552.076355 3.934416
v -185.553040 552.076111 4.341112
v -187.894897 547.671021 3.934416
v -187.895020 547.670837 4.341112
v -189.642456 542.997986 3.934416
v -189.642578 542.997742 4.341112
v -190.765732 538.136902 3.934416
v -190.765854 538.136719 4.341112
v -191.245651 533.170654 4.341111
v -191.245529 533.170898 3.934415
v -151.962952 570.152710 3.934415
v -151.963089 570.152466 4.341110
v -156.948883 569.973145 3.934415
v -156.949005 569.972900 4.341110
v -151.962952 570.152710 3.934415
v -151.963089 570.152466 4.341110
v -156.948883 569.973145 3.934415
v -156.949005 569.972900 4.341110
v -151.962952 570.152710 3.934415
v -151.963089 570.152466 4.341110
v -156.948883 569.973145 3.934415
v -156.949005 569.972900 4.341110
v -159.451157 573.022461 3.933784
v -159.451294 573.022278 4.340473
v -164.371094 572.194275 3.933784
v -164.371231 572.194031 4.340473
v -169.141022 570.731628 3.933784
v -169.141159 570.731384 4.340473
v -173.679489 568.659424 3.933784
v -173.679626 568.659180 4.340474
v -177.909012 566.013123 3.933783
v -177.909134 566.012939 4.340473
v -181.757324 562.837952 3.933784
v -181.757462 562.837708 4.340473
v -185.158752 559.187988 3.933784
v -185.158890 559.187805 4.340474
v -188.055191 555.125732 3.933784
v -188.055328 555.125488 4.340474
v -190.397186 550.720398 3.933784
v -190.397324 550.720154 4.340473
v -192.144745 546.047302 3.933784
v -192.144882 546.047119 4.340473
v -193.268021 541.186279 3.933784
v -193.268143 541.186035 4.340473
v -193.747955 536.220032 4.340473
v -193.747833 536.220276 3.933784
v -154.465240 573.202087 3.933783
v -154.465378 573.201843 4.340472
v -159.451157 573.022461 3.933784
v -159.451294 573.022278 4.340473
v -184.539246 558.406677 4.259447
v -183.916794 557.634521 4.428497
v -183.288086 556.882019 4.259653
v -179.886673 560.531921 4.259653
v -180.515366 561.284424 4.428497
v -181.137833 562.056580 4.259446
v -193.128326 535.438904 4.664501
v -192.505859 534.666748 4.833552
v -191.877167 533.914246 4.664708
v -191.877167 533.914246 4.259653
v -192.505859 534.666748 4.428496
v -193.128326 535.438904 4.259446
v -168.521515 569.950256 4.259447
v -167.899063 569.178101 4.428496
v -167.270370 568.425598 4.259653
v -162.500443 569.888306 4.259652
v -163.129135 570.640808 4.428496
v -163.751587 571.412964 4.259448
v -184.539246 558.406677 4.664502
v -183.916794 557.634521 4.833552
v -183.288086 556.882019 4.664708
v -186.184540 552.819702 4.664709
v -186.813232 553.572205 4.833552
v -187.435699 554.344360 4.664502
v -191.525238 545.265991 4.664502
v -190.902786 544.493835 4.833552
v -190.274078 543.741333 4.664708
v -191.397354 538.880249 4.664709
v -192.026062 539.632751 4.833552
v -192.648529 540.404907 4.664501
v -167.270370 568.425598 4.664708
v -167.899063 569.178101 4.833552
v -168.521515 569.950256 4.664502
v -163.751587 571.412964 4.664502
v -163.129135 570.640808 4.833551
v -162.500443 569.888306 4.664708
v -191.397354 538.880249 4.259653
v -192.026062 539.632751 4.428497
v -192.648529 540.404907 4.259446
v -181.137833 562.056580 4.664502
v -180.515366 561.284424 4.833552
v -179.886673 560.531921 4.664708
v -173.059998 567.878113 4.259447
v -172.437531 567.105957 4.428496
v -171.808838 566.353394 4.259653
v -171.808838 566.353394 4.664708
v -172.437531 567.105957 4.833552
v -173.059998 567.878113 4.664502
v -188.526520 548.414368 4.259653
v -189.155228 549.166931 4.428497
v -189.777679 549.939087 4.259448
v -191.525238 545.265991 4.259447
v -190.902786 544.493835 4.428497
v -190.274078 543.741333 4.259653
v -188.526520 548.414368 4.664709
v -189.155228 549.166931 4.833552
v -189.777679 549.939087 4.664503
v -176.038345 563.707153 4.259653
v -176.667038 564.459656 4.428497
v -177.289505 565.231812 4.259446
v -186.184540 552.819702 4.259654
v -186.813232 553.572205 4.428497
v -187.435699 554.344360 4.259446
v -176.038345 563.707153 4.664708
v -176.667038 564.459656 4.833552
v -177.289505 565.231812 4.664501
v -157.580505 570.716492 4.664707
v -158.209198 571.468994 4.833551
v -158.831665 572.241150 4.664502
v -158.831665 572.241150 4.259447
v -158.209198 571.468994 4.428496
v -157.580505 570.716492 4.259652
v -152.594589 570.896057 4.664706
v -153.223282 571.648621 4.833550
v -153.845734 572.420776 4.664502
v -153.845734 572.420776 4.259446
v -153.223282 571.648621 4.428495
v -152.594589 570.896057 4.259652
v -157.580505 570.716492 4.259652
v -158.209198 571.468994 4.428496
v -158.831665 572.241150 4.259447
v -158.831665 572.241150 4.664502
v -158.209198 571.468994 4.833551
v -157.580505 570.716492 4.664707
v -152.780304 541.901306 4.499612
v -154.073730 541.856018 4.438633
v -155.350220 541.642395 4.380490
v -156.587952 541.264160 4.357177
v -157.765793 540.727844 4.357178
v -158.863647 540.042419 4.357178
v -159.862732 539.219727 4.357178
v -160.746017 538.273743 4.357178
v -161.498413 537.220703 4.357178
v -162.107071 536.078552 4.382786
v -162.561584 534.866699 4.441083
v -162.854218 533.606018 4.502133
v -162.979935 532.317932 4.563751
v -162.979935 532.317932 4.563751
v -152.780304 541.901306 4.499612
v -154.073730 541.856018 4.438633
v -155.350220 541.642395 4.380490
v -156.587952 541.264160 4.357177
v -157.765793 540.727844 4.357178
v -158.863647 540.042419 4.357178
v -159.862732 539.219727 4.357178
v -160.746017 538.273743 4.357178
v -161.498413 537.220703 4.357178
v -162.107071 536.078552 4.382786
v -162.561584 534.866699 4.441083
v -162.854218 533.606018 4.502133
v -162.979935 532.317932 4.563751
v -162.979935 532.317932 4.563751
v -152.780304 541.901306 4.499612
v -154.073730 541.856018 4.438633
v -155.350220 541.642395 4.380490
v -156.587952 541.264160 4.357177
v -157.765793 540.727844 4.357178
v -158.863647 540.042419 4.357178
v -159.862732 539.219727 4.357178
v -160.746017 538.273743 4.357178
v -161.498413 537.220703 4.357178
v -162.107071 536.078552 4.382786
v -162.561584 534.866699 4.441083
v -162.854218 533.606018 4.502133
v -162.979935 532.317932 4.563751
v -162.979935 532.317932 4.563751
v -152.780304 541.901306 4.499612
v -154.073730 541.856018 4.438633
v -155.350220 541.642395 4.380490
v -156.587952 541.264160 4.357177
v -157.765793 540.727844 4.357178
v -158.863647 540.042419 4.357178
v -159.862732 539.219727 4.357178
v -160.746017 538.273743 4.357178
v -161.498413 537.220703 4.357178
v -162.107071 536.078552 4.382786
v -162.561584 534.866699 4.441083
v -162.854218 533.606018 4.502133
v -162.979935 532.317932 4.563751
v -162.979935 532.317932 4.563751
v -154.073730 541.856018 4.438633
v -152.780304 541.901306 4.499612
v -152.780304 541.901306 4.094557
v -154.073730 541.856018 4.033578
v -156.587952 541.264160 3.952122
v -155.350220 541.642395 3.975434
v -155.350220 541.642395 4.380490
v -156.587952 541.264160 4.357177
v -158.863647 540.042419 4.357178
v -157.765793 540.727844 4.357178
v -157.765793 540.727844 3.952123
v -158.863647 540.042419 3.952123
v -160.746017 538.273743 3.952122
v -159.862732 539.219727 3.952122
v -159.862732 539.219727 4.357178
v -160.746017 538.273743 4.357178
v -161.498413 537.220703 3.952123
v -161.498413 537.220703 4.357178
v -162.107071 536.078552 4.382786
v -162.107071 536.078552 3.977731
v -162.561584 534.866699 4.036027
v -162.561584 534.866699 4.441083
v -162.854218 533.606018 4.097078
v -162.854218 533.606018 4.502133
v -162.979935 532.317932 4.158696
v -162.979935 532.317932 4.563751
v -154.073730 541.856018 4.438633
v -152.780304 541.901306 4.499612
v -152.780304 541.901306 4.094557
v -154.073730 541.856018 4.033578
v -156.587952 541.264160 3.952122
v -155.350220 541.642395 3.975434
v -155.350220 541.642395 4.380490
v -156.587952 541.264160 4.357177
v -158.863647 540.042419 4.357178
v -157.765793 540.727844 4.357178
v -157.765793 540.727844 3.952123
v -158.863647 540.042419 3.952123
v -160.746017 538.273743 3.952122
v -159.862732 539.219727 3.952122
v -159.862732 539.219727 4.357178
v -160.746017 538.273743 4.357178
v -161.498413 537.220703 3.952123
v -161.498413 537.220703 4.357178
v -162.107071 536.078552 4.382786
v -162.107071 536.078552 3.977731
v -162.561584 534.866699 4.036027
v -162.561584 534.866699 4.441083
v -162.854218 533.606018 4.097078
v -162.854218 533.606018 4.502133
v -163.065842 529.360718 4.195425
v -163.065842 529.360718 4.600480
v -151.574432 538.804260 4.499612
v -150.280991 538.849548 4.529865
v -150.280991 538.849548 4.124810
v -151.574432 538.804260 4.094557
v -154.088654 538.212463 3.975435
v -152.850922 538.590637 4.033578
v -152.850922 538.590637 4.438634
v -154.088654 538.212463 4.380490
v -156.364334 536.990662 4.357177
v -155.266495 537.676025 4.357177
v -155.266495 537.676025 3.952122
v -156.364334 536.990662 3.952121
v -158.246719 535.221985 3.952122
v -157.363434 536.167969 3.952123
v -157.363434 536.167969 4.357178
v -158.246719 535.221985 4.357177
v -158.999115 534.168945 3.977730
v -158.999115 534.168945 4.382786
v -159.607773 533.026733 4.441083
v -159.607773 533.026733 4.036027
v -160.062286 531.814941 4.097078
v -160.062286 531.814941 4.502133
v -160.354904 530.554260 4.172090
v -160.354904 530.554260 4.577145
v -160.480637 529.266113 4.195423
v -160.480637 529.266113 4.600479
v -150.176514 541.825684 4.152507
v -150.176514 541.825684 4.482575
v -150.280991 538.849548 4.124810
v -150.280991 538.849548 4.529865
v -153.448914 541.093079 4.704608
v -152.824081 540.330139 4.885454
v -152.199265 539.567200 4.704608
v -160.979736 531.317200 4.299553
v -161.604553 532.080139 4.480399
v -162.229385 532.843079 4.299553
v -159.623932 534.931885 4.299552
v -160.248764 535.694824 4.480399
v -160.873581 536.457764 4.299554
v -161.482239 535.315552 4.299553
v -160.857422 534.552612 4.480399
v -160.232590 533.789673 4.299553
v -155.891312 538.438965 4.299553
v -156.516144 539.201904 4.480399
v -157.140961 539.964905 4.299553
v -161.126938 529.289795 4.395396
v -161.773239 529.313416 4.480399
v -162.419540 529.337097 4.395397
v -162.419540 529.337097 4.800452
v -161.773239 529.313416 4.885454
v -161.126938 529.289795 4.800452
v -156.989166 537.753601 4.299553
v -157.613983 538.516541 4.480399
v -158.238815 539.279480 4.299554
v -159.237915 538.456787 4.299553
v -158.613083 537.693848 4.480399
v -157.988251 536.930908 4.299553
v -153.475739 539.353577 4.299553
v -154.100571 540.116516 4.480399
v -154.725388 540.879456 4.299553
v -155.963120 540.501221 4.299553
v -155.338303 539.738342 4.480399
v -154.713470 538.975403 4.299553
v -153.475739 539.353577 4.704608
v -154.100571 540.116516 4.885454
v -154.725388 540.879456 4.704608
v -159.237915 538.456787 4.704608
v -158.613083 537.693848 4.885454
v -157.988251 536.930908 4.704608
v -158.871536 535.984924 4.704608
v -159.496368 536.747864 4.885454
v -160.121201 537.510803 4.704609
v -162.229385 532.843079 4.704609
v -161.604553 532.080139 4.885454
v -160.979736 531.317200 4.704609
v -155.963120 540.501221 4.704608
v -155.338303 539.738342 4.885454
v -154.713470 538.975403 4.704608
v -155.891312 538.438965 4.704608
v -156.516144 539.201904 4.885454
v -157.140961 539.964905 4.704608
v -161.482239 535.315552 4.704609
v -160.857422 534.552612 4.885454
v -160.232590 533.789673 4.704608
v -160.687103 532.577942 4.704608
v -161.311935 533.340881 4.885454
v -161.936768 534.103760 4.704609
v -152.199265 539.567200 4.299553
v -152.824081 540.330139 4.480399
v -153.448914 541.093079 4.299553
v -152.155472 541.138367 4.704608
v -151.530655 540.375427 4.885454
v -150.905823 539.612488 4.704608
v -161.936768 534.103760 4.299553
v -161.311935 533.340820 4.480399
v -160.687103 532.577881 4.299552
v -160.873581 536.457764 4.704609
v -160.248764 535.694824 4.885454
v -159.623932 534.931885 4.704608
v -152.155472 541.138367 4.299553
v -151.530655 540.375427 4.480399
v -150.905823 539.612488 4.299553
v -160.121201 537.510803 4.299553
v -159.496368 536.747864 4.480399
v -158.871536 535.984924 4.299553
v -156.989166 537.753601 4.704608
v -157.613983 538.516541 4.885454
v -158.238815 539.279480 4.704609
v -150.202637 541.081665 4.775569
v -150.228760 540.337646 4.885453
v -150.254883 539.593567 4.775569
v -150.202637 541.081665 4.370514
v -150.228760 540.337646 4.480399
v -150.254883 539.593567 4.370514
v -151.478409 541.863525 4.482788
v -150.280991 538.849548 4.529865
v -150.280991 538.849548 4.124810
v -151.478409 541.863525 4.130475
v -151.179047 541.110046 4.335033
v -150.879700 540.356506 4.480399
v -150.580353 539.603027 4.335033
v -150.580353 539.603027 4.740088
v -150.879700 540.356506 4.885454
v -151.179047 541.110046 4.740088
vn 0.0282 0.9996 0.0006
vn 0.0282 0.9996 -0.0000
vn 0.0007 -0.0098 1.0000
vn 0.0040 -0.0819 0.9966
vn -0.0000 -0.0000 1.0000
vn 0.0082 -0.1649 0.9863
vn 0.0087 -0.0857 0.9963
vn -0.0086 0.0851 -0.9963
vn 0.6294 -0.2052 0.7495
vn -0.0039 0.0813 -0.9967
vn 0.9996 -0.0290 -0.0000
vn -0.0290 -0.9996 -0.0000
vn -0.0026 0.1252 0.9921
vn 0.0031 0.0164 0.9999
vn 0.0009 0.0002 1.0000
vn -0.9836 -0.1524 0.0960
vn -0.5983 0.2690 0.7548
vn -0.0000 -0.0000 -1.0000
vn 0.9779 -0.2067 0.0310
vn -0.0205 0.1070 0.9940
vn -0.0648 0.1943 0.9788
vn -0.0582 0.2391 0.9693
vn 0.0235 -0.0879 -0.9958
vn 0.0205 -0.1070 -0.9940
vn 0.0027 -0.1251 -0.9921
vn 0.0925 -0.9102 -0.4036
vn -0.5470 0.8163 -0.1857
vn -0.8980 0.0347 0.4387
vn 0.7221 0.1055 0.6837
vn -0.0113 0.2694 0.9630
vn 0.0299 -0.0791 -0.9964
vn -0.0196 0.0832 -0.9963
vn -0.0303 0.0799 -0.9963
vn 0.0432 0.1659 -0.9852
vn -0.8846 -0.0089 0.4662
vn -0.0959 0.2124 0.9725
vn 0.0167 -0.1641 0.9863
vn 0.0198 -0.0838 0.9963
vn 0.9567 -0.2881 0.0424
vn 0.9861 -0.1608 0.0424
vn 0.9861 -0.1609 0.0424
vn -0.0235 0.0879 0.9958
vn -0.0404 0.0752 -0.9964
vn -0.9008 -0.4304 0.0569
vn -0.8901 -0.0208 0.4552
vn 0.0305 -0.0805 0.9963
vn -0.0400 0.0745 0.9964
vn -0.0299 0.0791 0.9964
vn -0.0673 0.1672 0.9836
vn 0.0380 -0.1605 0.9863
vn -0.1364 0.9771 0.1634
vn -0.9167 0.3928 0.0734
vn -0.0088 0.2138 0.9768
vn 0.3843 0.9156 0.1187
vn -0.6864 0.7260 0.0432
vn 0.2551 0.1220 0.9592
vn 0.0781 -0.1450 0.9864
vn 0.0502 -0.0697 0.9963
vn 0.0407 -0.0758 0.9963
vn 0.5834 -0.8111 0.0424
vn 0.4726 -0.8803 0.0424
vn 0.0400 -0.0745 -0.9964
vn -0.0831 0.1548 0.9844
vn -0.6351 0.2443 0.7328
vn 0.0585 -0.1540 0.9863
vn 0.9370 -0.0982 0.3351
vn -0.9835 0.1312 0.1247
vn -0.1285 0.1239 0.9839
vn -0.0494 0.0686 0.9964
vn -0.1203 0.1280 0.9844
vn -0.1026 0.1426 0.9844
vn 0.0579 -0.0616 -0.9964
vn -0.0498 0.0692 -0.9964
vn 0.0494 -0.0686 -0.9964
vn -0.0584 0.0620 -0.9964
vn -0.2283 0.4037 -0.8859
vn -0.8960 -0.0468 0.4415
vn -0.8713 -0.4678 0.1480
vn 0.0654 -0.0535 -0.9964
vn -0.0659 0.0538 -0.9964
vn -0.4817 0.2373 0.8436
vn 0.7733 -0.6326 0.0424
vn 0.6841 -0.7281 0.0424
vn 0.0962 -0.1334 0.9864
vn 0.0588 -0.0625 0.9963
vn 0.9109 -0.4104 0.0424
vn 0.9567 -0.2880 0.0424
vn -0.0579 0.0616 0.9964
vn 0.0664 -0.0543 0.9963
vn -0.0719 0.0445 0.9964
vn -0.0654 0.0535 0.9964
vn -0.9598 0.2642 0.0950
vn -0.1360 0.1113 0.9844
vn 0.1127 -0.1196 0.9864
vn 0.3547 -0.9340 0.0424
vn 0.4734 -0.8798 0.0424
vn 0.4735 -0.8798 0.0424
vn 0.1394 -0.0862 0.9865
vn 0.0779 -0.0351 0.9963
vn 0.0728 -0.0451 0.9963
vn -0.9521 -0.3049 0.0220
vn -0.5087 -0.0122 0.8609
vn 0.9013 -0.1708 -0.3981
vn -0.0822 0.0404 0.9958
vn -0.1514 0.0987 0.9835
vn -0.0722 0.0447 -0.9964
vn 0.0719 -0.0445 -0.9964
vn 0.3659 -0.9288 0.0584
vn 0.5433 -0.8380 0.0511
vn 0.1272 -0.1038 0.9864
vn -0.1013 0.0411 0.9940
vn -0.1795 0.1025 0.9784
vn 0.1013 -0.0411 -0.9940
vn -0.0773 0.0349 -0.9964
vn 0.0822 -0.0404 -0.9958
vn -0.0810 0.0243 -0.9964
vn -0.4655 0.8836 0.0495
vn -0.7258 -0.6275 0.2819
vn -0.0829 0.0131 -0.9965
vn -0.8145 0.0619 0.5768
vn 0.1219 -0.0374 -0.9918
vn 0.0817 -0.0245 0.9964
vn -0.1219 0.0374 0.9918
vn -0.0000 -0.0000 -0.0000
vn 0.1493 -0.0672 0.9865
vn 0.7738 -0.6320 0.0424
vn 0.8497 -0.5256 0.0424
vn 0.8496 -0.5257 0.0424
vn 0.0835 -0.0131 0.9964
vn -0.0897 0.0244 0.9957
vn 0.5842 -0.8105 0.0424
vn 0.5841 -0.8106 0.0424
vn 0.1604 -0.0258 0.9867
vn 0.0815 -0.0055 0.9967
vn -0.2250 0.1036 0.9688
vn 0.9425 -0.3326 0.0319
vn 0.1565 -0.0470 0.9866
vn -0.8558 0.5141 0.0576
vn -0.9676 -0.1155 -0.2247
vn 0.7697 -0.0197 -0.6381
vn -0.9698 -0.2085 0.1267
vn -0.9922 0.0404 0.1179
vn -0.8620 -0.4012 -0.3099
vn -0.2676 0.0817 0.9601
vn 0.0007 0.0038 -1.0000
vn -0.6116 0.7372 -0.2873
vn -0.0063 0.0101 -0.9999
vn -0.9978 0.0443 0.0493
vn 0.0253 0.0067 -0.9997
vn -0.9995 0.0303 -0.0003
vn -0.7115 0.0215 0.7024
vn -0.9995 0.0302 -0.0000
vn -0.0306 -0.9995 -0.0000
vn -0.0924 -0.0117 0.9957
vn -0.0253 -0.0067 0.9997
vn -0.2960 -0.0328 0.9546
vn 0.9995 -0.0306 -0.0000
vn -0.0031 -0.0164 -0.9999
vn -0.0007 -0.0038 1.0000
vn 0.1533 -0.0109 0.9881
vn 0.0063 -0.0102 0.9999
vn -0.0006 0.0097 -1.0000
vn -0.0002 -0.0002 -1.0000
vn 0.2298 -0.9723 0.0424
vn 0.3548 -0.9340 0.0424
vn -0.7455 0.2686 -0.6100
vn -0.2142 0.1331 -0.9677
vn -0.1892 0.1549 -0.9696
vn 0.3712 -0.0359 0.9279
vn 0.4043 -0.0539 0.9130
vn 0.3035 -0.0508 0.9515
vn 0.0743 -0.3442 0.9359
vn 0.0508 -0.3017 0.9520
vn 0.0622 -0.2590 0.9639
vn 0.2166 -0.2291 0.9490
vn 0.1408 -0.1951 0.9706
vn 0.1647 -0.1750 0.9707
vn -0.1601 0.6185 0.7693
vn -0.1167 0.2160 -0.9694
vn 0.2697 -0.0823 0.9594
vn 0.3194 -0.1368 0.9377
vn 0.2402 -0.1091 0.9646
vn 0.1838 -0.2568 0.9488
vn 0.1164 -0.2154 0.9696
vn -0.2409 0.1094 -0.9644
vn -0.6721 -0.0242 -0.7400
vn 0.0357 -0.9924 -0.1182
vn 0.2833 -0.1702 0.9438
vn 0.7475 0.0269 0.6638
vn 0.0357 -0.9901 0.1356
vn -0.1413 0.1957 -0.9704
vn 0.6849 -0.7274 0.0424
vn 0.6848 -0.7275 0.0424
vn -0.2103 0.9746 0.0777
vn 0.7996 -0.0609 0.5974
vn 0.2299 -0.9723 0.0424
vn 0.7739 -0.6319 0.0424
vn 0.7635 -0.6379 -0.1012
vn -0.3410 0.9381 0.0609
vn 0.0242 -0.6721 -0.7400
vn 0.0269 -0.7475 0.6638
vn 0.6427 -0.7530 -0.1408
vn -0.7699 0.6371 0.0364
vn -0.0510 0.3028 -0.9517
vn -0.3044 0.0510 -0.9512
vn -0.2704 0.0825 -0.9592
vn -0.0624 0.2598 -0.9637
vn 0.3591 -0.0989 0.9280
vn 0.2494 -0.2005 0.9474
vn 0.2136 -0.1327 0.9679
vn -0.7622 -0.6474 -0.0005
vn -0.7644 -0.6447 -0.0001
vn -0.7622 -0.6474 -0.0006
vn -0.1652 0.1756 -0.9705
vn 0.1140 -0.3135 0.9427
vn 0.0905 -0.2364 0.9674
vn -0.3725 0.0360 -0.9273
vn 0.1887 -0.1545 0.9698
vn -0.0908 0.2371 -0.9672
vn 0.1500 -0.2847 0.9468
vn -0.1177 0.2994 0.9468
vn -0.1159 0.2167 0.9693
vn -0.0890 0.2375 0.9673
vn -0.7835 -0.6214 -0.0004
vn -0.7814 -0.6241 -0.0001
vn -0.7806 -0.6250 -0.0000
vn 0.1163 -0.2174 -0.9691
vn 0.1182 -0.3007 -0.9464
vn 0.0892 -0.2382 -0.9671
vn 0.7814 0.6241 0.0001
vn 0.7835 0.6214 0.0004
vn 0.7806 0.6250 -0.0000
vn -0.1667 0.1766 0.9701
vn -0.2425 0.2013 0.9490
vn -0.1921 0.1558 0.9689
vn 0.4240 -0.0410 -0.9048
vn 0.3177 -0.0482 -0.9470
vn 0.2853 -0.0276 -0.9581
vn -0.0825 0.3253 0.9420
vn -0.0596 0.2596 0.9639
vn 0.2436 -0.2022 -0.9486
vn 0.1672 -0.1771 -0.9699
vn 0.1927 -0.1563 -0.9687
vn -0.7835 -0.6214 -0.0005
vn 0.0829 -0.3267 -0.9415
vn 0.0598 -0.2603 -0.9637
vn -0.2743 0.1747 0.9456
vn -0.2187 0.1337 0.9666
vn -0.2795 0.0814 0.9567
vn -0.3872 0.0741 0.9190
vn -0.3167 0.0480 0.9473
vn 0.7622 0.6474 0.0005
vn 0.7644 0.6447 0.0001
vn 0.7653 0.6437 -0.0000
vn -0.2301 0.9732 0.0005
vn -0.1660 0.9861 0.0005
vn -0.3550 0.9349 0.0004
vn -0.5846 0.8113 0.0002
vn -0.4739 0.8806 0.0004
vn -0.6854 0.7281 0.0002
vn -0.5847 0.8113 0.0002
vn -0.8504 0.5261 -0.0000
vn -0.7746 0.6325 0.0001
vn -0.7745 0.6325 0.0001
vn -0.6855 0.7281 0.0002
vn -0.9117 0.4107 -0.0000
vn -0.9575 0.2884 -0.0001
vn -0.9118 0.4107 -0.0000
vn -0.9954 0.0962 -0.0003
vn -0.9870 0.1610 -0.0002
vn -0.9575 0.2883 -0.0001
vn -0.0360 0.9994 0.0005
vn 0.0117 -0.3260 -0.9453
vn 0.0135 -0.3755 -0.9267
vn 0.0094 -0.2602 -0.9655
vn 0.3468 -0.1131 -0.9311
vn 0.2482 -0.1096 -0.9625
vn 0.2804 -0.0816 -0.9564
vn -0.0135 0.3740 0.9273
vn -0.0117 0.3249 0.9457
vn -0.0094 0.2597 0.9656
vn -0.3082 0.1455 0.9401
vn -0.2475 0.1093 0.9627
vn 0.2127 -0.2274 -0.9503
vn 0.1420 -0.1973 -0.9700
vn 0.3096 -0.1461 -0.9396
vn 0.2194 -0.1341 -0.9664
vn -0.1502 0.2748 0.9497
vn -0.1415 0.1967 0.9702
vn 0.1509 -0.2760 -0.9492
vn -0.3453 0.1126 0.9317
vn -0.2118 0.2264 0.9507
vn -0.0578 0.3431 0.9375
vn -0.0409 0.2430 0.9692
vn -0.4222 0.0408 0.9056
vn -0.2848 0.0275 0.9582
vn 0.0580 -0.3446 -0.9370
vn 0.0410 -0.2436 -0.9690
vn 0.3888 -0.0744 -0.9183
vn 0.2756 -0.1754 -0.9451
vn 0.0080 -0.0020 -1.0000
vn 0.0062 -0.0032 -1.0000
vn 0.0164 0.0042 -0.9999
vn 0.0128 0.0014 -0.9999
vn -0.0109 0.0649 -0.9978
vn -0.0017 -0.0084 -1.0000
vn 0.1178 -0.0114 0.9930
vn -0.0164 -0.0042 0.9999
vn 0.0109 -0.0649 0.9978
vn 0.0017 0.0084 1.0000
vn -0.0032 0.0052 1.0000
vn -0.0047 0.0043 1.0000
vn -0.0128 -0.0014 0.9999
vn -0.0101 0.0006 0.9999
vn 0.7730 0.6344 -0.0000
vn 0.0018 -0.0062 -1.0000
vn 0.0032 -0.0052 -1.0000
vn -0.0018 0.0062 1.0000
vn 0.0101 -0.0006 -0.9999
vn 0.0047 -0.0043 -1.0000
vn -0.0080 0.0020 1.0000
vn -0.0062 0.0032 1.0000
vn 0.0002 -0.0072 -1.0000
vn -0.7652 -0.6437 -0.0000
vn -0.7730 -0.6344 -0.0000
vn -0.0002 0.0072 1.0000
vn -0.1178 0.0114 -0.9930
vn 0.0122 -0.3381 0.9410
vn 0.0140 -0.3890 0.9211
vn 0.0032 -0.0894 0.9960
vn 0.0096 -0.2663 0.9639
vn -0.0031 0.0855 0.9963
vn -0.0122 0.3394 -0.9406
vn -0.0096 0.2668 -0.9637
vn -0.0032 0.0894 -0.9960
vn 0.0031 -0.0855 -0.9963
vn 0.7622 0.6473 0.0005
vn 0.7622 0.6474 0.0006
vn -0.7653 -0.6437 -0.0000
vn 0.5432 -0.8380 0.0511
vn 0.3661 -0.9292 0.0514
vn 0.9416 -0.3323 0.0543
vn 0.9769 -0.2070 0.0540
vn 0.6842 -0.7281 0.0424
vn 0.7732 -0.6327 0.0424
vn 0.5833 -0.8111 0.0424
vn 0.5294 -0.8478 0.0320
vn 0.9895 -0.1445 0.0068
vn 0.8958 -0.4414 0.0523
vn 0.8713 -0.4892 0.0385
vn 0.3792 -0.9241 0.0466
vn 0.8432 -0.5353 0.0488
vn 0.4725 -0.8803 0.0424
vn 0.8432 -0.5352 0.0501
vn 0.8959 -0.4414 0.0506
vn 0.4861 -0.6141 -0.6217
vn 0.5437 -0.8388 0.0287
vn 0.3660 -0.9293 0.0497
vn 0.3791 -0.9239 0.0510
vn 0.3836 -0.9230 0.0302
vn 0.2905 -0.9114 0.2915
vn 0.8954 -0.4412 0.0595
vn 0.9178 -0.3949 0.0403
vn 0.4142 -0.9094 0.0378
vn 0.4590 -0.0023 0.8885
vn 0.0151 -0.0001 0.9999
vn 0.7305 -0.6822 0.0320
vn 0.3834 -0.9227 0.0397
vn -0.9094 -0.4141 0.0378
vn 0.4597 -0.8416 0.2836
vn 0.4142 -0.9096 0.0320
vn 0.9930 -0.1178 -0.0061
vn -0.4590 0.0023 -0.8885
vn -0.8382 0.4616 -0.2905
vn -0.5619 0.7774 -0.2827
vn -0.5294 0.8478 0.0320
vn -0.9996 0.0290 -0.0000
vn -0.6551 0.7007 -0.2827
vn 0.8962 -0.4415 0.0438
vn 0.8433 -0.5353 0.0472
vn 0.2339 -0.0618 0.9703
vn 0.2725 -0.0882 0.9581
vn 0.2328 -0.0976 0.9676
vn 0.1524 -0.2975 0.9425
vn 0.0901 -0.2439 0.9656
vn 0.1226 -0.2276 0.9660
vn 0.2022 0.0199 0.9791
vn 0.2360 0.0176 0.9716
vn 0.2320 -0.0131 0.9726
vn 0.2000 -0.1641 0.9660
vn 0.2287 -0.2421 0.9429
vn 0.1743 -0.1856 0.9670
vn 0.0347 -0.2859 0.9576
vn 0.0159 -0.2418 0.9702
vn 0.0513 -0.2476 0.9675
vn -0.0901 0.2439 -0.9656
vn -0.1524 0.2975 -0.9425
vn -0.1226 0.2276 -0.9660
vn -0.2360 -0.0176 -0.9716
vn -0.2022 -0.0199 -0.9791
vn -0.2320 0.0131 -0.9726
vn -0.2831 0.1499 -0.9473
vn -0.2328 0.0976 -0.9676
vn -0.2220 0.1348 -0.9657
vn -0.1937 0.2708 -0.9430
vn -0.1487 0.2066 -0.9671
vn -0.0366 -0.9993 -0.0000
vn -0.1743 0.1856 -0.9670
vn -0.0513 0.2476 -0.9675
vn -0.0939 0.3075 -0.9469
vn -0.8817 0.3786 -0.2815
vn 0.8431 -0.5352 0.0520
vn 0.6471 -0.2353 0.7252
vn -0.7377 0.6127 -0.2836
vn 0.3662 -0.9295 0.0431
vn -0.7956 0.5317 -0.2903
vn 0.2018 -0.9382 0.2811
vn 0.7882 -0.2357 0.5685
vn 0.3675 -0.8838 0.2894
vn 0.0988 -0.9951 -0.0000
vn 0.0350 -0.9994 -0.0000
vn 0.2273 -0.9738 -0.0000
vn 0.1017 -0.9948 -0.0000
vn 0.3529 -0.9357 -0.0000
vn 0.2310 -0.9730 -0.0000
vn 0.5839 -0.8118 -0.0000
vn 0.4734 -0.8809 -0.0000
vn 0.4727 -0.8812 -0.0000
vn 0.3553 -0.9347 -0.0000
vn 0.6847 -0.7288 -0.0000
vn 0.7742 -0.6330 -0.0000
vn 0.8506 -0.5258 -0.0000
vn 0.9106 -0.4134 -0.0000
vn 0.8492 -0.5281 -0.0000
vn 0.7737 -0.6336 -0.0000
vn 0.9121 -0.4099 -0.0000
vn 0.9566 -0.2914 -0.0000
vn 0.9579 -0.2872 -0.0000
vn 0.9865 -0.1635 -0.0000
vn 0.9871 -0.1604 -0.0000
vn 0.9953 -0.0971 -0.0000
vn -0.0159 0.2418 -0.9702
vn -0.0347 0.2859 -0.9576
vn -0.0009 -0.2508 0.9680
vn -0.0450 -0.2458 0.9683
vn -0.2725 0.0882 -0.9581
vn -0.2339 0.0618 -0.9703
vn 0.2831 -0.1499 0.9473
vn 0.2220 -0.1348 0.9657
vn -0.0158 0.2623 0.9649
vn -0.0090 0.3497 0.9368
vn 0.0005 0.3081 0.9513
vn -0.2287 0.2421 -0.9429
vn -0.2000 0.1641 -0.9660
vn 0.0939 -0.3075 0.9469
vn -0.2630 0.2063 -0.9425
vn 0.0450 0.2458 -0.9683
vn 0.0009 0.2508 -0.9680
vn -0.2394 0.0365 -0.9702
vn 0.1937 -0.2708 0.9430
vn 0.1487 -0.2066 0.9671
vn 0.2630 -0.2063 0.9425
vn 0.2394 -0.0365 0.9702
vn 0.9994 -0.0351 -0.0000
vn 0.0984 0.2489 -0.9635
vn -0.1092 0.8243 0.5555
vn -0.6821 0.4666 0.5630
vn 0.0290 0.9996 -0.0000
vn 0.0191 -0.2721 -0.9621
vn 0.0203 -0.2269 -0.9737
vn 0.0185 -0.2523 -0.9675
vn 0.0208 -0.2230 -0.9746
vn 0.0141 0.0228 -0.9996
vn 0.0145 0.0160 -0.9998
vn -0.2582 0.0668 0.9638
vn -0.2352 0.0804 0.9686
vn -0.2799 0.1202 0.9525
vn -0.2443 0.0448 0.9687
vn -0.0134 -0.0016 0.9999
vn -0.0081 0.0014 1.0000
vn -0.2274 0.2432 0.9430
vn -0.1520 0.2118 0.9654
vn -0.1950 0.2698 0.9430
vn -0.1787 0.1898 0.9654
vn -0.0040 0.0064 1.0000
vn -0.0056 0.0052 1.0000
vn -0.2873 0.1920 0.9384
vn -0.2057 0.1673 0.9642
vn -0.2598 0.2158 0.9412
vn -0.2282 0.1442 0.9629
vn -0.0071 0.0039 1.0000
vn -0.0089 0.0024 1.0000
vn -0.1618 0.2962 0.9413
vn -0.1246 0.2337 0.9643
vn -0.0024 0.0077 1.0000
vn 0.2352 -0.0804 -0.9686
vn 0.0134 0.0016 -0.9999
vn 0.2443 -0.0448 -0.9687
vn 0.0081 -0.0014 -1.0000
vn 0.0338 -0.2470 -0.9684
vn 0.0164 -0.2346 -0.9719
vn -0.0040 -0.0128 -0.9999
vn 0.0036 0.0063 -1.0000
vn 0.2057 -0.1673 -0.9642
vn 0.0071 -0.0039 -1.0000
vn 0.2282 -0.1442 -0.9629
vn 0.0089 -0.0024 -1.0000
vn -0.0974 0.2517 0.9629
vn -0.1030 0.3231 0.9408
vn -0.1326 0.3188 0.9385
vn -0.0007 0.0091 1.0000
vn -0.0677 0.2559 0.9643
vn 0.0014 0.0107 0.9999
vn 0.1787 -0.1898 -0.9654
vn 0.0056 -0.0052 -1.0000
vn -0.0128 -0.0351 0.9993
vn -0.1120 -0.2239 0.9682
vn -0.0984 -0.2489 0.9635
vn -0.0145 -0.0160 0.9998
vn -0.0141 -0.0228 0.9996
vn -0.0191 0.2664 0.9637
vn -0.2961 0.1631 0.9411
vn -0.2376 0.1154 0.9645
vn -0.0109 0.0007 0.9999
vn 0.2376 -0.1154 -0.9645
vn 0.0109 -0.0007 -0.9999
vn -0.0338 0.2470 0.9684
vn -0.0136 0.2692 0.9630
vn -0.0644 0.2994 0.9519
vn 0.0040 0.0128 0.9999
vn -0.0071 0.2504 0.9681
vn -0.0036 -0.0063 1.0000
vn 0.0677 -0.2559 -0.9643
vn -0.0014 -0.0107 -0.9999
vn 0.0974 -0.2517 -0.9629
vn 0.0007 -0.0091 -1.0000
vn 0.1520 -0.2118 -0.9654
vn 0.0040 -0.0064 -1.0000
vn 0.1246 -0.2337 -0.9643
vn 0.0024 -0.0077 -1.0000
vn 0.2908 -0.0413 -0.9559
vn 0.2213 -0.0276 -0.9748
vn -0.0124 -0.0171 -0.9998
vn -0.2908 0.0413 0.9559
vn -0.2213 0.0276 0.9748
vn 0.0124 0.0171 0.9998
vn -0.0173 -0.1129 0.9935
vn 0.4458 0.1060 0.8888
vn 0.0123 -0.0004 0.9999
vn 0.8473 -0.0259 0.5305
vn -0.2924 0.0741 0.9534
vn 0.0006 0.0211 -0.9998
vn -0.0011 -0.0000 -1.0000
vn -0.0007 -0.0213 0.9998
vn 0.4176 -0.0403 0.9077
vn 0.0598 -0.3552 0.9329
vn -0.7835 -0.6214 -0.0006
vn 0.7835 0.6214 0.0006
vn 0.1821 -0.2518 -0.9505
vn -0.1813 0.2507 0.9509
vn 0.2952 -0.0115 0.9554
vn -0.2952 0.0115 -0.9554
vn 0.9597 -0.2719 0.0713
vn 0.1120 0.2239 -0.9682
vt 0.375000 1.000000
vt 0.625000 0.920224
vt 0.375000 0.920224
vt 0.795224 0.750000
vt 0.875000 0.738821
vt 0.795224 0.738821
vt 0.875000 0.750000
vt 0.125000 0.738821
vt 0.125000 0.750000
vt 0.204776 0.750000
vt 0.204776 0.738821
vt 0.625000 1.000000
vt 0.375000 0.011179
vt 0.625000 0.011179
vt 0.625000 0.000000
vt 0.375000 0.000000
vt 0.875000 0.750000
vt 0.875000 0.750000
vt 0.875000 0.750000
vt 0.875000 0.750000
vt 0.875000 0.750000
vt 0.125000 0.750000
vt 0.125000 0.750000
vt 0.125000 0.750000
vt 0.875000 0.750000
vt 0.875000 0.750000
vt 0.875000 0.750000
vt 0.625000 1.000000
vt 0.875000 0.750000
vt 0.125000 0.750000
vt 0.875000 0.750000
vt 0.125000 0.750000
vt 0.375000 1.000000
vt 0.125000 0.750000
vt 0.875000 0.750000
vt 0.125000 0.750000
vt 0.125000 0.750000
vt 0.125000 0.750000
vt 0.625000 1.000000
vt 0.125000 0.750000
vt 0.875000 0.750000
vt 0.125000 0.750000
s 1
usemtl Material.001
f 1061/127/1130 1182/128/1131 1181/129/1131
f 1072/134/1137 1061/135/1138 1064/134/1139
f 1168/132/1140 1185/136/1140 1167/137/1140
f 1186/128/1141 1065/127/1141 1185/129/1141
f 1121/135/1145 1411/135/1134 1129/135/1146
f 1063/131/1133 1184/132/1144 1168/132/1134
f 1162/133/1147 1418/133/1134 1154/133/1148
f 1084/134/1152 1072/134/1137 1076/134/1153
f 1076/134/1153 1064/134/1139 1068/134/1154
f 1063/131/1133 1075/131/1149 1067/131/1142
f 1070/138/1155 1189/127/1134 1069/127/1156
f 1073/135/1157 1068/134/1154 1065/135/1158
f 1092/134/1160 1080/134/1161 1084/134/1152
f 1088/134/1162 1077/135/1163 1080/134/1161
f 1089/135/1164 1084/134/1152 1081/135/1165
f 1142/133/1168 1212/133/1169 1150/133/1170
f 1071/131/1136 1083/131/1171 1075/131/1149
f 1081/135/1165 1076/134/1153 1073/135/1157
f 1080/134/1161 1069/135/1156 1072/134/1137
f 1096/134/1172 1085/135/1173 1088/134/1162
f 1097/135/1174 1092/134/1160 1089/135/1164
f 1087/131/1175 1099/131/1176 1091/131/1177
f 1073/135/1157 1400/135/1134 1081/135/1165
f 1141/135/1180 1207/135/1181 1133/135/1182
f 1079/131/1167 1091/131/1177 1083/131/1171
f 1117/135/1183 1201/135/1184 1109/135/1185
f 1106/133/1189 1404/133/1134 1098/133/1190
f 1100/134/1191 1088/134/1162 1092/134/1160
f 1129/135/1146 1414/135/1134 1137/135/1193
f 1157/135/1195 1211/135/1196 1149/135/1197
f 1116/134/1201 1104/134/1202 1108/134/1203
f 1112/134/1204 1101/135/1205 1104/134/1202
f 1095/131/1188 1107/131/1198 1099/131/1176
f 1105/135/1206 1100/134/1191 1097/135/1174
f 1104/134/1202 1093/135/1207 1096/134/1172
f 1108/134/1203 1096/134/1172 1100/134/1191
f 1124/134/1208 1112/134/1204 1116/134/1201
f 1120/134/1209 1109/135/1185 1112/134/1204
f 1121/135/1145 1116/134/1201 1113/135/1210
f 1122/133/1211 1409/133/1134 1114/133/1212
f 1134/133/1215 1210/133/1216 1142/133/1168
f 1103/131/1187 1115/131/1217 1107/131/1198
f 1113/135/1210 1108/134/1203 1105/135/1206
f 1129/135/1146 1124/134/1208 1121/135/1145
f 1119/131/1218 1131/131/1219 1123/131/1220
f 1149/135/1197 1209/135/1221 1141/135/1180
f 1105/135/1206 1408/135/1134 1113/135/1210
f 1086/133/1224 1198/133/1225 1094/133/1226
f 1111/131/1214 1123/131/1220 1115/131/1217
f 1153/135/1230 1419/135/1231 1161/135/1232
f 1128/134/1235 1117/135/1183 1120/134/1209
f 1132/134/1236 1120/134/1209 1124/134/1208
f 1082/133/1237 1395/133/1134 1074/133/1238
f 1148/134/1242 1136/134/1243 1140/134/1244
f 1144/134/1245 1133/135/1182 1136/134/1243
f 1101/135/1205 1197/135/1246 1093/135/1207
f 1127/131/1229 1139/131/1233 1131/131/1219
f 1129/135/1146 1140/134/1244 1132/134/1236
f 1136/134/1243 1125/135/1247 1128/134/1235
f 1140/134/1244 1128/134/1235 1132/134/1236
f 1152/134/1248 1141/135/1180 1144/134/1245
f 1145/135/1249 1156/134/1250 1148/134/1242
f 1143/131/1251 1155/131/1252 1147/131/1240
f 1074/133/1238 1396/133/1147 1066/133/1253
f 1118/133/1255 1206/133/1256 1126/133/1257
f 1135/131/1228 1147/131/1240 1139/131/1233
f 1137/135/1193 1148/134/1242 1140/134/1244
f 1151/131/1258 1163/131/1259 1155/131/1252
f 1094/133/1226 1200/133/1260 1102/133/1261
f 1156/134/1250 1144/134/1245 1148/134/1242
f 1154/133/1148 1416/133/1134 1146/133/1265
f 1133/135/1182 1205/135/1267 1125/135/1247
f 1162/138/1147 1170/127/1268 1161/127/1232
f 1163/131/1134 1171/133/1147 1162/133/1269
f 1164/134/1270 1165/134/1271 1160/134/1272
f 1153/135/1230 1164/134/1270 1156/134/1250
f 1160/134/1272 1149/135/1197 1152/134/1248
f 1164/134/1270 1152/134/1248 1156/134/1250
f 1161/127/1232 1420/138/1253 1162/138/1147
f 1177/134/1274 1165/134/1271 1169/134/1275
f 1173/134/1276 1166/135/1277 1165/134/1271
f 1178/135/1278 1169/134/1275 1170/135/1268
f 1158/138/1279 1157/127/1280 1174/127/1281
f 1161/135/1232 1169/134/1275 1164/134/1270
f 1160/134/1272 1166/135/1277 1157/135/1195
f 1177/139/1282 1176/140/1282 1173/139/1282
f 1173/139/1282 1175/141/1282 1174/142/1282
f 1179/141/1282 1177/139/1282 1178/142/1282
f 1179/138/1286 1170/127/1286 1171/138/1286
f 1068/134/1154 1185/136/1287 1065/135/1158
f 1172/131/1283 1159/131/1263 1180/131/1288
f 1064/134/1139 1181/136/1291 1167/137/1292
f 1167/137/1292 1068/134/1154 1064/134/1139
f 1078/133/1293 1196/133/1294 1086/133/1224
f 1069/135/1156 1187/135/1134 1061/135/1138
f 1062/133/1253 1190/133/1134 1070/133/1155
f 1061/127/1138 1188/138/1147 1062/138/1253
f 1203/135/1295 1315/135/1296 1257/135/1297
f 1199/135/1307 1299/148/1308 1197/135/1246
f 1205/135/1267 1303/135/1314 1315/135/1296
f 1216/133/1315 1222/133/1147 1218/133/1316
f 1217/135/1318 1219/135/1134 1215/135/1319
f 1201/135/1184 1312/149/1320 1199/135/1307
f 1069/127/1156 1192/138/1253 1070/138/1155
f 1150/133/1170 1213/133/1253 1158/133/1253
f 1102/133/1261 1202/133/1321 1110/133/1322
f 1085/135/1173 1193/135/1323 1077/135/1163
f 1158/138/1253 1214/127/1324 1157/127/1195
f 1109/135/1185 1199/135/1307 1101/135/1205
f 1187/127/1134 1216/138/1315 1188/138/1147
f 1070/133/1155 1194/133/1325 1078/133/1293
f 1110/133/1322 1204/133/1326 1118/133/1255
f 1190/138/1134 1217/127/1318 1189/127/1134
f 1125/135/1247 1203/135/1295 1117/135/1183
f 1077/135/1163 1191/135/1327 1069/135/1156
f 1189/135/1134 1215/135/1319 1187/135/1134
f 1126/133/1257 1208/133/1215 1134/133/1215
f 1188/133/1147 1218/133/1316 1190/133/1134
f 1093/135/1207 1195/135/1328 1085/135/1173
f 1220/133/1329 1226/133/1253 1222/133/1147
f 1221/135/1330 1223/135/1331 1219/135/1134
f 1222/138/1147 1225/127/1332 1221/127/1330
f 1219/127/1134 1224/138/1253 1220/138/1329
f 1193/135/1323 1326/135/1333 1191/135/1327
f 1209/135/1221 1291/135/1334 1308/150/1335
f 1195/135/1328 1270/135/1336 1193/135/1323
f 1213/138/1340 1264/127/1341 1214/127/1342
f 1201/135/1184 1257/135/1297 1258/150/1343
f 1211/135/1196 1264/148/1346 1291/135/1334
f 1197/135/1246 1269/135/1348 1195/135/1328
f 1207/135/1181 1308/150/1335 1303/135/1314
f 1215/127/1319 1220/138/1329 1216/138/1315
f 1218/138/1316 1221/127/1330 1217/127/1318
f 1254/138/1353 1335/127/1354 1336/154/1355
f 1297/148/1356 1231/135/1357 1267/135/1358
f 1330/127/1359 1252/138/1360 1329/138/1361
f 1250/135/1365 1293/148/1366 1266/135/1367
f 1239/135/1370 1260/135/1371 1255/135/1372
f 1249/138/1373 1266/127/1354 1261/138/1355
f 1267/135/1358 1229/135/1374 1272/156/1375
f 1192/138/1381 1326/127/1382 1321/138/1383
f 1229/127/1384 1228/138/1385 1227/127/1385
f 1231/127/1386 1230/138/1384 1229/127/1384
f 1233/127/1388 1232/138/1386 1231/127/1386
f 1237/127/1389 1236/138/1390 1235/127/1387
f 1241/127/1391 1240/138/1392 1239/127/1393
f 1239/127/1393 1238/138/1394 1237/127/1389
f 1243/127/1395 1242/138/1391 1241/127/1391
f 1245/127/1396 1244/138/1397 1243/127/1395
f 1250/127/1398 1248/138/1399 1247/127/1399
f 1247/127/1399 1246/138/1400 1245/127/1396
f 1253/127/1401 1252/138/1401 1251/127/1401
f 1335/135/1402 1251/135/1403 1330/135/1404
f 1245/135/1405 1305/148/1406 1306/158/1407
f 1237/135/1413 1314/135/1414 1260/135/1371
f 1243/135/1415 1317/158/1416 1305/148/1406
f 1314/135/1414 1233/135/1419 1297/148/1356
f 1324/159/1359 1228/138/1360 1323/138/1361
f 1272/156/1375 1227/135/1426 1324/150/1427
f 1247/135/1428 1306/158/1407 1293/148/1366
f 1241/135/1429 1255/135/1372 1317/158/1416
f 1316/158/1430 1257/135/1297 1315/135/1296
f 1317/158/1416 1256/135/1431 1316/158/1430
f 1292/135/1432 1308/150/1335 1291/135/1334
f 1293/148/1366 1307/135/1433 1292/135/1432
f 1270/135/1336 1325/135/1434 1326/135/1333
f 1271/135/1435 1324/150/1427 1325/135/1434
f 1325/127/1444 1321/138/1383 1326/127/1382
f 1325/127/1444 1323/138/1361 1322/138/1444
f 1312/149/1320 1298/160/1445 1299/148/1308
f 1313/135/1446 1297/148/1356 1298/160/1445
f 1304/135/1448 1315/135/1296 1303/135/1314
f 1305/148/1406 1316/158/1430 1304/135/1448
f 1258/150/1343 1313/135/1446 1312/149/1320
f 1260/135/1371 1313/135/1446 1259/135/1449
f 1307/135/1433 1303/135/1314 1308/150/1335
f 1306/158/1407 1304/135/1448 1307/135/1433
f 1269/135/1348 1271/135/1435 1270/135/1336
f 1268/156/1452 1272/156/1375 1271/135/1435
f 1263/138/1453 1265/127/1454 1264/127/1341
f 1261/138/1355 1265/127/1454 1262/138/1454
f 1256/135/1431 1258/150/1343 1257/135/1297
f 1255/135/1372 1259/135/1449 1256/135/1431
f 1265/135/1456 1291/135/1334 1264/148/1346
f 1266/135/1367 1292/135/1432 1265/135/1456
f 1299/148/1308 1268/156/1452 1269/135/1348
f 1298/160/1445 1267/135/1358 1268/156/1452
f 1225/135/1332 1332/135/1462 1223/135/1331
f 1333/135/1463 1331/135/1464 1332/135/1462
f 1334/135/1465 1330/135/1404 1331/135/1464
f 1332/127/1382 1224/138/1466 1223/127/1467
f 1331/127/1444 1327/154/1383 1332/127/1382
f 1331/127/1444 1329/138/1361 1328/138/1444
f 1226/138/1340 1333/127/1341 1225/127/1342
f 1338/138/1468 1334/127/1454 1333/127/1341
f 1336/154/1355 1334/127/1454 1337/138/1454
f 1074/138/1469 1339/138/1147 1340/138/1134
f 1082/138/1470 1340/138/1134 1341/138/1134
f 1146/133/1471 1350/133/1134 1154/133/1472
f 1114/133/1473 1346/133/1134 1122/133/1474
f 1106/138/1475 1343/138/1476 1344/138/1134
f 1154/133/1472 1351/133/1134 1162/133/1477
f 1138/138/1478 1347/138/1479 1348/138/1134
f 1138/133/1478 1349/133/1134 1146/133/1471
f 1082/133/1470 1342/133/1134 1090/133/1480
f 1171/138/1147 1351/138/1134 1352/138/1147
f 1122/133/1474 1347/133/1479 1130/133/1481
f 1106/133/1475 1345/133/1134 1114/133/1473
f 1090/133/1480 1343/133/1476 1098/133/1482
f 1348/133/1134 1363/133/1134 1349/133/1134
f 1341/133/1134 1356/133/1134 1342/133/1134
f 1349/133/1134 1364/133/1134 1350/133/1134
f 1344/138/1134 1357/138/1476 1358/138/1134
f 1350/133/1134 1365/133/1134 1351/133/1134
f 1342/133/1134 1357/133/1476 1343/133/1476
f 1352/138/1147 1365/138/1134 1366/138/1147
f 1344/133/1134 1359/133/1134 1345/133/1134
f 1345/133/1134 1360/133/1134 1346/133/1134
f 1348/138/1134 1361/138/1479 1362/138/1134
f 1340/138/1134 1353/138/1147 1354/138/1134
f 1346/133/1134 1361/133/1479 1347/133/1479
f 1341/138/1134 1354/138/1134 1355/138/1134
f 1356/133/1134 1371/133/1134 1357/133/1476
f 1366/138/1147 1379/138/1134 1380/138/1147
f 1358/133/1134 1373/133/1134 1359/133/1134
f 1359/133/1134 1374/133/1134 1360/133/1134
f 1362/138/1134 1375/138/1479 1376/138/1134
f 1354/138/1134 1367/138/1147 1368/138/1134
f 1360/133/1134 1375/133/1479 1361/133/1479
f 1355/138/1134 1368/138/1134 1369/138/1134
f 1362/133/1134 1377/133/1134 1363/133/1134
f 1355/133/1134 1370/133/1134 1356/133/1134
f 1363/133/1134 1378/133/1134 1364/133/1134
f 1358/138/1134 1371/138/1134 1372/138/1134
f 1364/133/1134 1379/133/1134 1365/133/1134
f 1376/138/1134 1389/138/1483 1390/138/1484
f 1368/138/1134 1381/138/1485 1382/138/1486
f 1374/133/1134 1389/133/1483 1375/133/1479
f 1369/138/1134 1382/138/1486 1383/138/1487
f 1376/133/1134 1391/133/1265 1377/133/1134
f 1369/133/1134 1384/133/1488 1370/133/1134
f 1377/133/1134 1392/133/1148 1378/133/1134
f 1372/138/1134 1385/138/1190 1386/138/1189
f 1378/133/1134 1393/133/1134 1379/133/1134
f 1370/133/1134 1385/133/1190 1371/133/1134
f 1380/138/1147 1393/138/1134 1394/138/1147
f 1372/133/1134 1387/133/1212 1373/133/1134
f 1373/133/1134 1388/133/1211 1374/133/1134
f 1398/135/1489 1426/135/1490 1400/135/1134
f 1416/133/1134 1439/133/1491 1413/133/1492
f 1404/133/1134 1428/133/1480 1402/133/1493
f 1420/133/1494 1444/133/1495 1418/133/1134
f 1410/133/1496 1435/133/1473 1409/133/1134
f 1401/133/1497 1421/133/1486 1395/133/1134
f 1399/135/1498 1431/135/1499 1405/135/1500
f 1417/135/1501 1445/135/1502 1419/135/1231
f 1411/135/1134 1440/135/1503 1414/135/1134
f 1405/135/1500 1432/135/1504 1406/135/1505
f 1445/127/1506 1420/138/1506 1419/127/1506
f 1406/135/1505 1434/135/1507 1408/135/1134
f 1146/133/1265 1413/133/1492 1138/133/1508
f 1138/133/1508 1412/133/1134 1130/133/1509
f 1090/133/1488 1401/133/1497 1082/133/1237
f 1089/135/1164 1405/135/1500 1097/135/1174
f 1066/138/1253 1397/127/1134 1065/127/1158
f 1113/135/1210 1407/135/1134 1121/135/1145
f 1145/135/1249 1417/135/1501 1153/135/1230
f 1130/133/1509 1410/133/1496 1122/133/1211
f 1137/135/1193 1415/135/1134 1145/135/1249
f 1114/133/1212 1403/133/1134 1106/133/1189
f 1097/135/1174 1406/135/1505 1105/135/1206
f 1065/135/1158 1398/135/1489 1073/135/1157
f 1098/133/1190 1402/133/1493 1090/133/1488
f 1081/135/1165 1399/135/1498 1089/135/1164
f 1509/149/1525 1457/135/1526 1489/135/1527
f 1469/135/1528 1492/135/1529 1480/135/1530
f 1463/135/1531 1488/160/1532 1483/150/1533
f 1489/135/1527 1458/135/1534 1498/162/1535
f 1492/127/1536 1472/138/1536 1497/138/1536
f 1458/135/1534 1503/163/1537 1498/162/1535
f 1504/162/1538 1451/135/1539 1509/149/1525
f 1395/133/1134 1422/133/1253 1396/133/1147
f 1414/135/1134 1441/135/1540 1415/135/1134
f 1413/133/1492 1438/133/1541 1412/133/1134
f 1396/138/1147 1423/127/1542 1397/127/1134
f 1408/135/1134 1433/135/1543 1407/135/1134
f 1402/133/1493 1427/133/1544 1401/133/1497
f 1407/135/1134 1437/135/1545 1411/135/1134
f 1397/135/1134 1424/135/1546 1398/135/1489
f 1415/135/1134 1443/135/1547 1417/135/1501
f 1403/133/1134 1430/133/1482 1404/133/1134
f 1412/133/1134 1436/133/1474 1410/133/1496
f 1409/133/1134 1429/133/1475 1403/133/1134
f 1418/133/1134 1442/133/1471 1416/133/1134
f 1400/135/1134 1425/135/1548 1399/135/1498
f 1447/138/1549 1449/127/1550 1448/138/1550
f 1453/138/1551 1450/127/1552 1447/138/1549
f 1454/138/1553 1452/127/1554 1453/138/1551
f 1455/138/1555 1457/127/1556 1456/138/1557
f 1456/138/1557 1451/127/1558 1454/138/1553
f 1455/138/1555 1460/127/1559 1458/127/1555
f 1462/138/1560 1460/127/1559 1461/138/1559
f 1464/138/1561 1466/127/1562 1463/127/1563
f 1462/138/1560 1463/127/1563 1459/127/1564
f 1465/138/1565 1467/127/1566 1466/127/1562
f 1468/138/1567 1469/127/1568 1467/127/1566
f 1470/138/1569 1471/127/1570 1469/127/1568
f 1534/135/1571 1452/135/1572 1504/162/1538
f 1466/135/1575 1542/164/1576 1488/160/1532
f 1460/135/1582 1551/156/1583 1503/163/1537
f 1459/135/1585 1483/150/1533 1551/156/1583
f 1548/158/1586 1450/135/1587 1534/135/1571
f 1467/135/1588 1480/135/1530 1542/164/1576
f 1476/138/1593 1560/127/1593 1557/138/1593
f 1567/156/1594 1475/135/1595 1563/135/1596
f 1563/127/1596 1476/138/1253 1562/138/1147
f 1561/165/1597 1473/127/1597 1564/127/1597
f 1473/135/1598 1565/135/1599 1564/150/1600
f 1558/135/1601 1566/135/1602 1565/135/1599
f 1559/135/1603 1567/156/1594 1566/135/1602
f 1474/138/1593 1558/127/1593 1473/127/1593
f 1555/138/1593 1559/127/1593 1558/127/1593
f 1557/138/1593 1559/127/1593 1556/138/1593
f 1540/135/1625 1443/135/1547 1441/135/1540
f 1541/135/1626 1482/163/1627 1540/135/1625
f 1542/164/1576 1481/149/1628 1541/135/1626
f 1423/135/1542 1536/162/1629 1424/135/1546
f 1546/135/1630 1535/135/1631 1536/162/1629
f 1547/150/1632 1534/135/1571 1535/135/1631
f 1549/135/1633 1437/135/1545 1433/135/1543
f 1550/135/1634 1485/150/1635 1549/135/1633
f 1551/156/1583 1484/166/1636 1550/135/1634
f 1501/150/1643 1433/135/1543 1434/135/1507
f 1502/150/1644 1549/135/1633 1501/150/1643
f 1503/163/1537 1550/135/1634 1502/150/1644
f 1486/135/1654 1441/135/1540 1440/135/1503
f 1487/162/1655 1540/135/1625 1486/135/1654
f 1488/160/1532 1541/135/1626 1487/162/1655
f 1424/135/1546 1506/135/1662 1426/135/1490
f 1536/162/1629 1505/160/1663 1506/135/1662
f 1535/135/1631 1504/162/1538 1505/160/1663
f 1426/135/1490 1507/160/1664 1425/135/1548
f 1506/135/1662 1508/168/1665 1507/160/1664
f 1505/160/1663 1509/149/1525 1508/168/1665
f 1500/162/1666 1434/135/1507 1432/135/1504
f 1499/162/1667 1501/150/1643 1500/162/1666
f 1498/162/1535 1502/150/1644 1499/162/1667
f 1494/127/1536 1446/138/1536 1445/127/1536
f 1493/127/1536 1495/138/1536 1494/127/1536
f 1493/127/1536 1497/138/1536 1496/138/1536
f 1431/135/1499 1500/162/1666 1432/135/1504
f 1491/148/1668 1499/162/1667 1500/162/1666
f 1490/135/1669 1498/162/1535 1499/162/1667
f 1485/150/1635 1440/135/1503 1437/135/1545
f 1484/166/1636 1486/135/1654 1485/150/1635
f 1483/150/1533 1487/162/1655 1484/166/1636
f 1482/163/1627 1445/135/1670 1443/135/1547
f 1481/149/1628 1494/135/1671 1482/163/1627
f 1480/135/1530 1493/135/1672 1481/149/1628
f 1425/135/1548 1491/148/1668 1431/135/1499
f 1507/160/1664 1490/135/1669 1491/148/1668
f 1508/168/1665 1489/135/1527 1490/135/1669
f 1566/135/1602 1548/158/1586 1547/150/1632
f 1565/135/1599 1547/150/1632 1546/135/1630
f 1564/150/1600 1546/135/1630 1423/135/1542
f 1422/138/1597 1564/127/1597 1423/127/1597
f 1449/127/1677 1562/138/1147 1448/138/1253
f 1548/158/1586 1563/135/1596 1449/135/1677
f 1061/127/1130 1062/138/1130 1182/128/1131
f 1072/134/1137 1069/135/1156 1061/135/1138
f 1184/132/1140 1186/128/1140 1185/136/1140
f 1185/136/1140 1183/137/1678 1167/137/1140
f 1167/137/1140 1181/129/1140 1182/130/1140
f 1168/132/1140 1184/132/1140 1185/136/1140
f 1167/137/1140 1182/130/1140 1168/132/1140
f 1186/128/1141 1066/138/1141 1065/127/1141
f 1121/135/1145 1407/135/1134 1411/135/1134
f 1063/131/1133 1067/131/1142 1184/132/1144
f 1162/133/1147 1420/133/1253 1418/133/1134
f 1084/134/1152 1080/134/1161 1072/134/1137
f 1076/134/1153 1072/134/1137 1064/134/1139
f 1063/131/1133 1071/131/1136 1075/131/1149
f 1070/138/1155 1190/138/1134 1189/127/1134
f 1073/135/1157 1076/134/1153 1068/134/1154
f 1092/134/1160 1088/134/1162 1080/134/1161
f 1088/134/1162 1085/135/1173 1077/135/1163
f 1089/135/1164 1092/134/1160 1084/134/1152
f 1142/133/1168 1210/133/1216 1212/133/1169
f 1071/131/1136 1079/131/1167 1083/131/1171
f 1081/135/1165 1084/134/1152 1076/134/1153
f 1080/134/1161 1077/135/1163 1069/135/1156
f 1096/134/1172 1093/135/1207 1085/135/1173
f 1097/135/1174 1100/134/1191 1092/134/1160
f 1087/131/1175 1095/131/1188 1099/131/1176
f 1073/135/1157 1398/135/1489 1400/135/1134
f 1141/135/1180 1209/135/1221 1207/135/1181
f 1079/131/1167 1087/131/1175 1091/131/1177
f 1117/135/1183 1203/135/1295 1201/135/1184
f 1106/133/1189 1403/133/1134 1404/133/1134
f 1100/134/1191 1096/134/1172 1088/134/1162
f 1129/135/1146 1411/135/1134 1414/135/1134
f 1157/135/1195 1214/135/1324 1211/135/1196
f 1116/134/1201 1112/134/1204 1104/134/1202
f 1112/134/1204 1109/135/1185 1101/135/1205
f 1095/131/1188 1103/131/1187 1107/131/1198
f 1105/135/1206 1108/134/1203 1100/134/1191
f 1104/134/1202 1101/135/1205 1093/135/1207
f 1108/134/1203 1104/134/1202 1096/134/1172
f 1124/134/1208 1120/134/1209 1112/134/1204
f 1120/134/1209 1117/135/1183 1109/135/1185
f 1121/135/1145 1124/134/1208 1116/134/1201
f 1122/133/1211 1410/133/1496 1409/133/1134
f 1134/133/1215 1208/133/1215 1210/133/1216
f 1103/131/1187 1111/131/1214 1115/131/1217
f 1113/135/1210 1116/134/1201 1108/134/1203
f 1129/135/1146 1132/134/1236 1124/134/1208
f 1119/131/1218 1127/131/1229 1131/131/1219
f 1149/135/1197 1211/135/1196 1209/135/1221
f 1105/135/1206 1406/135/1505 1408/135/1134
f 1086/133/1224 1196/133/1294 1198/133/1225
f 1111/131/1214 1119/131/1218 1123/131/1220
f 1153/135/1230 1417/135/1501 1419/135/1231
f 1128/134/1235 1125/135/1247 1117/135/1183
f 1132/134/1236 1128/134/1235 1120/134/1209
f 1082/133/1237 1401/133/1497 1395/133/1134
f 1148/134/1242 1144/134/1245 1136/134/1243
f 1144/134/1245 1141/135/1180 1133/135/1182
f 1101/135/1205 1199/135/1307 1197/135/1246
f 1127/131/1229 1135/131/1228 1139/131/1233
f 1129/135/1146 1137/135/1193 1140/134/1244
f 1136/134/1243 1133/135/1182 1125/135/1247
f 1140/134/1244 1136/134/1243 1128/134/1235
f 1152/134/1248 1149/135/1197 1141/135/1180
f 1145/135/1249 1153/135/1230 1156/134/1250
f 1143/131/1251 1151/131/1258 1155/131/1252
f 1074/133/1238 1395/133/1134 1396/133/1147
f 1118/133/1255 1204/133/1326 1206/133/1256
f 1135/131/1228 1143/131/1251 1147/131/1240
f 1137/135/1193 1145/135/1249 1148/134/1242
f 1151/131/1258 1159/131/1263 1163/131/1259
f 1094/133/1226 1198/133/1225 1200/133/1260
f 1156/134/1250 1152/134/1248 1144/134/1245
f 1154/133/1148 1418/133/1134 1416/133/1134
f 1133/135/1182 1207/135/1181 1205/135/1267
f 1162/138/1147 1171/138/1253 1170/127/1268
f 1163/131/1134 1172/131/1679 1171/133/1147
f 1164/134/1270 1169/134/1275 1165/134/1271
f 1153/135/1230 1161/135/1232 1164/134/1270
f 1160/134/1272 1157/135/1195 1149/135/1197
f 1164/134/1270 1160/134/1272 1152/134/1248
f 1161/127/1232 1419/127/1231 1420/138/1253
f 1177/134/1274 1173/134/1276 1165/134/1271
f 1173/134/1276 1174/135/1681 1166/135/1277
f 1178/135/1278 1177/134/1274 1169/134/1275
f 1174/127/1281 1175/138/1281 1158/138/1279
f 1157/127/1280 1166/127/1134 1174/127/1281
f 1161/135/1232 1170/135/1268 1169/134/1275
f 1160/134/1272 1165/134/1271 1166/135/1277
f 1177/139/1282 1180/140/1282 1176/140/1282
f 1173/139/1282 1176/140/1282 1175/141/1282
f 1179/141/1282 1180/140/1282 1177/139/1282
f 1179/138/1286 1178/127/1286 1170/127/1286
f 1068/134/1154 1183/137/1682 1185/136/1287
f 1159/131/1263 1176/131/1290 1180/131/1288
f 1172/131/1283 1163/131/1259 1159/131/1263
f 1064/134/1139 1061/135/1138 1181/136/1291
f 1167/137/1292 1183/137/1682 1068/134/1154
f 1078/133/1293 1194/133/1325 1196/133/1294
f 1069/135/1156 1189/135/1134 1187/135/1134
f 1062/133/1253 1188/133/1147 1190/133/1134
f 1061/127/1138 1187/127/1134 1188/138/1147
f 1203/135/1295 1205/135/1267 1315/135/1296
f 1199/135/1307 1312/149/1320 1299/148/1308
f 1205/135/1267 1207/135/1181 1303/135/1314
f 1216/133/1315 1220/133/1329 1222/133/1147
f 1217/135/1318 1221/135/1330 1219/135/1134
f 1201/135/1184 1258/150/1343 1312/149/1320
f 1069/127/1156 1191/127/1327 1192/138/1253
f 1150/133/1170 1212/133/1169 1213/133/1253
f 1102/133/1261 1200/133/1260 1202/133/1321
f 1085/135/1173 1195/135/1328 1193/135/1323
f 1158/138/1253 1213/138/1253 1214/127/1324
f 1109/135/1185 1201/135/1184 1199/135/1307
f 1187/127/1134 1215/127/1319 1216/138/1315
f 1070/133/1155 1192/133/1253 1194/133/1325
f 1110/133/1322 1202/133/1321 1204/133/1326
f 1190/138/1134 1218/138/1316 1217/127/1318
f 1125/135/1247 1205/135/1267 1203/135/1295
f 1077/135/1163 1193/135/1323 1191/135/1327
f 1189/135/1134 1217/135/1318 1215/135/1319
f 1126/133/1257 1206/133/1256 1208/133/1215
f 1188/133/1147 1216/133/1315 1218/133/1316
f 1093/135/1207 1197/135/1246 1195/135/1328
f 1220/133/1329 1224/133/1253 1226/133/1253
f 1221/135/1330 1225/135/1332 1223/135/1331
f 1222/138/1147 1226/138/1253 1225/127/1332
f 1219/127/1134 1223/127/1331 1224/138/1253
f 1193/135/1323 1270/135/1336 1326/135/1333
f 1209/135/1221 1211/135/1196 1291/135/1334
f 1195/135/1328 1269/135/1348 1270/135/1336
f 1213/138/1340 1263/138/1453 1264/127/1341
f 1201/135/1184 1203/135/1295 1257/135/1297
f 1211/135/1196 1214/135/1324 1264/148/1346
f 1197/135/1246 1299/148/1308 1269/135/1348
f 1207/135/1181 1209/135/1221 1308/150/1335
f 1215/127/1319 1219/127/1134 1220/138/1329
f 1218/138/1316 1222/138/1147 1221/127/1330
f 1254/138/1353 1253/127/1686 1335/127/1354
f 1297/148/1356 1233/135/1419 1231/135/1357
f 1330/127/1359 1251/127/1687 1252/138/1360
f 1250/135/1365 1247/135/1428 1293/148/1366
f 1239/135/1370 1237/135/1413 1260/135/1371
f 1249/138/1373 1250/127/1686 1266/127/1354
f 1267/135/1358 1231/135/1357 1229/135/1374
f 1192/138/1381 1191/127/1467 1326/127/1382
f 1229/127/1384 1230/138/1384 1228/138/1385
f 1231/127/1386 1232/138/1386 1230/138/1384
f 1233/127/1388 1234/138/1388 1232/138/1386
f 1237/127/1389 1238/138/1394 1236/138/1390
f 1241/127/1391 1242/138/1391 1240/138/1392
f 1239/127/1393 1240/138/1392 1238/138/1394
f 1243/127/1395 1244/138/1397 1242/138/1391
f 1245/127/1396 1246/138/1400 1244/138/1397
f 1250/127/1398 1249/138/1398 1248/138/1399
f 1247/127/1399 1248/138/1399 1246/138/1400
f 1253/127/1401 1254/138/1401 1252/138/1401
f 1335/135/1402 1253/135/1403 1251/135/1403
f 1245/135/1405 1243/135/1415 1305/148/1406
f 1237/135/1413 1235/135/1688 1314/135/1414
f 1243/135/1415 1241/135/1429 1317/158/1416
f 1314/135/1414 1235/135/1688 1233/135/1419
f 1324/159/1359 1227/127/1687 1228/138/1360
f 1272/156/1375 1229/135/1374 1227/135/1426
f 1247/135/1428 1245/135/1405 1306/158/1407
f 1241/135/1429 1239/135/1370 1255/135/1372
f 1316/158/1430 1256/135/1431 1257/135/1297
f 1317/158/1416 1255/135/1372 1256/135/1431
f 1292/135/1432 1307/135/1433 1308/150/1335
f 1293/148/1366 1306/158/1407 1307/135/1433
f 1270/135/1336 1271/135/1435 1325/135/1434
f 1271/135/1435 1272/156/1375 1324/150/1427
f 1325/127/1444 1322/138/1444 1321/138/1383
f 1325/127/1444 1324/159/1359 1323/138/1361
f 1312/149/1320 1313/135/1446 1298/160/1445
f 1313/135/1446 1314/135/1414 1297/148/1356
f 1304/135/1448 1316/158/1430 1315/135/1296
f 1305/148/1406 1317/158/1416 1316/158/1430
f 1258/150/1343 1259/135/1449 1313/135/1446
f 1260/135/1371 1314/135/1414 1313/135/1446
f 1307/135/1433 1304/135/1448 1303/135/1314
f 1306/158/1407 1305/148/1406 1304/135/1448
f 1269/135/1348 1268/156/1452 1271/135/1435
f 1268/156/1452 1267/135/1358 1272/156/1375
f 1263/138/1453 1262/138/1454 1265/127/1454
f 1261/138/1355 1266/127/1354 1265/127/1454
f 1256/135/1431 1259/135/1449 1258/150/1343
f 1255/135/1372 1260/135/1371 1259/135/1449
f 1265/135/1456 1292/135/1432 1291/135/1334
f 1266/135/1367 1293/148/1366 1292/135/1432
f 1299/148/1308 1298/160/1445 1268/156/1452
f 1298/160/1445 1297/148/1356 1267/135/1358
f 1225/135/1332 1333/135/1463 1332/135/1462
f 1333/135/1463 1334/135/1465 1331/135/1464
f 1334/135/1465 1335/135/1402 1330/135/1404
f 1332/127/1382 1327/154/1383 1224/138/1466
f 1331/127/1444 1328/138/1444 1327/154/1383
f 1331/127/1444 1330/127/1359 1329/138/1361
f 1226/138/1340 1338/138/1468 1333/127/1341
f 1338/138/1468 1337/138/1454 1334/127/1454
f 1336/154/1355 1335/127/1354 1334/127/1454
f 1074/138/1469 1066/138/1147 1339/138/1147
f 1082/138/1470 1074/138/1469 1340/138/1134
f 1146/133/1471 1349/133/1134 1350/133/1134
f 1114/133/1473 1345/133/1134 1346/133/1134
f 1106/138/1475 1098/138/1482 1343/138/1476
f 1154/133/1472 1350/133/1134 1351/133/1134
f 1138/138/1478 1130/138/1481 1347/138/1479
f 1138/133/1478 1348/133/1134 1349/133/1134
f 1082/133/1470 1341/133/1134 1342/133/1134
f 1171/138/1147 1162/138/1477 1351/138/1134
f 1122/133/1474 1346/133/1134 1347/133/1479
f 1106/133/1475 1344/133/1134 1345/133/1134
f 1090/133/1480 1342/133/1134 1343/133/1476
f 1348/133/1134 1362/133/1134 1363/133/1134
f 1341/133/1134 1355/133/1134 1356/133/1134
f 1349/133/1134 1363/133/1134 1364/133/1134
f 1344/138/1134 1343/138/1476 1357/138/1476
f 1350/133/1134 1364/133/1134 1365/133/1134
f 1342/133/1134 1356/133/1134 1357/133/1476
f 1352/138/1147 1351/138/1134 1365/138/1134
f 1344/133/1134 1358/133/1134 1359/133/1134
f 1345/133/1134 1359/133/1134 1360/133/1134
f 1348/138/1134 1347/138/1479 1361/138/1479
f 1340/138/1134 1339/138/1147 1353/138/1147
f 1346/133/1134 1360/133/1134 1361/133/1479
f 1341/138/1134 1340/138/1134 1354/138/1134
f 1356/133/1134 1370/133/1134 1371/133/1134
f 1366/138/1147 1365/138/1134 1379/138/1134
f 1358/133/1134 1372/133/1134 1373/133/1134
f 1359/133/1134 1373/133/1134 1374/133/1134
f 1362/138/1134 1361/138/1479 1375/138/1479
f 1354/138/1134 1353/138/1147 1367/138/1147
f 1360/133/1134 1374/133/1134 1375/133/1479
f 1355/138/1134 1354/138/1134 1368/138/1134
f 1362/133/1134 1376/133/1134 1377/133/1134
f 1355/133/1134 1369/133/1134 1370/133/1134
f 1363/133/1134 1377/133/1134 1378/133/1134
f 1358/138/1134 1357/138/1476 1371/138/1134
f 1364/133/1134 1378/133/1134 1379/133/1134
f 1376/138/1134 1375/138/1479 1389/138/1483
f 1368/138/1134 1367/138/1147 1381/138/1485
f 1374/133/1134 1388/133/1211 1389/133/1483
f 1369/138/1134 1368/138/1134 1382/138/1486
f 1376/133/1134 1390/133/1484 1391/133/1265
f 1369/133/1134 1383/133/1487 1384/133/1488
f 1377/133/1134 1391/133/1265 1392/133/1148
f 1372/138/1134 1371/138/1134 1385/138/1190
f 1378/133/1134 1392/133/1148 1393/133/1134
f 1370/133/1134 1384/133/1488 1385/133/1190
f 1380/138/1147 1379/138/1134 1393/138/1134
f 1372/133/1134 1386/133/1189 1387/133/1212
f 1373/133/1134 1387/133/1212 1388/133/1211
f 1398/135/1489 1424/135/1546 1426/135/1490
f 1416/133/1134 1442/133/1471 1439/133/1491
f 1404/133/1134 1430/133/1482 1428/133/1480
f 1420/133/1494 1446/133/1494 1444/133/1495
f 1410/133/1496 1436/133/1474 1435/133/1473
f 1401/133/1497 1427/133/1544 1421/133/1486
f 1399/135/1498 1425/135/1548 1431/135/1499
f 1417/135/1501 1443/135/1547 1445/135/1502
f 1411/135/1134 1437/135/1545 1440/135/1503
f 1405/135/1500 1431/135/1499 1432/135/1504
f 1445/127/1506 1446/138/1506 1420/138/1506
f 1406/135/1505 1432/135/1504 1434/135/1507
f 1146/133/1265 1416/133/1134 1413/133/1492
f 1138/133/1508 1413/133/1492 1412/133/1134
f 1090/133/1488 1402/133/1493 1401/133/1497
f 1089/135/1164 1399/135/1498 1405/135/1500
f 1066/138/1253 1396/138/1147 1397/127/1134
f 1113/135/1210 1408/135/1134 1407/135/1134
f 1145/135/1249 1415/135/1134 1417/135/1501
f 1130/133/1509 1412/133/1134 1410/133/1496
f 1137/135/1193 1414/135/1134 1415/135/1134
f 1114/133/1212 1409/133/1134 1403/133/1134
f 1097/135/1174 1405/135/1500 1406/135/1505
f 1065/135/1158 1397/135/1134 1398/135/1489
f 1098/133/1190 1404/133/1134 1402/133/1493
f 1081/135/1165 1400/135/1134 1399/135/1498
f 1509/149/1525 1451/135/1539 1457/135/1526
f 1469/135/1528 1471/135/1691 1492/135/1529
f 1463/135/1531 1466/135/1575 1488/160/1532
f 1489/135/1527 1457/135/1526 1458/135/1534
f 1492/127/1536 1471/127/1536 1472/138/1536
f 1458/135/1534 1460/135/1582 1503/163/1537
f 1504/162/1538 1452/135/1572 1451/135/1539
f 1395/133/1134 1421/133/1486 1422/133/1253
f 1414/135/1134 1440/135/1503 1441/135/1540
f 1413/133/1492 1439/133/1491 1438/133/1541
f 1396/138/1147 1422/138/1253 1423/127/1542
f 1408/135/1134 1434/135/1507 1433/135/1543
f 1402/133/1493 1428/133/1480 1427/133/1544
f 1407/135/1134 1433/135/1543 1437/135/1545
f 1397/135/1134 1423/135/1542 1424/135/1546
f 1415/135/1134 1441/135/1540 1443/135/1547
f 1403/133/1134 1429/133/1475 1430/133/1482
f 1412/133/1134 1438/133/1541 1436/133/1474
f 1409/133/1134 1435/133/1473 1429/133/1475
f 1418/133/1134 1444/133/1692 1442/133/1471
f 1400/135/1134 1426/135/1490 1425/135/1548
f 1447/138/1549 1450/127/1552 1449/127/1550
f 1453/138/1551 1452/127/1554 1450/127/1552
f 1454/138/1553 1451/127/1558 1452/127/1554
f 1455/138/1555 1458/127/1555 1457/127/1556
f 1456/138/1557 1457/127/1556 1451/127/1558
f 1455/138/1555 1461/138/1559 1460/127/1559
f 1462/138/1560 1459/127/1564 1460/127/1559
f 1464/138/1561 1465/138/1565 1466/127/1562
f 1462/138/1560 1464/138/1561 1463/127/1563
f 1465/138/1565 1468/138/1567 1467/127/1566
f 1468/138/1567 1470/138/1569 1469/127/1568
f 1470/138/1569 1472/138/1570 1471/127/1570
f 1534/135/1571 1450/135/1587 1452/135/1572
f 1466/135/1575 1467/135/1588 1542/164/1576
f 1460/135/1582 1459/135/1585 1551/156/1583
f 1459/135/1585 1463/135/1531 1483/150/1533
f 1548/158/1586 1449/135/1677 1450/135/1587
f 1467/135/1588 1469/135/1528 1480/135/1530
f 1476/138/1593 1475/127/1593 1560/127/1593
f 1567/156/1594 1560/135/1693 1475/135/1595
f 1563/127/1596 1475/127/1595 1476/138/1253
f 1561/165/1597 1474/138/1597 1473/127/1597
f 1473/135/1598 1558/135/1601 1565/135/1599
f 1558/135/1601 1559/135/1603 1566/135/1602
f 1559/135/1603 1560/135/1693 1567/156/1594
f 1474/138/1593 1555/138/1593 1558/127/1593
f 1555/138/1593 1556/138/1593 1559/127/1593
f 1557/138/1593 1560/127/1593 1559/127/1593
f 1540/135/1625 1482/163/1627 1443/135/1547
f 1541/135/1626 1481/149/1628 1482/163/1627
f 1542/164/1576 1480/135/1530 1481/149/1628
f 1423/135/1542 1546/135/1630 1536/162/1629
f 1546/135/1630 1547/150/1632 1535/135/1631
f 1547/150/1632 1548/158/1586 1534/135/1571
f 1549/135/1633 1485/150/1635 1437/135/1545
f 1550/135/1634 1484/166/1636 1485/150/1635
f 1551/156/1583 1483/150/1533 1484/166/1636
f 1501/150/1643 1549/135/1633 1433/135/1543
f 1502/150/1644 1550/135/1634 1549/135/1633
f 1503/163/1537 1551/156/1583 1550/135/1634
f 1486/135/1654 1540/135/1625 1441/135/1540
f 1487/162/1655 1541/135/1626 1540/135/1625
f 1488/160/1532 1542/164/1576 1541/135/1626
f 1424/135/1546 1536/162/1629 1506/135/1662
f 1536/162/1629 1535/135/1631 1505/160/1663
f 1535/135/1631 1534/135/1571 1504/162/1538
f 1426/135/1490 1506/135/1662 1507/160/1664
f 1506/135/1662 1505/160/1663 1508/168/1665
f 1505/160/1663 1504/162/1538 1509/149/1525
f 1500/162/1666 1501/150/1643 1434/135/1507
f 1499/162/1667 1502/150/1644 1501/150/1643
f 1498/162/1535 1503/163/1537 1502/150/1644
f 1494/127/1536 1495/138/1536 1446/138/1536
f 1493/127/1536 1496/138/1536 1495/138/1536
f 1493/127/1536 1492/127/1536 1497/138/1536
f 1431/135/1499 1491/148/1668 1500/162/1666
f 1491/148/1668 1490/135/1669 1499/162/1667
f 1490/135/1669 1489/135/1527 1498/162/1535
f 1485/150/1635 1486/135/1654 1440/135/1503
f 1484/166/1636 1487/162/1655 1486/135/1654
f 1483/150/1533 1488/160/1532 1487/162/1655
f 1482/163/1627 1494/135/1671 1445/135/1670
f 1481/149/1628 1493/135/1672 1494/135/1671
f 1480/135/1530 1492/135/1529 1493/135/1672
f 1425/135/1548 1507/160/1664 1491/148/1668
f 1507/160/1664 1508/168/1665 1490/135/1669
f 1508/168/1665 1509/149/1525 1489/135/1527
f 1566/135/1602 1567/156/1594 1548/158/1586
f 1565/135/1599 1566/135/1602 1547/150/1632
f 1564/150/1600 1565/135/1599 1546/135/1630
f 1422/138/1597 1561/165/1597 1564/127/1597
f 1449/127/1677 1563/127/1596 1562/138/1147
f 1548/158/1586 1567/156/1594 1563/135/1596
usemtl Material.003
f 1200/133/1312 1300/147/1313 1318/146/1305
f 1206/133/1317 1309/145/1311 1208/133/1310
f 1210/133/1337 1282/144/1300 1212/133/1299
f 1196/133/1344 1290/145/1303 1285/152/1345
f 1202/133/1304 1275/153/1347 1204/133/1338
f 1294/144/1362 1240/133/1363 1273/145/1364
f 1230/133/1368 1287/147/1352 1288/155/1369
f 1279/133/1378 1248/133/1379 1284/133/1380
f 1235/127/1387 1234/138/1388 1233/127/1388
f 1252/133/1408 1336/143/1409 1329/133/1410
f 1278/157/1377 1244/133/1411 1311/133/1412
f 1234/133/1417 1320/143/1418 1302/145/1351
f 1301/133/1447 1318/146/1305 1300/147/1313
f 1302/145/1351 1319/146/1440 1301/133/1447
f 1276/151/1339 1310/155/1443 1309/145/1311
f 1277/145/1450 1311/133/1412 1310/155/1443
f 1281/145/1309 1283/146/1437 1282/144/1300
f 1280/133/1442 1284/133/1380 1283/146/1437
f 1289/155/1439 1285/152/1345 1290/145/1303
f 1288/155/1369 1286/133/1455 1289/155/1439
f 1296/147/1306 1274/152/1451 1275/153/1347
f 1295/157/1441 1273/145/1364 1274/152/1451
f 1327/143/1457 1226/133/1458 1224/133/1458
f 1328/133/1459 1338/133/1460 1327/143/1457
f 1329/133/1410 1337/133/1461 1328/133/1459
f 1531/157/1510 1465/133/1511 1530/155/1512
f 1456/133/1513 1524/133/1514 1525/133/1515
f 1453/133/1522 1479/133/1523 1510/146/1524
f 1530/155/1512 1464/133/1577 1545/153/1578
f 1454/133/1584 1510/146/1524 1524/133/1514
f 1545/153/1578 1462/133/1591 1516/161/1519
f 1438/133/1616 1518/161/1617 1436/133/1618
f 1543/133/1619 1517/161/1620 1518/161/1617
f 1544/133/1621 1516/161/1519 1517/161/1620
f 1522/133/1637 1427/133/1638 1428/133/1639
f 1523/133/1640 1512/152/1641 1522/133/1637
f 1524/133/1514 1511/147/1642 1523/133/1640
f 1439/133/1651 1543/133/1619 1438/133/1616
f 1528/145/1652 1544/133/1621 1543/133/1619
f 1529/145/1653 1545/153/1578 1544/133/1621
f 1512/152/1641 1421/133/1658 1427/133/1638
f 1511/147/1642 1477/133/1656 1512/152/1641
f 1510/146/1524 1478/133/1659 1511/147/1642
f 1527/157/1623 1428/133/1639 1430/133/1622
f 1526/133/1624 1522/133/1637 1527/157/1623
f 1525/133/1515 1523/133/1640 1526/133/1624
f 1442/133/1606 1528/145/1652 1439/133/1651
f 1533/133/1605 1529/145/1653 1528/145/1652
f 1532/143/1608 1530/155/1512 1529/145/1653
f 1200/133/1312 1198/133/1349 1300/147/1313
f 1206/133/1317 1276/151/1339 1309/145/1311
f 1210/133/1337 1281/145/1309 1282/144/1300
f 1196/133/1344 1194/133/1301 1290/145/1303
f 1202/133/1304 1296/147/1306 1275/153/1347
f 1294/144/1362 1238/133/1421 1240/133/1363
f 1230/133/1368 1232/133/1350 1287/147/1352
f 1279/133/1378 1246/133/1420 1248/133/1379
f 1235/127/1387 1236/138/1390 1234/138/1388
f 1252/133/1408 1254/133/1408 1336/143/1409
f 1278/157/1377 1242/133/1376 1244/133/1411
f 1234/133/1417 1236/133/1689 1320/143/1418
f 1301/133/1447 1319/146/1440 1318/146/1305
f 1302/145/1351 1320/143/1418 1319/146/1440
f 1276/151/1339 1277/145/1450 1310/155/1443
f 1277/145/1450 1278/157/1377 1311/133/1412
f 1281/145/1309 1280/133/1442 1283/146/1437
f 1280/133/1442 1279/133/1378 1284/133/1380
f 1289/155/1439 1286/133/1455 1285/152/1345
f 1288/155/1369 1287/147/1352 1286/133/1455
f 1296/147/1306 1295/157/1441 1274/152/1451
f 1295/157/1441 1294/144/1362 1273/145/1364
f 1327/143/1457 1338/133/1460 1226/133/1458
f 1328/133/1459 1337/133/1461 1338/133/1460
f 1329/133/1410 1336/143/1409 1337/133/1461
f 1531/157/1510 1468/133/1592 1465/133/1511
f 1456/133/1513 1454/133/1584 1524/133/1514
f 1453/133/1522 1447/133/1573 1479/133/1523
f 1530/155/1512 1465/133/1511 1464/133/1577
f 1454/133/1584 1453/133/1522 1510/146/1524
f 1545/153/1578 1464/133/1577 1462/133/1591
f 1438/133/1616 1543/133/1619 1518/161/1617
f 1543/133/1619 1544/133/1621 1517/161/1620
f 1544/133/1621 1545/153/1578 1516/161/1519
f 1522/133/1637 1512/152/1641 1427/133/1638
f 1523/133/1640 1511/147/1642 1512/152/1641
f 1524/133/1514 1510/146/1524 1511/147/1642
f 1439/133/1651 1528/145/1652 1543/133/1619
f 1528/145/1652 1529/145/1653 1544/133/1621
f 1529/145/1653 1530/155/1512 1545/153/1578
f 1512/152/1641 1477/133/1656 1421/133/1658
f 1511/147/1642 1478/133/1659 1477/133/1656
f 1510/146/1524 1479/133/1523 1478/133/1659
f 1527/157/1623 1522/133/1637 1428/133/1639
f 1526/133/1624 1523/133/1640 1522/133/1637
f 1525/133/1515 1524/133/1514 1523/133/1640
f 1442/133/1606 1533/133/1605 1528/145/1652
f 1533/133/1605 1532/143/1608 1529/145/1653
f 1532/143/1608 1531/157/1510 1530/155/1512
usemtl Material.004
f 1182/130/1132 1063/131/1133 1168/132/1134
f 1062/133/1135 1071/131/1136 1063/131/1133
f 1067/131/1142 1186/130/1143 1184/132/1144
f 1075/131/1149 1082/133/1150 1074/133/1151
f 1067/131/1142 1074/133/1151 1066/133/1159
f 1070/133/1166 1079/131/1167 1071/131/1136
f 1083/131/1171 1090/133/1178 1082/133/1150
f 1078/133/1179 1087/131/1175 1079/131/1167
f 1094/133/1186 1103/131/1187 1095/131/1188
f 1091/131/1177 1098/133/1192 1090/133/1178
f 1086/133/1194 1095/131/1188 1087/131/1175
f 1107/131/1198 1114/133/1199 1106/133/1200
f 1099/131/1176 1106/133/1200 1098/133/1192
f 1102/133/1213 1111/131/1214 1103/131/1187
f 1115/131/1217 1122/133/1222 1114/133/1199
f 1110/133/1223 1119/131/1218 1111/131/1214
f 1126/133/1227 1135/131/1228 1127/131/1229
f 1139/131/1233 1130/133/1234 1131/131/1219
f 1123/131/1220 1130/133/1234 1122/133/1222
f 1118/133/1239 1127/131/1229 1119/131/1218
f 1147/131/1240 1138/133/1241 1139/131/1233
f 1134/133/1254 1143/131/1251 1135/131/1228
f 1150/133/1262 1159/131/1263 1151/131/1258
f 1155/131/1252 1146/133/1264 1147/131/1240
f 1142/133/1266 1151/131/1258 1143/131/1251
f 1163/131/1259 1154/133/1273 1155/131/1252
f 1172/131/1283 1179/133/1284 1171/133/1285
f 1158/133/1289 1176/131/1290 1159/131/1263
f 1263/143/1298 1212/133/1299 1282/144/1300
f 1194/133/1301 1321/145/1302 1290/145/1303
f 1202/133/1304 1318/146/1305 1296/147/1306
f 1281/145/1309 1208/133/1310 1309/145/1311
f 1204/133/1338 1276/151/1339 1206/133/1317
f 1198/133/1349 1285/152/1345 1300/147/1313
f 1232/133/1350 1302/145/1351 1287/147/1352
f 1273/145/1364 1242/133/1376 1278/157/1377
f 1311/133/1412 1246/133/1420 1279/133/1378
f 1320/143/1418 1238/133/1421 1294/144/1362
f 1228/133/1422 1288/155/1369 1323/133/1423
f 1284/133/1380 1249/133/1424 1261/133/1425
f 1282/144/1300 1262/133/1436 1263/143/1298
f 1283/146/1437 1261/133/1425 1262/133/1436
f 1322/133/1438 1290/145/1303 1321/145/1302
f 1323/133/1423 1289/155/1439 1322/133/1438
f 1319/146/1440 1296/147/1306 1318/146/1305
f 1319/146/1440 1294/144/1362 1295/157/1441
f 1309/145/1311 1280/133/1442 1281/145/1309
f 1310/155/1443 1279/133/1378 1280/133/1442
f 1275/153/1347 1277/145/1450 1276/151/1339
f 1274/152/1451 1278/157/1377 1277/145/1450
f 1286/133/1455 1300/147/1313 1285/152/1345
f 1287/147/1352 1301/133/1447 1286/133/1455
f 1497/133/1516 1470/133/1517 1521/133/1518
f 1516/161/1519 1461/133/1520 1515/145/1521
f 1447/133/1573 1539/146/1574 1479/133/1523
f 1570/133/1579 1474/133/1580 1561/133/1581
f 1455/133/1589 1525/133/1515 1552/133/1590
f 1515/145/1521 1455/133/1589 1552/133/1590
f 1521/133/1518 1468/133/1592 1531/157/1510
f 1444/133/1604 1533/133/1605 1442/133/1606
f 1519/133/1607 1532/143/1608 1533/133/1605
f 1520/146/1609 1531/157/1510 1532/143/1608
f 1435/133/1610 1554/133/1611 1429/133/1612
f 1513/133/1613 1553/133/1614 1554/133/1611
f 1514/133/1615 1552/133/1590 1553/133/1614
f 1554/133/1611 1430/133/1622 1429/133/1612
f 1553/133/1614 1527/157/1623 1554/133/1611
f 1552/133/1590 1526/133/1624 1553/133/1614
f 1562/133/1645 1557/133/1646 1568/157/1647
f 1568/157/1647 1556/133/1648 1569/167/1649
f 1569/167/1649 1555/133/1650 1570/133/1579
f 1477/133/1656 1422/133/1657 1421/133/1658
f 1478/133/1659 1537/143/1660 1477/133/1656
f 1479/133/1523 1538/147/1661 1478/133/1659
f 1436/133/1618 1513/133/1613 1435/133/1610
f 1518/161/1617 1514/133/1615 1513/133/1613
f 1517/161/1620 1515/145/1521 1514/133/1615
f 1446/133/1673 1519/133/1607 1444/133/1604
f 1495/133/1674 1520/146/1609 1519/133/1607
f 1496/133/1675 1521/133/1518 1520/146/1609
f 1538/147/1661 1570/133/1579 1537/143/1660
f 1539/146/1574 1569/167/1649 1538/147/1661
f 1448/133/1676 1568/157/1647 1539/146/1574
f 1537/143/1660 1561/133/1581 1422/133/1657
f 1182/130/1132 1062/133/1135 1063/131/1133
f 1062/133/1135 1070/133/1166 1071/131/1136
f 1067/131/1142 1066/133/1159 1186/130/1143
f 1075/131/1149 1083/131/1171 1082/133/1150
f 1067/131/1142 1075/131/1149 1074/133/1151
f 1070/133/1166 1078/133/1179 1079/131/1167
f 1083/131/1171 1091/131/1177 1090/133/1178
f 1078/133/1179 1086/133/1194 1087/131/1175
f 1094/133/1186 1102/133/1213 1103/131/1187
f 1091/131/1177 1099/131/1176 1098/133/1192
f 1086/133/1194 1094/133/1186 1095/131/1188
f 1107/131/1198 1115/131/1217 1114/133/1199
f 1099/131/1176 1107/131/1198 1106/133/1200
f 1102/133/1213 1110/133/1223 1111/131/1214
f 1115/131/1217 1123/131/1220 1122/133/1222
f 1110/133/1223 1118/133/1239 1119/131/1218
f 1126/133/1227 1134/133/1254 1135/131/1228
f 1139/131/1233 1138/133/1241 1130/133/1234
f 1123/131/1220 1131/131/1219 1130/133/1234
f 1118/133/1239 1126/133/1227 1127/131/1229
f 1147/131/1240 1146/133/1264 1138/133/1241
f 1134/133/1254 1142/133/1266 1143/131/1251
f 1150/133/1262 1158/133/1289 1159/131/1263
f 1155/131/1252 1154/133/1273 1146/133/1264
f 1142/133/1266 1150/133/1262 1151/131/1258
f 1163/131/1259 1162/133/1680 1154/133/1273
f 1172/131/1283 1180/131/1288 1179/133/1284
f 1158/133/1289 1175/133/1683 1176/131/1290
f 1263/143/1298 1213/133/1684 1212/133/1299
f 1194/133/1301 1192/133/1685 1321/145/1302
f 1202/133/1304 1200/133/1312 1318/146/1305
f 1281/145/1309 1210/133/1337 1208/133/1310
f 1204/133/1338 1275/153/1347 1276/151/1339
f 1198/133/1349 1196/133/1344 1285/152/1345
f 1232/133/1350 1234/133/1417 1302/145/1351
f 1273/145/1364 1240/133/1363 1242/133/1376
f 1311/133/1412 1244/133/1411 1246/133/1420
f 1320/143/1418 1236/133/1689 1238/133/1421
f 1228/133/1422 1230/133/1368 1288/155/1369
f 1284/133/1380 1248/133/1379 1249/133/1424
f 1282/144/1300 1283/146/1437 1262/133/1436
f 1283/146/1437 1284/133/1380 1261/133/1425
f 1322/133/1438 1289/155/1439 1290/145/1303
f 1323/133/1423 1288/155/1369 1289/155/1439
f 1319/146/1440 1295/157/1441 1296/147/1306
f 1319/146/1440 1320/143/1418 1294/144/1362
f 1309/145/1311 1310/155/1443 1280/133/1442
f 1310/155/1443 1311/133/1412 1279/133/1378
f 1275/153/1347 1274/152/1451 1277/145/1450
f 1274/152/1451 1273/145/1364 1278/157/1377
f 1286/133/1455 1301/133/1447 1300/147/1313
f 1287/147/1352 1302/145/1351 1301/133/1447
f 1497/133/1516 1472/133/1690 1470/133/1517
f 1516/161/1519 1462/133/1591 1461/133/1520
f 1447/133/1573 1448/133/1676 1539/146/1574
f 1570/133/1579 1555/133/1650 1474/133/1580
f 1455/133/1589 1456/133/1513 1525/133/1515
f 1515/145/1521 1461/133/1520 1455/133/1589
f 1521/133/1518 1470/133/1517 1468/133/1592
f 1444/133/1604 1519/133/1607 1533/133/1605
f 1519/133/1607 1520/146/1609 1532/143/1608
f 1520/146/1609 1521/133/1518 1531/157/1510
f 1435/133/1610 1513/133/1613 1554/133/1611
f 1513/133/1613 1514/133/1615 1553/133/1614
f 1514/133/1615 1515/145/1521 1552/133/1590
f 1554/133/1611 1527/157/1623 1430/133/1622
f 1553/133/1614 1526/133/1624 1527/157/1623
f 1552/133/1590 1525/133/1515 1526/133/1624
f 1562/133/1645 1476/133/1134 1557/133/1646
f 1568/157/1647 1557/133/1646 1556/133/1648
f 1569/167/1649 1556/133/1648 1555/133/1650
f 1477/133/1656 1537/143/1660 1422/133/1657
f 1478/133/1659 1538/147/1661 1537/143/1660
f 1479/133/1523 1539/146/1574 1538/147/1661
f 1436/133/1618 1518/161/1617 1513/133/1613
f 1518/161/1617 1517/161/1620 1514/133/1615
f 1517/161/1620 1516/161/1519 1515/145/1521
f 1446/133/1673 1495/133/1674 1519/133/1607
f 1495/133/1674 1496/133/1675 1520/146/1609
f 1496/133/1675 1497/133/1516 1521/133/1518
f 1538/147/1661 1569/167/1649 1570/133/1579
f 1539/146/1574 1568/157/1647 1569/167/1649
f 1448/133/1676 1562/133/1645 1568/157/1647
f 1537/143/1660 1570/133/1579 1561/133/1581
o Cube.013
v 15.062641 409.001740 3.934413
v 15.062416 409.001892 4.341108
v 13.810661 409.034821 4.132154
v 13.810677 409.034790 3.726914
v -13.188768 409.819122 4.094560
v -13.188768 409.819122 4.499615
v -11.924957 409.782410 4.146486
v -11.924957 409.782410 3.741431
v 14.883062 413.987671 3.934412
v 14.882837 413.987793 4.341108
v 13.637110 413.855591 4.131548
v 13.637110 413.855591 3.726493
v -13.234085 411.112549 4.033581
v -13.234085 411.112549 4.438637
v -11.976286 411.240936 4.133681
v -11.976286 411.240936 3.728626
v 14.054873 418.907623 3.934413
v 14.054632 418.907745 4.341109
v 12.836395 418.612610 4.131548
v 12.836395 418.612610 3.726493
v -13.447674 412.389038 3.975437
v -13.447674 412.389038 4.380493
v -12.217352 412.680328 4.131552
v -12.217352 412.680328 3.726497
v 12.592190 423.677521 3.934413
v 12.591949 423.677673 4.341108
v 11.422218 423.224609 4.131548
v 11.422218 423.224609 3.726493
v -13.825894 413.626770 3.952125
v -13.825894 413.626770 4.357181
v -12.644062 414.076019 4.131552
v -12.644062 414.076019 3.726497
v 10.520006 428.216003 3.934412
v 10.519781 428.216125 4.341108
v 9.418713 427.612793 4.131549
v 9.418713 427.612793 3.726494
v -14.362278 414.804596 3.952126
v -14.362278 414.804596 4.357181
v -13.249123 415.404144 4.131552
v -13.249123 415.404144 3.726497
v 7.873714 432.445526 3.934414
v 7.873489 432.445648 4.341109
v 6.860098 431.702271 4.131549
v 6.860098 431.702271 3.726494
v -15.047668 415.902435 3.952126
v -15.047668 415.902435 4.357181
v -14.022205 416.641998 4.131552
v -14.022205 416.641998 3.726497
v 4.698505 436.293823 3.934414
v 4.698265 436.293976 4.341110
v 3.790075 435.423218 4.131550
v 3.790075 435.423218 3.726495
v -15.870369 416.901550 3.952126
v -15.870369 416.901550 4.357181
v -14.950091 417.768494 4.131553
v -14.950091 417.768494 3.726497
v 1.048572 439.695251 3.934415
v 1.048347 439.695404 4.341110
v 0.261054 438.712036 4.131550
v 0.261054 438.712036 3.726495
v -16.816326 417.784821 3.952126
v -16.816326 417.784821 4.357182
v -16.016960 418.764404 4.131553
v -16.016960 418.764404 3.726497
v -3.013720 442.591705 3.934415
v -3.013945 442.591858 4.341110
v -3.666683 441.512604 4.131551
v -3.666683 441.512604 3.726496
v -17.869385 418.537231 3.952126
v -17.869385 418.537231 4.357181
v -17.204576 419.612671 4.131553
v -17.204576 419.612671 3.726498
v -7.419023 444.933716 3.934416
v -7.419249 444.933838 4.341111
v -7.926073 443.777100 4.131552
v -7.926073 443.777100 3.726496
v -19.011555 419.145874 3.977734
v -19.011555 419.145874 4.382790
v -18.492661 420.298828 4.131553
v -18.492661 420.298828 3.726498
v -12.092097 446.681274 3.934417
v -12.092338 446.681396 4.341113
v -12.444374 445.466797 4.131552
v -12.444374 445.466797 3.726497
v -20.223356 419.600403 4.036031
v -20.223356 419.600403 4.441087
v -19.859234 420.811157 4.133963
v -19.859234 420.811157 3.728907
v -16.953148 447.804535 3.934417
v -16.953388 447.804657 4.341113
v -17.144493 446.552979 4.132337
v -17.144463 446.552948 3.727045
v -21.484068 419.893005 4.097082
v -21.484068 419.893005 4.502138
v -21.280937 421.140930 4.147273
v -21.280937 421.140930 3.742218
v -21.919184 448.284363 3.934417
v -21.919409 448.284485 4.341114
v -21.946259 447.016998 4.135576
v -21.946169 447.016968 3.729944
v -22.772175 420.018768 4.158700
v -22.772175 420.018768 4.563756
v -22.733509 421.282501 4.173181
v -22.733509 421.282501 3.768126
v -21.946169 447.016968 3.729944
v -21.919184 448.284363 3.934417
v 13.414938 395.411377 3.726493
v 13.414938 395.411377 4.131548
v -22.733509 421.282501 3.768126
v -22.772175 420.018768 4.158700
v -22.772175 420.018768 4.563756
v -22.733509 421.282501 4.173181
v -31.802851 447.318542 3.726500
v -31.764170 448.582306 3.726500
v -31.764170 448.582306 4.131556
v -31.802851 447.318542 4.131556
v -32.590355 421.584137 3.726500
v -32.629021 420.320404 3.726500
v -32.629021 420.320404 4.131556
v -32.590355 421.584137 4.131556
v 14.678749 395.374664 3.726493
v 14.678749 395.374664 4.131548
v -12.320711 396.158966 3.726497
v -12.320711 396.158966 4.131552
v -13.584507 396.195679 3.726497
v -13.584507 396.195679 4.131552
v 15.062641 409.001740 3.934413
v 15.062416 409.001892 4.341108
v 14.883062 413.987671 3.934412
v 14.882837 413.987793 4.341108
v 14.883062 413.987671 3.934412
v 14.882837 413.987793 4.341108
v 14.054873 418.907623 3.934413
v 14.054632 418.907745 4.341109
v 12.592190 423.677521 3.934413
v 12.591949 423.677673 4.341108
v 10.520006 428.216003 3.934412
v 10.519781 428.216125 4.341108
v 7.873714 432.445526 3.934414
v 7.873489 432.445648 4.341109
v 4.698505 436.293823 3.934414
v 4.698265 436.293976 4.341110
v 1.048572 439.695251 3.934415
v 1.048347 439.695404 4.341110
v -3.013720 442.591705 3.934415
v -3.013945 442.591858 4.341110
v -7.419023 444.933716 3.934416
v -7.419249 444.933838 4.341111
v -12.092097 446.681274 3.934417
v -12.092338 446.681396 4.341113
v -16.953148 447.804535 3.934417
v -16.953388 447.804657 4.341113
v -21.919409 448.284485 4.341114
v -21.919184 448.284363 3.934417
v 15.062641 409.001740 3.934413
v 15.062416 409.001892 4.341108
v 14.883062 413.987671 3.934412
v 14.882837 413.987793 4.341108
v 15.062641 409.001740 3.934413
v 15.062416 409.001892 4.341108
v 14.883062 413.987671 3.934412
v 14.882837 413.987793 4.341108
v 15.062641 409.001740 3.934413
v 15.062416 409.001892 4.341108
v 14.883062 413.987671 3.934412
v 14.882837 413.987793 4.341108
v 17.932426 416.489960 3.933780
v 17.932186 416.490112 4.340470
v 17.104219 421.409912 3.933781
v 17.103994 421.410034 4.340469
v 15.641539 426.179810 3.933780
v 15.641314 426.179962 4.340470
v 13.569370 430.718292 3.933781
v 13.569145 430.718414 4.340470
v 10.923079 434.947815 3.933780
v 10.922836 434.947937 4.340469
v 7.747854 438.796143 3.933781
v 7.747627 438.796265 4.340470
v 4.097936 442.197540 3.933782
v 4.097711 442.197693 4.340471
v 0.035644 445.093994 3.933782
v 0.035404 445.094147 4.340472
v -4.369659 447.436005 3.933783
v -4.369900 447.436127 4.340472
v -9.042733 449.183563 3.933784
v -9.042974 449.183685 4.340473
v -13.903799 450.306824 3.933784
v -13.904024 450.306946 4.340474
v -18.870045 450.786774 4.340475
v -18.869820 450.786652 3.933785
v 18.112005 411.504059 3.933780
v 18.111765 411.504181 4.340469
v 17.932426 416.489960 3.933780
v 17.932186 416.490112 4.340470
v 3.316586 441.578064 4.259444
v 2.544434 440.955597 4.428495
v 1.791927 440.326904 4.259651
v 5.441845 436.925476 4.259651
v 6.194351 437.554169 4.428494
v 6.966505 438.176636 4.259444
v -19.651169 450.167145 4.664503
v -20.423323 449.544678 4.833554
v -21.175827 448.915985 4.664710
v -21.175827 448.915985 4.259655
v -20.423323 449.544678 4.428498
v -19.651169 450.167145 4.259447
v 14.860205 425.560333 4.259443
v 14.088051 424.937866 4.428493
v 13.335545 424.309174 4.259649
v 14.798212 419.539246 4.259649
v 15.550716 420.167938 4.428493
v 16.322887 420.790405 4.259444
v 3.316586 441.578064 4.664500
v 2.544434 440.955597 4.833550
v 1.791927 440.326904 4.664706
v -2.270364 443.223328 4.664708
v -1.517859 443.852051 4.833551
v -0.745705 444.474518 4.664500
v -9.824082 448.564056 4.664502
v -10.596237 447.941589 4.833552
v -11.348758 447.312866 4.664708
v -16.209806 448.436157 4.664710
v -15.457301 449.064850 4.833553
v -14.685148 449.687317 4.664502
v 13.335545 424.309174 4.664704
v 14.088051 424.937866 4.833549
v 14.860205 425.560333 4.664498
v 16.322887 420.790405 4.664498
v 15.550716 420.167938 4.833548
v 14.798212 419.539246 4.664705
v -16.209806 448.436157 4.259654
v -15.457301 449.064850 4.428497
v -14.685148 449.687317 4.259447
v 6.966505 438.176636 4.664499
v 6.194351 437.554169 4.833549
v 5.441845 436.925476 4.664706
v 12.788021 430.098785 4.259443
v 12.015867 429.476349 4.428493
v 11.263361 428.847626 4.259650
v 11.263361 428.847626 4.664705
v 12.015867 429.476349 4.833549
v 12.788021 430.098785 4.664498
v -6.675668 445.565338 4.259653
v -5.923162 446.194031 4.428496
v -5.151009 446.816498 4.259447
v -9.824082 448.564056 4.259447
v -10.596237 447.941589 4.428497
v -11.348758 447.312866 4.259653
v -6.675668 445.565338 4.664708
v -5.923162 446.194031 4.833551
v -5.151009 446.816498 4.664502
v 8.617067 433.077148 4.259650
v 9.369574 433.705841 4.428494
v 10.141727 434.328308 4.259443
v -2.270364 443.223328 4.259652
v -1.517859 443.852051 4.428495
v -0.745705 444.474518 4.259445
v 8.617067 433.077148 4.664705
v 9.369574 433.705841 4.833549
v 10.141727 434.328308 4.664498
v 15.626419 414.619324 4.664704
v 16.378923 415.248016 4.833548
v 17.151077 415.870453 4.664499
v 17.151077 415.870453 4.259444
v 16.378923 415.248016 4.428493
v 15.626419 414.619324 4.259649
v 15.805996 409.633392 4.664704
v 16.558502 410.262085 4.833548
v 17.330654 410.884521 4.664499
v 17.330654 410.884521 4.259443
v 16.558502 410.262085 4.428493
v 15.805996 409.633392 4.259649
v 15.626419 414.619324 4.259649
v 16.378923 415.248016 4.428493
v 17.151077 415.870453 4.259444
v 17.151077 415.870453 4.664499
v 16.378923 415.248016 4.833548
v 15.626419 414.619324 4.664704
v -13.188768 409.819122 4.499615
v -13.234085 411.112549 4.438637
v -13.447674 412.389038 4.380493
v -13.825894 413.626770 4.357181
v -14.362278 414.804596 4.357181
v -15.047668 415.902435 4.357181
v -15.870369 416.901550 4.357181
v -16.816326 417.784821 4.357182
v -17.869385 418.537231 4.357181
v -19.011555 419.145874 4.382790
v -20.223356 419.600403 4.441087
v -21.484068 419.893005 4.502138
v -22.772175 420.018768 4.563756
v -22.772175 420.018768 4.563756
v -13.188768 409.819122 4.499615
v -13.234085 411.112549 4.438637
v -13.447674 412.389038 4.380493
v -13.825894 413.626770 4.357181
v -14.362278 414.804596 4.357181
v -15.047668 415.902435 4.357181
v -15.870369 416.901550 4.357181
v -16.816326 417.784821 4.357182
v -17.869385 418.537231 4.357181
v -19.011555 419.145874 4.382790
v -20.223356 419.600403 4.441087
v -21.484068 419.893005 4.502138
v -22.772175 420.018768 4.563756
v -22.772175 420.018768 4.563756
v -13.188768 409.819122 4.499615
v -13.234085 411.112549 4.438637
v -13.447674 412.389038 4.380493
v -13.825894 413.626770 4.357181
v -14.362278 414.804596 4.357181
v -15.047668 415.902435 4.357181
v -15.870369 416.901550 4.357181
v -16.816326 417.784821 4.357182
v -17.869385 418.537231 4.357181
v -19.011555 419.145874 4.382790
v -20.223356 419.600403 4.441087
v -21.484068 419.893005 4.502138
v -22.772175 420.018768 4.563756
v -22.772175 420.018768 4.563756
v -13.188768 409.819122 4.499615
v -13.234085 411.112549 4.438637
v -13.447674 412.389038 4.380493
v -13.825894 413.626770 4.357181
v -14.362278 414.804596 4.357181
v -15.047668 415.902435 4.357181
v -15.870369 416.901550 4.357181
v -16.816326 417.784821 4.357182
v -17.869385 418.537231 4.357181
v -19.011555 419.145874 4.382790
v -20.223356 419.600403 4.441087
v -21.484068 419.893005 4.502138
v -22.772175 420.018768 4.563756
v -22.772175 420.018768 4.563756
v -13.234085 411.112549 4.438637
v -13.188768 409.819122 4.499615
v -13.188768 409.819122 4.094560
v -13.234085 411.112549 4.033581
v -13.825894 413.626770 3.952125
v -13.447674 412.389038 3.975437
v -13.447674 412.389038 4.380493
v -13.825894 413.626770 4.357181
v -15.047668 415.902435 4.357181
v -14.362278 414.804596 4.357181
v -14.362278 414.804596 3.952126
v -15.047668 415.902435 3.952126
v -16.816326 417.784821 3.952126
v -15.870369 416.901550 3.952126
v -15.870369 416.901550 4.357181
v -16.816326 417.784821 4.357182
v -17.869385 418.537231 3.952126
v -17.869385 418.537231 4.357181
v -19.011555 419.145874 4.382790
v -19.011555 419.145874 3.977734
v -20.223356 419.600403 4.036031
v -20.223356 419.600403 4.441087
v -21.484068 419.893005 4.097082
v -21.484068 419.893005 4.502138
v -22.772175 420.018768 4.158700
v -22.772175 420.018768 4.563756
v -13.234085 411.112549 4.438637
v -13.188768 409.819122 4.499615
v -13.188768 409.819122 4.094560
v -13.234085 411.112549 4.033581
v -13.825894 413.626770 3.952125
v -13.447674 412.389038 3.975437
v -13.447674 412.389038 4.380493
v -13.825894 413.626770 4.357181
v -15.047668 415.902435 4.357181
v -14.362278 414.804596 4.357181
v -14.362278 414.804596 3.952126
v -15.047668 415.902435 3.952126
v -16.816326 417.784821 3.952126
v -15.870369 416.901550 3.952126
v -15.870369 416.901550 4.357181
v -16.816326 417.784821 4.357182
v -17.869385 418.537231 3.952126
v -17.869385 418.537231 4.357181
v -19.011555 419.145874 4.382790
v -19.011555 419.145874 3.977734
v -20.223356 419.600403 4.036031
v -20.223356 419.600403 4.441087
v -21.484068 419.893005 4.097082
v -21.484068 419.893005 4.502138
v -25.729361 420.104645 4.195429
v -25.729361 420.104645 4.600485
v -16.285835 408.613251 4.499616
v -16.240519 407.319794 4.529870
v -16.240519 407.319794 4.124815
v -16.285835 408.613251 4.094561
v -16.877644 411.127441 3.975439
v -16.499424 409.889709 4.033582
v -16.499424 409.889709 4.438638
v -16.877644 411.127441 4.380494
v -18.099434 413.403137 4.357181
v -17.414028 412.305298 4.357181
v -17.414028 412.305298 3.952126
v -18.099434 413.403137 3.952126
v -19.868092 415.285522 3.952127
v -18.922132 414.402252 3.952127
v -18.922132 414.402252 4.357182
v -19.868092 415.285522 4.357182
v -20.921150 416.037903 3.977735
v -20.921150 416.037903 4.382790
v -22.063320 416.646576 4.441087
v -22.063320 416.646576 4.036032
v -23.275120 417.101105 4.097082
v -23.275120 417.101105 4.502138
v -24.535831 417.393738 4.172094
v -24.535831 417.393738 4.577150
v -25.823938 417.519440 4.195428
v -25.823938 417.519440 4.600484
v -13.264407 407.215302 4.152510
v -13.264407 407.215302 4.482579
v -16.240519 407.319794 4.124815
v -16.240519 407.319794 4.529870
v -13.997026 410.487732 4.704611
v -14.759952 409.862885 4.885457
v -15.522893 409.238068 4.704612
v -23.772892 418.018555 4.299558
v -23.009949 418.643372 4.480403
v -22.247009 419.268188 4.299558
v -20.158209 416.662750 4.299557
v -19.395267 417.287567 4.480403
v -18.632326 417.912415 4.299558
v -19.774498 418.521057 4.299558
v -20.537437 417.896240 4.480403
v -21.300381 417.271393 4.299557
v -16.651102 412.930115 4.299557
v -15.888160 413.554962 4.480402
v -15.125219 414.179779 4.299556
v -25.800295 418.165741 4.395401
v -25.776649 418.812042 4.480404
v -25.753006 419.458344 4.395402
v -25.753006 419.458344 4.800457
v -25.776649 418.812042 4.885459
v -25.800295 418.165741 4.800457
v -17.336493 414.027954 4.299557
v -16.573551 414.652802 4.480402
v -15.810610 415.277618 4.299557
v -16.633310 416.276703 4.299556
v -17.396252 415.651886 4.480402
v -18.159191 415.027069 4.299557
v -15.736483 410.514557 4.299557
v -14.973557 411.139374 4.480402
v -14.210615 411.764191 4.299557
v -14.588820 413.001923 4.299556
v -15.351762 412.377106 4.480402
v -16.114702 411.752289 4.299557
v -15.736483 410.514557 4.704612
v -14.973557 411.139374 4.885457
v -14.210615 411.764191 4.704612
v -16.633310 416.276703 4.704611
v -17.396252 415.651886 4.885458
v -18.159191 415.027069 4.704612
v -19.105148 415.910339 4.704612
v -18.342209 416.535156 4.885458
v -17.579266 417.160004 4.704613
v -22.247009 419.268188 4.704613
v -23.009949 418.643372 4.885459
v -23.772892 418.018555 4.704614
v -14.588820 413.001923 4.704611
v -15.351762 412.377106 4.885458
v -16.114702 411.752289 4.704612
v -16.651102 412.930115 4.704612
v -15.888160 413.554962 4.885458
v -15.125219 414.179779 4.704612
v -19.774498 418.521057 4.704613
v -20.537437 417.896240 4.885458
v -21.300381 417.271393 4.704613
v -22.512180 417.725922 4.704613
v -21.749237 418.350739 4.885458
v -20.986298 418.975586 4.704614
v -15.522893 409.238068 4.299557
v -14.759952 409.862885 4.480402
v -13.997026 410.487732 4.299557
v -13.951710 409.194275 4.704611
v -14.714636 408.569458 4.885457
v -15.477577 407.944641 4.704612
v -20.986298 418.975586 4.299558
v -21.749237 418.350739 4.480403
v -22.512180 417.725922 4.299557
v -18.632326 417.912415 4.704613
v -19.395267 417.287567 4.885458
v -20.158209 416.662750 4.704612
v -13.951710 409.194275 4.299557
v -14.714636 408.569458 4.480402
v -15.477577 407.944641 4.299557
v -17.579266 417.160004 4.299557
v -18.342209 416.535156 4.480402
v -19.105148 415.910339 4.299557
v -17.336493 414.027954 4.704612
v -16.573551 414.652802 4.885458
v -15.810610 415.277618 4.704613
v -14.008438 407.241455 4.775572
v -14.752455 407.267578 4.885457
v -15.496487 407.293671 4.775573
v -14.008438 407.241455 4.370518
v -14.752455 407.267578 4.480402
v -15.496487 407.293671 4.370518
v -13.226587 408.517212 4.482791
v -16.240519 407.319794 4.529870
v -16.240519 407.319794 4.124815
v -13.226587 408.517212 4.130478
v -13.980074 408.217865 4.335037
v -14.733545 407.918518 4.480402
v -15.487032 407.619171 4.335037
v -15.487032 407.619171 4.740092
v -14.733545 407.918518 4.885457
v -13.980074 408.217865 4.740092
vn 0.9996 -0.0282 0.0006
vn 0.9996 -0.0282 -0.0000
vn -0.0098 -0.0007 1.0000
vn -0.0819 -0.0040 0.9966
vn -0.0000 -0.0000 1.0000
vn -0.1649 -0.0082 0.9863
vn -0.0857 -0.0087 0.9963
vn 0.0851 0.0086 -0.9963
vn -0.9184 -0.3947 0.0277
vn 0.0814 0.0040 -0.9967
vn -0.0290 -0.9996 -0.0000
vn -0.9996 0.0290 -0.0000
vn 0.1252 0.0026 0.9921
vn 0.0164 -0.0031 0.9999
vn 0.0002 -0.0009 1.0000
vn -0.9872 0.1475 -0.0615
vn -0.0000 -0.0000 -1.0000
vn 0.0887 -0.6752 0.7323
vn -0.3296 0.9427 -0.0517
vn 0.1070 0.0205 0.9940
vn 0.1943 0.0648 0.9788
vn 0.2391 0.0582 0.9693
vn -0.0879 -0.0235 -0.9958
vn -0.1070 -0.0205 -0.9940
vn -0.1252 -0.0026 -0.9921
vn 0.8861 0.0902 -0.4547
vn 0.0650 -0.8660 -0.4959
vn -0.8830 0.4113 0.2262
vn -0.6832 -0.0905 0.7246
vn 0.2694 0.0113 0.9630
vn -0.0791 -0.0299 -0.9964
vn 0.0832 0.0196 -0.9963
vn 0.0799 0.0303 -0.9963
vn -0.8585 -0.2122 -0.4669
vn -0.9485 0.2660 0.1723
vn -0.7182 -0.4254 0.5506
vn -0.1641 -0.0167 0.9863
vn -0.0838 -0.0198 0.9963
vn 0.2880 0.9567 -0.0431
vn 0.1608 0.9860 -0.0431
vn 0.1609 0.9860 -0.0431
vn 0.0879 0.0235 0.9958
vn 0.0752 0.0404 -0.9964
vn -0.9021 -0.1357 -0.4097
vn -0.9584 0.2058 0.1979
vn -0.0805 -0.0305 0.9963
vn 0.0745 0.0400 0.9964
vn 0.0791 0.0299 0.9964
vn 0.1672 0.0673 0.9836
vn -0.1605 -0.0380 0.9863
vn 0.6006 -0.7789 -0.1805
vn 0.3928 0.9167 0.0734
vn -0.5585 -0.7085 0.4313
vn -0.0633 -0.9638 -0.2590
vn -0.7260 -0.6864 -0.0432
vn -0.8535 -0.5099 0.1074
vn -0.1450 -0.0781 0.9864
vn -0.0697 -0.0502 0.9963
vn -0.0758 -0.0407 0.9963
vn 0.8111 0.5833 -0.0431
vn 0.8802 0.4726 -0.0431
vn -0.0745 -0.0400 -0.9964
vn 0.1548 0.0831 0.9844
vn 0.1167 -0.5955 0.7948
vn -0.1540 -0.0585 0.9863
vn -0.0243 -0.9573 0.2879
vn 0.1312 0.9835 0.1247
vn -0.2174 -0.7357 0.6414
vn 0.0686 0.0494 0.9964
vn 0.1280 0.1203 0.9844
vn 0.1426 0.1026 0.9844
vn -0.0616 -0.0579 -0.9964
vn 0.0692 0.0498 -0.9964
vn -0.0686 -0.0494 -0.9964
vn 0.0620 0.0584 -0.9964
vn -0.5893 -0.4650 -0.6606
vn -0.9606 0.1400 0.2399
vn -0.8721 -0.1824 -0.4540
vn -0.0535 -0.0654 -0.9964
vn 0.0538 0.0659 -0.9964
vn -0.2671 -0.7170 0.6439
vn 0.6327 0.7732 -0.0431
vn 0.7281 0.6842 -0.0431
vn -0.1334 -0.0962 0.9864
vn -0.0625 -0.0588 0.9963
vn 0.4103 0.9109 -0.0431
vn 0.2881 0.9566 -0.0431
vn 0.0616 0.0579 0.9964
vn -0.0543 -0.0664 0.9963
vn 0.0445 0.0719 0.9964
vn 0.0535 0.0654 0.9964
vn 0.2642 0.9597 0.0954
vn 0.1113 0.1360 0.9844
vn -0.1196 -0.1127 0.9864
vn 0.9340 0.3546 -0.0431
vn 0.8797 0.4735 -0.0431
vn 0.8798 0.4734 -0.0431
vn -0.0862 -0.1394 0.9865
vn -0.0351 -0.0779 0.9963
vn -0.0451 -0.0728 0.9963
vn -0.9913 0.1230 0.0476
vn 0.7419 0.1081 0.6617
vn -0.7505 0.5388 0.3828
vn 0.0404 0.0822 0.9958
vn 0.0987 0.1514 0.9835
vn 0.0447 0.0722 -0.9964
vn -0.0445 -0.0719 -0.9964
vn 0.9803 0.1958 -0.0255
vn 0.9982 0.0520 -0.0309
vn -0.1038 -0.1271 0.9864
vn 0.0411 0.1013 0.9940
vn 0.1025 0.1795 0.9784
vn -0.0411 -0.1013 -0.9940
vn 0.0349 0.0773 -0.9964
vn -0.0404 -0.0822 -0.9958
vn 0.0243 0.0810 -0.9964
vn -0.8836 -0.4655 -0.0500
vn -0.8045 -0.2284 -0.5483
vn 0.0131 0.0829 -0.9965
vn -0.1540 -0.2755 0.9489
vn -0.0374 -0.1219 -0.9918
vn -0.0245 -0.0817 0.9964
vn 0.0374 0.1219 0.9918
vn -0.0000 -0.0000 -0.0000
vn -0.0672 -0.1493 0.9865
vn 0.6319 0.7739 -0.0431
vn 0.5256 0.8497 -0.0431
vn 0.5256 0.8496 -0.0431
vn -0.0131 -0.0835 0.9964
vn 0.0244 0.0897 0.9957
vn 0.8105 0.5841 -0.0431
vn -0.0258 -0.1604 0.9867
vn -0.0055 -0.0815 0.9967
vn 0.1036 0.2249 0.9688
vn 0.0931 0.9942 -0.0530
vn -0.0470 -0.1565 0.9866
vn 0.5141 0.8558 0.0576
vn 0.0162 0.9997 -0.0201
vn 0.9355 -0.3207 -0.1485
vn -0.8577 0.2195 0.4649
vn -0.0404 -0.9922 -0.1179
vn -0.6471 0.5096 -0.5671
vn 0.0817 0.2676 0.9601
vn 0.0038 -0.0007 -1.0000
vn 0.9789 0.1814 -0.0944
vn 0.0101 0.0063 -0.9999
vn -0.0443 -0.9977 -0.0508
vn 0.0067 -0.0253 -0.9997
vn 0.0303 0.9995 -0.0003
vn 0.0215 0.7115 0.7024
vn 0.0302 0.9995 -0.0000
vn -0.9995 0.0306 -0.0000
vn -0.0117 0.0924 0.9957
vn -0.0067 0.0253 0.9997
vn -0.0328 0.2960 0.9546
vn -0.0306 -0.9995 -0.0000
vn -0.0164 0.0031 -0.9999
vn -0.0038 0.0007 1.0000
vn -0.0109 -0.1533 0.9881
vn -0.0102 -0.0063 0.9999
vn 0.0097 0.0006 -1.0000
vn -0.0002 0.0009 -1.0000
vn 0.9723 0.2299 -0.0431
vn 0.9340 0.3547 -0.0431
vn 0.2519 -0.0419 -0.9668
vn 0.1331 0.2142 -0.9677
vn 0.1549 0.1892 -0.9696
vn -0.0359 -0.3712 0.9279
vn -0.0539 -0.4043 0.9130
vn -0.0508 -0.3035 0.9515
vn -0.3442 -0.0743 0.9359
vn -0.3017 -0.0508 0.9520
vn -0.2590 -0.0622 0.9639
vn -0.2291 -0.2166 0.9490
vn -0.1951 -0.1408 0.9706
vn -0.1750 -0.1647 0.9707
vn -0.3278 0.2128 0.9205
vn 0.2160 0.1167 -0.9694
vn -0.0823 -0.2697 0.9594
vn -0.1368 -0.3194 0.9377
vn -0.1091 -0.2402 0.9646
vn -0.2568 -0.1838 0.9488
vn -0.2154 -0.1164 0.9696
vn 0.1094 0.2409 -0.9644
vn -0.0309 0.8583 -0.5122
vn 0.8762 0.0316 -0.4810
vn -0.1702 -0.2833 0.9438
vn 0.0310 -0.8602 0.5090
vn 0.8745 0.0315 0.4839
vn 0.1957 0.1413 -0.9704
vn 0.7275 0.6848 -0.0431
vn 0.7274 0.6848 -0.0431
vn -0.9746 -0.2103 -0.0774
vn 0.1249 -0.5710 0.8114
vn 0.9723 0.2298 -0.0431
vn 0.6319 0.7738 -0.0431
vn -0.9330 -0.2685 0.2396
vn -0.9381 -0.3410 -0.0609
vn 0.8583 0.0309 -0.5122
vn 0.8602 0.0310 0.5090
vn -0.9501 -0.0321 0.3104
vn -0.8755 -0.4656 -0.1296
vn 0.3028 0.0510 -0.9517
vn 0.0510 0.3044 -0.9512
vn 0.0825 0.2704 -0.9592
vn 0.2598 0.0624 -0.9637
vn -0.0989 -0.3591 0.9280
vn -0.2005 -0.2494 0.9474
vn -0.1328 -0.2136 0.9679
vn -0.6474 0.7622 -0.0005
vn -0.6447 0.7644 -0.0001
vn -0.6474 0.7622 -0.0006
vn 0.1756 0.1652 -0.9705
vn -0.3135 -0.1140 0.9427
vn -0.2364 -0.0905 0.9674
vn 0.0360 0.3725 -0.9273
vn -0.1545 -0.1887 0.9698
vn 0.2371 0.0908 -0.9672
vn -0.2847 -0.1500 0.9468
vn 0.2994 0.1177 0.9468
vn 0.2167 0.1159 0.9693
vn 0.2375 0.0890 0.9673
vn -0.6214 0.7835 -0.0005
vn -0.6241 0.7814 -0.0001
vn -0.6250 0.7806 -0.0000
vn -0.2174 -0.1163 -0.9691
vn -0.3007 -0.1182 -0.9464
vn -0.2382 -0.0892 -0.9671
vn 0.6241 -0.7814 0.0001
vn 0.6214 -0.7835 0.0005
vn 0.6250 -0.7806 -0.0000
vn 0.1766 0.1667 0.9701
vn 0.2013 0.2425 0.9490
vn 0.1558 0.1921 0.9689
vn -0.0410 -0.4239 -0.9048
vn -0.0482 -0.3177 -0.9470
vn -0.0276 -0.2853 -0.9581
vn 0.3253 0.0825 0.9420
vn 0.2596 0.0596 0.9639
vn -0.2022 -0.2436 -0.9486
vn -0.1771 -0.1672 -0.9699
vn -0.1563 -0.1927 -0.9687
vn -0.3267 -0.0829 -0.9415
vn -0.2603 -0.0598 -0.9637
vn 0.1747 0.2743 0.9456
vn 0.1337 0.2187 0.9666
vn 0.0814 0.2795 0.9567
vn 0.0741 0.3872 0.9190
vn 0.0480 0.3167 0.9473
vn 0.6474 -0.7622 0.0005
vn 0.6447 -0.7644 0.0001
vn 0.6437 -0.7652 -0.0000
vn 0.9732 0.2301 0.0005
vn 0.9861 0.1660 0.0005
vn 0.9349 0.3550 0.0004
vn 0.8113 0.5846 0.0003
vn 0.8806 0.4739 0.0004
vn 0.7281 0.6854 0.0002
vn 0.8113 0.5847 0.0003
vn 0.5261 0.8504 -0.0000
vn 0.6325 0.7746 0.0001
vn 0.6325 0.7745 0.0001
vn 0.7281 0.6855 0.0002
vn 0.4107 0.9117 -0.0000
vn 0.2884 0.9575 -0.0002
vn 0.4107 0.9118 -0.0000
vn 0.0962 0.9954 -0.0003
vn 0.1610 0.9870 -0.0002
vn 0.2883 0.9575 -0.0002
vn 0.9994 0.0360 0.0006
vn -0.3260 -0.0117 -0.9453
vn -0.3755 -0.0135 -0.9267
vn -0.2602 -0.0094 -0.9655
vn -0.1131 -0.3468 -0.9311
vn -0.1096 -0.2482 -0.9625
vn -0.0816 -0.2804 -0.9564
vn 0.3740 0.0135 0.9273
vn 0.3249 0.0117 0.9457
vn 0.2597 0.0094 0.9656
vn 0.1455 0.3082 0.9401
vn 0.1093 0.2475 0.9627
vn -0.2274 -0.2127 -0.9503
vn -0.1973 -0.1420 -0.9700
vn -0.1461 -0.3096 -0.9396
vn -0.1341 -0.2194 -0.9664
vn 0.2748 0.1502 0.9497
vn 0.1967 0.1416 0.9702
vn -0.2760 -0.1509 -0.9492
vn 0.1126 0.3453 0.9317
vn 0.2264 0.2118 0.9507
vn 0.3431 0.0578 0.9375
vn 0.2430 0.0409 0.9692
vn 0.0408 0.4222 0.9056
vn 0.0275 0.2848 0.9582
vn -0.3445 -0.0580 -0.9370
vn -0.2436 -0.0410 -0.9690
vn -0.0744 -0.3888 -0.9183
vn -0.1754 -0.2756 -0.9451
vn -0.0020 -0.0080 -1.0000
vn -0.0032 -0.0062 -1.0000
vn 0.0042 -0.0164 -0.9999
vn 0.0014 -0.0128 -0.9999
vn 0.0649 0.0109 -0.9978
vn -0.0084 0.0017 -1.0000
vn -0.0114 -0.1179 0.9930
vn -0.0042 0.0164 0.9999
vn -0.0649 -0.0109 0.9978
vn 0.0084 -0.0017 1.0000
vn 0.0052 0.0032 1.0000
vn 0.0043 0.0047 1.0000
vn -0.0014 0.0128 0.9999
vn 0.0006 0.0101 0.9999
vn 0.6344 -0.7730 -0.0000
vn -0.0062 -0.0018 -1.0000
vn -0.0052 -0.0032 -1.0000
vn 0.0062 0.0018 1.0000
vn -0.0006 -0.0101 -0.9999
vn -0.0043 -0.0047 -1.0000
vn 0.0020 0.0080 1.0000
vn 0.0032 0.0062 1.0000
vn -0.0072 -0.0002 -1.0000
vn -0.6437 0.7652 -0.0000
vn -0.6344 0.7730 -0.0000
vn 0.0072 0.0002 1.0000
vn 0.0114 0.1179 -0.9930
vn -0.3381 -0.0122 0.9410
vn -0.3890 -0.0140 0.9211
vn -0.0894 -0.0032 0.9960
vn -0.2663 -0.0096 0.9639
vn 0.0855 0.0031 0.9963
vn 0.3394 0.0122 -0.9406
vn 0.2668 0.0096 -0.9637
vn 0.0894 0.0032 -0.9960
vn -0.0855 -0.0031 -0.9963
vn 0.6474 -0.7622 0.0006
vn 0.9801 0.1958 -0.0326
vn 0.0933 0.9952 -0.0302
vn -0.3297 0.9436 -0.0282
vn 0.7281 0.6841 -0.0431
vn 0.8111 0.5834 -0.0431
vn 0.8478 0.5293 -0.0325
vn -0.4577 0.8144 0.3568
vn 0.3203 0.9468 -0.0324
vn 0.4305 0.9022 -0.0258
vn 0.9380 0.3445 -0.0387
vn 0.5065 0.8615 -0.0366
vn 0.5065 0.8615 -0.0353
vn 0.3202 0.9467 -0.0341
vn 0.9979 -0.0121 -0.0629
vn 0.9972 0.0519 -0.0537
vn 0.9800 0.1958 -0.0344
vn 0.9381 0.3446 -0.0342
vn 0.9923 0.1198 -0.0318
vn -0.9115 -0.2906 0.2911
vn 0.3204 0.9470 -0.0250
vn 0.2188 0.9755 -0.0234
vn 0.9098 0.4143 -0.0265
vn -0.0023 -0.4588 0.8885
vn -0.0001 -0.0151 0.9999
vn 0.6821 0.7305 -0.0325
vn 0.9925 0.1197 -0.0236
vn -0.4143 0.9098 -0.0265
vn -0.8417 -0.4597 0.2833
vn 0.9096 0.4143 -0.0325
vn -0.8875 -0.3941 -0.2387
vn 0.0023 0.4589 -0.8885
vn -0.4616 -0.8381 0.2908
vn -0.7773 -0.5618 0.2832
vn -0.8478 -0.5293 -0.0325
vn 0.0290 0.9996 -0.0000
vn -0.7007 -0.6551 0.2827
vn 0.3202 0.9465 -0.0411
vn 0.5064 0.8614 -0.0382
vn -0.0618 -0.2339 0.9703
vn -0.0882 -0.2725 0.9581
vn -0.0976 -0.2328 0.9676
vn -0.2975 -0.1524 0.9425
vn -0.2439 -0.0901 0.9656
vn -0.2276 -0.1226 0.9660
vn 0.0199 -0.2022 0.9791
vn 0.0176 -0.2360 0.9716
vn -0.0131 -0.2320 0.9726
vn -0.1641 -0.2000 0.9660
vn -0.2421 -0.2287 0.9429
vn -0.1856 -0.1743 0.9670
vn -0.2859 -0.0347 0.9576
vn -0.2418 -0.0159 0.9702
vn -0.2476 -0.0513 0.9675
vn 0.2439 0.0901 -0.9656
vn 0.2975 0.1524 -0.9425
vn 0.2276 0.1226 -0.9660
vn -0.0176 0.2360 -0.9716
vn -0.0199 0.2022 -0.9791
vn 0.0131 0.2320 -0.9726
vn 0.1499 0.2831 -0.9473
vn 0.0976 0.2328 -0.9676
vn 0.1348 0.2220 -0.9657
vn 0.2708 0.1937 -0.9430
vn 0.2066 0.1487 -0.9671
vn -0.9993 0.0366 -0.0000
vn 0.1856 0.1743 -0.9670
vn 0.2476 0.0513 -0.9675
vn 0.3075 0.0939 -0.9469
vn -0.3787 -0.8818 0.2810
vn 0.5065 0.8616 -0.0333
vn -0.6315 -0.1534 0.7600
vn -0.6128 -0.7377 0.2833
vn 0.9798 0.1957 -0.0411
vn -0.5318 -0.7957 0.2900
vn -0.9382 -0.2018 0.2811
vn 0.0210 -0.9441 0.3289
vn -0.8838 -0.3675 0.2894
vn -0.9951 -0.0988 -0.0000
vn -0.9994 -0.0350 -0.0000
vn -0.9738 -0.2273 -0.0000
vn -0.9948 -0.1017 -0.0000
vn -0.9357 -0.3529 -0.0000
vn -0.9730 -0.2310 -0.0000
vn -0.8118 -0.5839 -0.0000
vn -0.8809 -0.4734 -0.0000
vn -0.8812 -0.4727 -0.0000
vn -0.9347 -0.3553 -0.0000
vn -0.7288 -0.6847 -0.0000
vn -0.6329 -0.7742 -0.0000
vn -0.5258 -0.8506 -0.0000
vn -0.4134 -0.9106 -0.0000
vn -0.5281 -0.8492 -0.0000
vn -0.6336 -0.7737 -0.0000
vn -0.4099 -0.9121 -0.0000
vn -0.2914 -0.9566 -0.0000
vn -0.2872 -0.9579 -0.0000
vn -0.1635 -0.9865 -0.0000
vn -0.1604 -0.9871 -0.0000
vn -0.0971 -0.9953 -0.0000
vn 0.2418 0.0159 -0.9702
vn 0.2859 0.0347 -0.9576
vn -0.2508 0.0009 0.9680
vn -0.2458 0.0450 0.9683
vn 0.0882 0.2725 -0.9581
vn 0.0618 0.2339 -0.9703
vn -0.1499 -0.2831 0.9473
vn -0.1348 -0.2220 0.9657
vn 0.2623 0.0158 0.9649
vn 0.3497 0.0090 0.9368
vn 0.3081 -0.0005 0.9513
vn 0.2421 0.2287 -0.9429
vn 0.1641 0.2000 -0.9660
vn -0.3075 -0.0939 0.9469
vn 0.2063 0.2630 -0.9425
vn 0.2458 -0.0450 -0.9683
vn 0.2508 -0.0009 -0.9680
vn 0.0365 0.2394 -0.9702
vn -0.2708 -0.1937 0.9430
vn -0.2066 -0.1487 0.9671
vn -0.2063 -0.2630 0.9425
vn -0.0365 -0.2394 0.9702
vn -0.0351 -0.9994 -0.0000
vn 0.2489 -0.0984 -0.9635
vn 0.8751 0.2971 0.3820
vn 0.1680 0.9506 0.2608
vn 0.9996 -0.0290 -0.0000
vn -0.2721 -0.0191 -0.9621
vn -0.2269 -0.0203 -0.9737
vn -0.2523 -0.0185 -0.9675
vn -0.2230 -0.0208 -0.9746
vn 0.0228 -0.0141 -0.9996
vn 0.0160 -0.0145 -0.9998
vn 0.0668 0.2582 0.9638
vn 0.0804 0.2352 0.9686
vn 0.1202 0.2799 0.9525
vn 0.0448 0.2443 0.9687
vn -0.0016 0.0134 0.9999
vn 0.0014 0.0081 1.0000
vn 0.2432 0.2274 0.9430
vn 0.2118 0.1520 0.9654
vn 0.2698 0.1950 0.9430
vn 0.1898 0.1787 0.9654
vn 0.0064 0.0040 1.0000
vn 0.0052 0.0056 1.0000
vn 0.1920 0.2873 0.9384
vn 0.1673 0.2057 0.9642
vn 0.2158 0.2598 0.9412
vn 0.1442 0.2282 0.9629
vn 0.0038 0.0071 1.0000
vn 0.0024 0.0089 1.0000
vn 0.2962 0.1618 0.9413
vn 0.2337 0.1246 0.9643
vn 0.0077 0.0024 1.0000
vn -0.0804 -0.2352 -0.9686
vn 0.0016 -0.0134 -0.9999
vn -0.0448 -0.2443 -0.9687
vn -0.0014 -0.0081 -1.0000
vn -0.2470 -0.0338 -0.9684
vn -0.2346 -0.0164 -0.9719
vn -0.0128 0.0040 -0.9999
vn 0.0063 -0.0036 -1.0000
vn -0.1673 -0.2057 -0.9642
vn -0.0038 -0.0071 -1.0000
vn -0.1442 -0.2282 -0.9629
vn -0.0024 -0.0089 -1.0000
vn 0.2517 0.0974 0.9629
vn 0.3231 0.1030 0.9407
vn 0.3188 0.1326 0.9385
vn 0.0091 0.0007 1.0000
vn 0.2559 0.0677 0.9643
vn 0.0107 -0.0014 0.9999
vn -0.1898 -0.1787 -0.9654
vn -0.0052 -0.0056 -1.0000
vn -0.0351 0.0128 0.9993
vn -0.2239 0.1120 0.9682
vn -0.2489 0.0984 0.9635
vn -0.0160 0.0145 0.9998
vn -0.0228 0.0141 0.9996
vn 0.2664 0.0191 0.9637
vn 0.1631 0.2961 0.9411
vn 0.1154 0.2376 0.9645
vn 0.0007 0.0109 0.9999
vn -0.1154 -0.2376 -0.9645
vn -0.0007 -0.0109 -0.9999
vn 0.2470 0.0338 0.9684
vn 0.2692 0.0136 0.9630
vn 0.2994 0.0644 0.9519
vn 0.0128 -0.0040 0.9999
vn 0.2504 0.0071 0.9681
vn -0.0063 0.0036 1.0000
vn -0.2559 -0.0677 -0.9643
vn -0.0107 0.0014 -0.9999
vn -0.2517 -0.0974 -0.9629
vn -0.0091 -0.0007 -1.0000
vn -0.2118 -0.1520 -0.9654
vn -0.0064 -0.0040 -1.0000
vn -0.2337 -0.1246 -0.9643
vn -0.0077 -0.0024 -1.0000
vn -0.0413 -0.2908 -0.9559
vn -0.0276 -0.2213 -0.9748
vn -0.0171 0.0124 -0.9998
vn 0.0413 0.2908 0.9559
vn 0.0276 0.2213 0.9748
vn 0.0171 -0.0124 0.9998
vn -0.1129 0.0173 0.9935
vn -0.1799 0.3888 0.9036
vn 0.9355 -0.3207 0.1485
vn 0.0742 0.2924 0.9534
vn 0.0211 -0.0006 -0.9998
vn -0.0213 0.0007 0.9998
vn -0.0404 -0.4176 0.9077
vn -0.3552 -0.0598 0.9329
vn -0.6214 0.7835 -0.0006
vn 0.6214 -0.7835 0.0006
vn -0.2518 -0.1821 -0.9505
vn 0.2507 0.1813 0.9509
vn -0.0023 -0.4589 0.8885
vn -0.0115 -0.2952 0.9554
vn 0.0115 0.2952 -0.9554
vn -0.0056 0.8962 0.4437
vn 0.2239 -0.1120 -0.9682
vt 0.375000 1.000000
vt 0.625000 0.920224
vt 0.375000 0.920224
vt 0.795224 0.750000
vt 0.875000 0.738821
vt 0.795224 0.738821
vt 0.875000 0.750000
vt 0.125000 0.738821
vt 0.125000 0.750000
vt 0.204776 0.750000
vt 0.204776 0.738821
vt 0.625000 1.000000
vt 0.625000 0.011179
vt 0.375000 0.011179
vt 0.625000 0.000000
vt 0.375000 0.000000
vt 0.875000 0.750000
vt 0.875000 0.750000
vt 0.875000 0.750000
vt 0.875000 0.750000
vt 0.875000 0.750000
vt 0.125000 0.750000
vt 0.125000 0.750000
vt 0.125000 0.750000
vt 0.875000 0.750000
vt 0.875000 0.750000
vt 0.875000 0.750000
vt 0.625000 1.000000
vt 0.875000 0.750000
vt 0.125000 0.750000
vt 0.875000 0.750000
vt 0.125000 0.750000
vt 0.375000 1.000000
vt 0.125000 0.750000
vt 0.875000 0.750000
vt 0.125000 0.750000
vt 0.125000 0.750000
vt 0.125000 0.750000
vt 0.625000 1.000000
vt 0.125000 0.750000
vt 0.875000 0.750000
vt 0.125000 0.750000
s 1
usemtl Material.001
f 1571/169/1694 1692/170/1695 1691/171/1695
f 1582/176/1701 1571/177/1702 1574/176/1703
f 1678/174/1704 1695/178/1704 1677/179/1704
f 1696/170/1705 1575/169/1705 1695/171/1705
f 1631/177/1709 1921/177/1710 1639/177/1711
f 1573/173/1697 1694/174/1708 1678/174/1698
f 1672/175/1710 1928/175/1710 1664/175/1712
f 1594/176/1716 1582/176/1701 1586/176/1717
f 1586/176/1717 1574/176/1703 1578/176/1718
f 1573/173/1697 1585/173/1713 1577/173/1706
f 1580/180/1719 1699/169/1698 1579/169/1720
f 1583/177/1721 1578/176/1718 1575/177/1722
f 1602/176/1724 1590/176/1725 1594/176/1716
f 1598/176/1726 1587/177/1727 1590/176/1725
f 1599/177/1728 1594/176/1716 1591/177/1729
f 1652/175/1732 1722/175/1733 1660/175/1734
f 1581/173/1700 1593/173/1735 1585/173/1713
f 1591/177/1729 1586/176/1717 1583/177/1721
f 1590/176/1725 1579/177/1720 1582/176/1701
f 1606/176/1736 1595/177/1737 1598/176/1726
f 1607/177/1738 1602/176/1724 1599/177/1728
f 1597/173/1739 1609/173/1740 1601/173/1741
f 1583/177/1721 1910/177/1710 1591/177/1729
f 1651/177/1744 1717/177/1745 1643/177/1746
f 1589/173/1731 1601/173/1741 1593/173/1735
f 1627/177/1747 1711/177/1748 1619/177/1749
f 1616/175/1753 1914/175/1710 1608/175/1754
f 1610/176/1755 1598/176/1726 1602/176/1724
f 1639/177/1711 1924/177/1710 1647/177/1757
f 1667/177/1759 1721/177/1760 1659/177/1761
f 1626/176/1765 1614/176/1766 1618/176/1767
f 1622/176/1768 1611/177/1769 1614/176/1766
f 1605/173/1752 1617/173/1762 1609/173/1740
f 1615/177/1770 1610/176/1755 1607/177/1738
f 1614/176/1766 1603/177/1771 1606/176/1736
f 1618/176/1767 1606/176/1736 1610/176/1755
f 1634/176/1772 1622/176/1768 1626/176/1765
f 1630/176/1773 1619/177/1749 1622/176/1768
f 1631/177/1709 1626/176/1765 1623/177/1774
f 1632/175/1775 1919/175/1710 1624/175/1776
f 1644/175/1779 1720/175/1780 1652/175/1732
f 1613/173/1751 1625/173/1781 1617/173/1762
f 1623/177/1774 1618/176/1767 1615/177/1770
f 1639/177/1711 1634/176/1772 1631/177/1709
f 1629/173/1782 1641/173/1783 1633/173/1784
f 1659/177/1761 1719/177/1785 1651/177/1744
f 1615/177/1770 1918/177/1710 1623/177/1774
f 1596/175/1788 1708/175/1789 1604/175/1790
f 1621/173/1778 1633/173/1784 1625/173/1781
f 1663/177/1794 1929/177/1795 1671/177/1796
f 1638/176/1799 1627/177/1747 1630/176/1773
f 1642/176/1800 1630/176/1773 1634/176/1772
f 1592/175/1801 1905/175/1710 1584/175/1802
f 1658/176/1806 1646/176/1807 1650/176/1808
f 1654/176/1809 1643/177/1746 1646/176/1807
f 1611/177/1769 1707/177/1810 1603/177/1771
f 1637/173/1793 1649/173/1797 1641/173/1783
f 1639/177/1711 1650/176/1808 1642/176/1800
f 1646/176/1807 1635/177/1811 1638/176/1799
f 1650/176/1808 1638/176/1799 1642/176/1800
f 1662/176/1812 1651/177/1744 1654/176/1809
f 1655/177/1813 1666/176/1814 1658/176/1806
f 1653/173/1815 1665/173/1816 1657/173/1804
f 1584/175/1802 1906/175/1710 1576/175/1817
f 1628/175/1819 1716/175/1820 1636/175/1821
f 1645/173/1792 1657/173/1804 1649/173/1797
f 1647/177/1757 1658/176/1806 1650/176/1808
f 1661/173/1822 1673/173/1823 1665/173/1816
f 1604/175/1790 1710/175/1824 1612/175/1824
f 1666/176/1814 1654/176/1809 1658/176/1806
f 1664/175/1712 1926/175/1710 1656/175/1828
f 1643/177/1746 1715/177/1830 1635/177/1811
f 1672/180/1710 1680/169/1831 1671/169/1796
f 1673/173/1698 1681/175/1710 1672/175/1832
f 1674/176/1833 1675/176/1834 1670/176/1835
f 1663/177/1794 1674/176/1833 1666/176/1814
f 1670/176/1835 1659/177/1761 1662/176/1812
f 1674/176/1833 1662/176/1812 1666/176/1814
f 1671/169/1796 1930/180/1817 1672/180/1710
f 1687/176/1837 1675/176/1834 1679/176/1838
f 1683/176/1839 1676/177/1840 1675/176/1834
f 1688/177/1841 1679/176/1838 1680/177/1831
f 1668/180/1842 1667/169/1843 1684/169/1844
f 1671/177/1796 1679/176/1838 1674/176/1833
f 1670/176/1835 1676/177/1840 1667/177/1759
f 1690/181/1845 1683/182/1845 1687/182/1845
f 1683/182/1845 1685/183/1845 1684/184/1845
f 1689/183/1845 1687/182/1845 1688/184/1845
f 1689/180/1849 1680/169/1849 1681/180/1849
f 1578/176/1718 1695/178/1850 1575/177/1722
f 1682/173/1846 1669/173/1826 1690/173/1851
f 1574/176/1703 1691/178/1854 1677/179/1710
f 1574/176/1703 1693/179/1855 1578/176/1718
f 1588/175/1856 1706/175/1857 1596/175/1788
f 1579/177/1720 1697/177/1698 1571/177/1702
f 1572/175/1817 1700/175/1698 1580/175/1719
f 1571/169/1702 1698/180/1710 1572/180/1817
f 1713/177/1858 1825/177/1859 1767/177/1860
f 1709/177/1870 1809/190/1871 1707/177/1810
f 1715/177/1830 1813/177/1877 1825/177/1859
f 1726/175/1878 1732/175/1710 1728/175/1879
f 1727/177/1881 1729/177/1698 1725/177/1882
f 1711/177/1748 1822/191/1883 1709/177/1870
f 1579/169/1720 1702/180/1817 1580/180/1719
f 1660/175/1734 1723/175/1817 1668/175/1817
f 1612/175/1824 1712/175/1884 1620/175/1885
f 1595/177/1737 1703/177/1886 1587/177/1727
f 1668/180/1817 1724/169/1887 1667/169/1759
f 1619/177/1749 1709/177/1870 1611/177/1769
f 1697/169/1698 1726/180/1878 1698/180/1710
f 1580/175/1719 1704/175/1888 1588/175/1856
f 1620/175/1885 1714/175/1889 1628/175/1819
f 1700/180/1698 1727/169/1881 1699/169/1698
f 1635/177/1811 1713/177/1858 1627/177/1747
f 1587/177/1727 1701/177/1890 1579/177/1720
f 1699/177/1698 1725/177/1882 1697/177/1698
f 1636/175/1821 1718/175/1779 1644/175/1779
f 1698/175/1710 1728/175/1879 1700/175/1698
f 1603/177/1771 1705/177/1891 1595/177/1737
f 1730/175/1892 1736/175/1817 1732/175/1710
f 1731/177/1893 1733/177/1894 1729/177/1698
f 1732/180/1710 1735/169/1895 1731/169/1893
f 1729/169/1698 1734/180/1817 1730/180/1892
f 1703/177/1886 1836/177/1896 1701/177/1890
f 1719/177/1785 1801/177/1897 1818/192/1898
f 1705/177/1891 1780/177/1899 1703/177/1886
f 1723/180/1903 1774/169/1904 1724/169/1905
f 1711/177/1748 1767/177/1860 1768/192/1906
f 1721/177/1760 1774/190/1909 1801/177/1897
f 1707/177/1810 1779/177/1911 1705/177/1891
f 1717/177/1745 1818/192/1898 1813/177/1877
f 1725/169/1882 1730/180/1892 1726/180/1878
f 1728/180/1879 1731/169/1893 1727/169/1881
f 1764/180/1916 1845/169/1917 1846/196/1918
f 1807/190/1919 1741/177/1920 1777/177/1921
f 1840/169/1922 1762/180/1923 1839/180/1924
f 1760/177/1928 1803/190/1929 1776/177/1930
f 1749/177/1933 1770/177/1934 1765/177/1935
f 1759/180/1916 1776/169/1917 1771/180/1918
f 1777/177/1921 1739/177/1936 1782/198/1937
f 1702/180/1943 1836/169/1944 1831/180/1945
f 1739/169/1946 1738/180/1947 1737/169/1947
f 1741/169/1948 1740/180/1946 1739/169/1946
f 1743/169/1950 1742/180/1948 1741/169/1948
f 1747/169/1951 1746/180/1952 1745/169/1949
f 1751/169/1953 1750/180/1954 1749/169/1955
f 1749/169/1955 1748/180/1956 1747/169/1951
f 1753/169/1957 1752/180/1953 1751/169/1953
f 1755/169/1958 1754/180/1959 1753/169/1957
f 1760/169/1960 1758/180/1961 1757/169/1961
f 1757/169/1961 1756/180/1962 1755/169/1958
f 1763/169/1963 1762/180/1963 1761/169/1963
f 1845/177/1964 1761/177/1965 1840/177/1966
f 1755/177/1967 1815/190/1968 1816/200/1969
f 1747/177/1975 1824/177/1976 1770/177/1934
f 1753/177/1977 1827/200/1978 1815/190/1968
f 1824/177/1976 1743/177/1981 1807/190/1919
f 1834/201/1922 1738/180/1923 1833/180/1924
f 1782/198/1937 1737/177/1988 1834/192/1989
f 1757/177/1990 1816/200/1969 1803/190/1929
f 1751/177/1991 1765/177/1935 1827/200/1978
f 1826/200/1992 1767/177/1860 1825/177/1859
f 1827/200/1978 1766/177/1993 1826/200/1992
f 1802/177/1994 1818/192/1898 1801/177/1897
f 1803/190/1929 1817/177/1995 1802/177/1994
f 1780/177/1899 1835/177/1996 1836/177/1896
f 1781/177/1997 1834/192/1989 1835/177/1996
f 1835/169/2006 1831/180/1945 1836/169/1944
f 1835/169/2006 1833/180/1924 1832/180/2006
f 1822/191/1883 1808/202/2007 1809/190/1871
f 1823/177/2008 1807/190/1919 1808/202/2007
f 1814/177/2010 1825/177/1859 1813/177/1877
f 1815/190/1968 1826/200/1992 1814/177/2010
f 1768/192/1906 1823/177/2008 1822/191/1883
f 1770/177/1934 1823/177/2008 1769/177/2011
f 1817/177/1995 1813/177/1877 1818/192/1898
f 1816/200/1969 1814/177/2010 1817/177/1995
f 1779/177/1911 1781/177/1997 1780/177/1899
f 1778/198/2014 1782/198/1937 1781/177/1997
f 1773/180/2015 1775/169/2016 1774/169/1904
f 1771/180/1918 1775/169/2016 1772/180/2016
f 1766/177/1993 1768/192/1906 1767/177/1860
f 1765/177/1935 1769/177/2011 1766/177/1993
f 1775/177/2018 1801/177/1897 1774/190/1909
f 1776/177/1930 1802/177/1994 1775/177/2018
f 1809/190/1871 1778/198/2014 1779/177/1911
f 1808/202/2007 1777/177/1921 1778/198/2014
f 1735/177/1895 1842/177/2024 1733/177/1894
f 1843/177/2025 1841/177/2026 1842/177/2024
f 1844/177/2027 1840/177/1966 1841/177/2026
f 1842/169/1944 1734/180/1943 1733/169/2028
f 1841/169/2006 1837/196/1945 1842/169/1944
f 1841/169/2006 1839/180/1924 1838/180/2006
f 1736/180/1903 1843/169/1904 1735/169/1905
f 1848/180/2015 1844/169/2016 1843/169/1904
f 1846/196/1918 1844/169/2016 1847/180/2016
f 1584/180/1802 1849/180/1710 1850/180/1710
f 1592/180/2029 1850/180/1710 1851/180/1710
f 1656/175/2030 1860/175/1710 1664/175/2031
f 1624/175/2032 1856/175/1710 1632/175/1775
f 1616/180/2033 1853/180/2034 1854/180/1710
f 1664/175/2031 1861/175/1698 1672/175/2035
f 1648/180/2036 1857/180/2037 1858/180/1710
f 1648/175/2036 1859/175/1710 1656/175/2030
f 1592/175/2029 1852/175/1710 1600/175/2038
f 1681/180/1710 1861/180/1698 1862/180/1710
f 1632/175/1775 1857/175/2037 1640/175/2039
f 1616/175/2033 1855/175/1710 1624/175/2032
f 1600/175/2038 1853/175/2034 1608/175/1754
f 1858/175/1710 1873/175/1710 1859/175/1710
f 1851/175/1710 1866/175/1710 1852/175/1710
f 1859/175/1710 1874/175/1710 1860/175/1710
f 1854/180/1710 1867/180/2034 1868/180/1710
f 1860/175/1710 1875/175/1698 1861/175/1698
f 1852/175/1710 1867/175/2034 1853/175/2034
f 1862/180/1710 1875/180/1698 1876/180/1710
f 1854/175/1710 1869/175/1710 1855/175/1710
f 1855/175/1710 1870/175/1710 1856/175/1710
f 1858/180/1710 1871/180/2037 1872/180/1710
f 1850/180/1710 1863/180/1710 1864/180/1710
f 1856/175/1710 1871/175/2037 1857/175/2037
f 1851/180/1710 1864/180/1710 1865/180/1710
f 1866/175/1710 1881/175/1710 1867/175/2034
f 1876/180/1710 1889/180/1698 1890/180/1710
f 1868/175/1710 1883/175/1710 1869/175/1710
f 1869/175/1710 1884/175/1710 1870/175/1710
f 1872/180/1710 1885/180/2037 1886/180/1710
f 1864/180/1710 1877/180/1710 1878/180/1710
f 1870/175/1710 1885/175/2037 1871/175/2037
f 1865/180/1710 1878/180/1710 1879/180/1710
f 1872/175/1710 1887/175/1710 1873/175/1710
f 1865/175/1710 1880/175/1710 1866/175/1710
f 1873/175/1710 1888/175/1710 1874/175/1710
f 1868/180/1710 1881/180/1710 1882/180/1710
f 1874/175/1710 1889/175/1698 1875/175/1698
f 1886/180/1710 1899/180/2040 1900/180/2041
f 1878/180/1710 1891/180/2042 1892/180/2043
f 1884/175/1710 1899/175/2040 1885/175/2037
f 1879/180/1710 1892/180/2043 1893/180/2044
f 1886/175/1710 1901/175/1828 1887/175/1710
f 1879/175/1710 1894/175/2045 1880/175/1710
f 1887/175/1710 1902/175/1712 1888/175/1710
f 1882/180/1710 1895/180/1754 1896/180/1753
f 1888/175/1710 1903/175/1698 1889/175/1698
f 1880/175/1710 1895/175/1754 1881/175/1710
f 1890/180/1710 1903/180/1698 1904/180/1710
f 1882/175/1710 1897/175/1776 1883/175/1710
f 1883/175/1710 1898/175/1775 1884/175/1710
f 1908/177/2046 1936/177/2047 1910/177/1710
f 1926/175/1710 1949/175/2048 1923/175/2049
f 1914/175/1710 1938/175/2038 1912/175/2050
f 1930/175/2051 1954/175/2052 1928/175/1698
f 1920/175/2053 1945/175/2032 1919/175/1710
f 1911/175/2054 1931/175/2043 1905/175/1710
f 1909/177/2055 1941/177/2056 1915/177/2057
f 1927/177/2058 1955/177/2059 1929/177/1795
f 1921/177/1710 1950/177/2060 1924/177/1710
f 1915/177/2057 1942/177/2061 1916/177/2062
f 1955/169/2063 1930/180/2063 1929/169/2063
f 1916/177/2062 1944/177/2064 1918/177/1710
f 1656/175/1828 1923/175/2049 1648/175/2065
f 1648/175/2065 1922/175/1710 1640/175/2066
f 1600/175/2045 1911/175/2054 1592/175/1801
f 1599/177/1728 1915/177/2057 1607/177/1738
f 1576/180/1817 1907/169/1698 1575/169/1722
f 1623/177/1774 1917/177/1710 1631/177/1709
f 1655/177/1813 1927/177/2058 1663/177/1794
f 1640/175/2066 1920/175/2053 1632/175/1775
f 1647/177/1757 1925/177/1710 1655/177/1813
f 1624/175/1776 1913/175/1710 1616/175/1753
f 1607/177/1738 1916/177/2062 1615/177/1770
f 1575/177/1722 1908/177/2046 1583/177/1721
f 1608/175/1754 1912/175/2050 1600/175/2045
f 1591/177/1729 1909/177/2055 1599/177/1728
f 2019/191/2082 1967/177/2083 1999/177/2084
f 1979/177/2085 2002/177/2086 1990/177/2087
f 1973/177/2088 1998/202/2089 1993/192/2090
f 1999/177/2084 1968/177/2091 2008/204/2092
f 2002/169/2093 1982/180/2093 2007/180/2093
f 1968/177/2091 2013/205/2094 2008/204/2092
f 2014/204/2095 1961/177/2096 2019/191/2082
f 1905/175/1710 1932/175/1817 1906/175/1710
f 1924/177/1710 1951/177/2097 1925/177/1710
f 1923/175/2049 1948/175/2098 1922/175/1710
f 1906/180/1710 1933/169/2099 1907/169/1698
f 1918/177/1710 1943/177/2100 1917/177/1710
f 1912/175/2050 1937/175/2101 1911/175/2054
f 1917/177/1710 1947/177/2102 1921/177/1710
f 1907/177/1698 1934/177/2103 1908/177/2046
f 1925/177/1710 1953/177/2104 1927/177/2058
f 1913/175/1710 1940/175/1754 1914/175/1710
f 1922/175/1710 1946/175/1775 1920/175/2053
f 1919/175/1710 1939/175/2033 1913/175/1710
f 1928/175/1710 1952/175/2030 1926/175/1710
f 1910/177/1710 1935/177/2105 1909/177/2055
f 1957/180/2106 1959/169/2107 1958/180/2107
f 1963/180/2108 1960/169/2109 1957/180/2106
f 1964/180/2110 1962/169/2111 1963/180/2108
f 1965/180/2112 1967/169/2113 1966/180/2114
f 1966/180/2114 1961/169/2115 1964/180/2110
f 1965/180/2112 1970/169/2116 1968/169/2112
f 1972/180/2117 1970/169/2116 1971/180/2116
f 1974/180/2118 1976/169/2119 1973/169/2120
f 1972/180/2117 1973/169/2120 1969/169/2121
f 1975/180/2122 1977/169/2123 1976/169/2119
f 1978/180/2124 1979/169/2125 1977/169/2123
f 1980/180/2126 1981/169/2127 1979/169/2125
f 2044/177/2128 1962/177/2129 2014/204/2095
f 1976/177/2132 2052/206/2133 1998/202/2089
f 1970/177/2139 2061/198/2140 2013/205/2094
f 1969/177/2142 1993/192/2090 2061/198/2140
f 2058/200/2143 1960/177/2144 2044/177/2128
f 1977/177/2145 1990/177/2087 2052/206/2133
f 1986/180/2150 2070/169/2150 2067/180/2150
f 2077/198/2151 1985/177/2152 2073/177/2153
f 2073/169/2153 1986/180/1817 2072/180/1710
f 2071/207/2154 1983/169/2154 2074/169/2154
f 1983/177/2155 2075/177/2156 2074/192/2157
f 2068/177/2158 2076/177/2159 2075/177/2156
f 2069/177/2160 2077/198/2151 2076/177/2159
f 1984/180/2150 2068/169/2150 1983/169/2150
f 2065/180/2150 2069/169/2150 2068/169/2150
f 2067/180/2150 2069/169/2150 2066/180/2150
f 2050/177/2182 1953/177/2104 1951/177/2097
f 2051/177/2183 1992/205/2184 2050/177/2182
f 2052/206/2133 1991/191/2185 2051/177/2183
f 1933/177/2099 2046/204/2186 1934/177/2103
f 2056/177/2187 2045/177/2188 2046/204/2186
f 2057/192/2189 2044/177/2128 2045/177/2188
f 2059/177/2190 1947/177/2102 1943/177/2100
f 2060/177/2191 1995/192/2192 2059/177/2190
f 2061/198/2140 1994/208/2193 2060/177/2191
f 2011/192/2200 1943/177/2100 1944/177/2064
f 2012/192/2201 2059/177/2190 2011/192/2200
f 2013/205/2094 2060/177/2191 2012/192/2201
f 1996/177/2211 1951/177/2097 1950/177/2060
f 1997/204/2212 2050/177/2182 1996/177/2211
f 1998/202/2089 2051/177/2183 1997/204/2212
f 1934/177/2103 2016/177/2219 1936/177/2047
f 2046/204/2186 2015/202/2220 2016/177/2219
f 2045/177/2188 2014/204/2095 2015/202/2220
f 1936/177/2047 2017/202/2221 1935/177/2105
f 2016/177/2219 2018/210/2222 2017/202/2221
f 2015/202/2220 2019/191/2082 2018/210/2222
f 2010/204/2223 1944/177/2064 1942/177/2061
f 2009/204/2224 2011/192/2200 2010/204/2223
f 2008/204/2092 2012/192/2201 2009/204/2224
f 2004/169/2093 1956/180/2093 1955/169/2093
f 2003/169/2093 2005/180/2093 2004/169/2093
f 2003/169/2093 2007/180/2093 2006/180/2093
f 1941/177/2056 2010/204/2223 1942/177/2061
f 2001/190/2225 2009/204/2224 2010/204/2223
f 2000/177/2226 2008/204/2092 2009/204/2224
f 1995/192/2192 1950/177/2060 1947/177/2102
f 1994/208/2193 1996/177/2211 1995/192/2192
f 1993/192/2090 1997/204/2212 1994/208/2193
f 1992/205/2184 1955/177/2227 1953/177/2104
f 1991/191/2185 2004/177/2228 1992/205/2184
f 1990/177/2087 2003/177/2229 1991/191/2185
f 1935/177/2105 2001/190/2225 1941/177/2056
f 2017/202/2221 2000/177/2226 2001/190/2225
f 2018/210/2222 1999/177/2084 2000/177/2226
f 2076/177/2159 2058/200/2143 2057/192/2189
f 2075/177/2156 2057/192/2189 2056/177/2187
f 2074/192/2157 2056/177/2187 1933/177/2099
f 1932/180/2154 2074/169/2154 1933/169/2154
f 1959/169/2234 2072/180/1710 1958/180/1817
f 2058/200/2143 2073/177/2153 1959/177/2234
f 1571/169/1694 1572/180/1694 1692/170/1695
f 1582/176/1701 1579/177/1720 1571/177/1702
f 1694/174/1704 1696/170/1704 1695/178/1704
f 1695/178/1704 1693/179/1698 1677/179/1704
f 1677/179/1704 1691/171/1704 1692/172/1704
f 1678/174/1704 1694/174/1704 1695/178/1704
f 1677/179/1704 1692/172/1704 1678/174/1704
f 1696/170/1705 1576/180/1705 1575/169/1705
f 1631/177/1709 1917/177/1710 1921/177/1710
f 1573/173/1697 1577/173/1706 1694/174/1708
f 1672/175/1710 1930/175/1817 1928/175/1710
f 1594/176/1716 1590/176/1725 1582/176/1701
f 1586/176/1717 1582/176/1701 1574/176/1703
f 1573/173/1697 1581/173/1700 1585/173/1713
f 1580/180/1719 1700/180/1698 1699/169/1698
f 1583/177/1721 1586/176/1717 1578/176/1718
f 1602/176/1724 1598/176/1726 1590/176/1725
f 1598/176/1726 1595/177/1737 1587/177/1727
f 1599/177/1728 1602/176/1724 1594/176/1716
f 1652/175/1732 1720/175/1780 1722/175/1733
f 1581/173/1700 1589/173/1731 1593/173/1735
f 1591/177/1729 1594/176/1716 1586/176/1717
f 1590/176/1725 1587/177/1727 1579/177/1720
f 1606/176/1736 1603/177/1771 1595/177/1737
f 1607/177/1738 1610/176/1755 1602/176/1724
f 1597/173/1739 1605/173/1752 1609/173/1740
f 1583/177/1721 1908/177/2046 1910/177/1710
f 1651/177/1744 1719/177/1785 1717/177/1745
f 1589/173/1731 1597/173/1739 1601/173/1741
f 1627/177/1747 1713/177/1858 1711/177/1748
f 1616/175/1753 1913/175/1710 1914/175/1710
f 1610/176/1755 1606/176/1736 1598/176/1726
f 1639/177/1711 1921/177/1710 1924/177/1710
f 1667/177/1759 1724/177/1887 1721/177/1760
f 1626/176/1765 1622/176/1768 1614/176/1766
f 1622/176/1768 1619/177/1749 1611/177/1769
f 1605/173/1752 1613/173/1751 1617/173/1762
f 1615/177/1770 1618/176/1767 1610/176/1755
f 1614/176/1766 1611/177/1769 1603/177/1771
f 1618/176/1767 1614/176/1766 1606/176/1736
f 1634/176/1772 1630/176/1773 1622/176/1768
f 1630/176/1773 1627/177/1747 1619/177/1749
f 1631/177/1709 1634/176/1772 1626/176/1765
f 1632/175/1775 1920/175/2053 1919/175/1710
f 1644/175/1779 1718/175/1779 1720/175/1780
f 1613/173/1751 1621/173/1778 1625/173/1781
f 1623/177/1774 1626/176/1765 1618/176/1767
f 1639/177/1711 1642/176/1800 1634/176/1772
f 1629/173/1782 1637/173/1793 1641/173/1783
f 1659/177/1761 1721/177/1760 1719/177/1785
f 1615/177/1770 1916/177/2062 1918/177/1710
f 1596/175/1788 1706/175/1857 1708/175/1789
f 1621/173/1778 1629/173/1782 1633/173/1784
f 1663/177/1794 1927/177/2058 1929/177/1795
f 1638/176/1799 1635/177/1811 1627/177/1747
f 1642/176/1800 1638/176/1799 1630/176/1773
f 1592/175/1801 1911/175/2054 1905/175/1710
f 1658/176/1806 1654/176/1809 1646/176/1807
f 1654/176/1809 1651/177/1744 1643/177/1746
f 1611/177/1769 1709/177/1870 1707/177/1810
f 1637/173/1793 1645/173/1792 1649/173/1797
f 1639/177/1711 1647/177/1757 1650/176/1808
f 1646/176/1807 1643/177/1746 1635/177/1811
f 1650/176/1808 1646/176/1807 1638/176/1799
f 1662/176/1812 1659/177/1761 1651/177/1744
f 1655/177/1813 1663/177/1794 1666/176/1814
f 1653/173/1815 1661/173/1822 1665/173/1816
f 1584/175/1802 1905/175/1710 1906/175/1710
f 1628/175/1819 1714/175/1889 1716/175/1820
f 1645/173/1792 1653/173/1815 1657/173/1804
f 1647/177/1757 1655/177/1813 1658/176/1806
f 1661/173/1822 1669/173/1826 1673/173/1823
f 1604/175/1790 1708/175/1789 1710/175/1824
f 1666/176/1814 1662/176/1812 1654/176/1809
f 1664/175/1712 1928/175/1710 1926/175/1710
f 1643/177/1746 1717/177/1745 1715/177/1830
f 1672/180/1710 1681/180/1817 1680/169/1831
f 1673/173/1698 1682/173/2235 1681/175/1710
f 1674/176/1833 1679/176/1838 1675/176/1834
f 1663/177/1794 1671/177/1796 1674/176/1833
f 1670/176/1835 1667/177/1759 1659/177/1761
f 1674/176/1833 1670/176/1835 1662/176/1812
f 1671/169/1796 1929/169/1795 1930/180/1817
f 1687/176/1837 1683/176/1839 1675/176/1834
f 1683/176/1839 1684/177/2237 1676/177/1840
f 1688/177/1841 1687/176/1837 1679/176/1838
f 1684/169/1844 1685/180/1844 1668/180/1842
f 1667/169/1843 1676/169/1698 1684/169/1844
f 1671/177/1796 1680/177/1831 1679/176/1838
f 1670/176/1835 1675/176/1834 1676/177/1840
f 1690/181/1845 1686/181/1845 1683/182/1845
f 1683/182/1845 1686/181/1845 1685/183/1845
f 1689/183/1845 1690/181/1845 1687/182/1845
f 1689/180/1849 1688/169/1849 1680/169/1849
f 1578/176/1718 1693/179/1855 1695/178/1850
f 1669/173/1826 1686/173/1853 1690/173/1851
f 1682/173/1846 1673/173/1823 1669/173/1826
f 1574/176/1703 1571/177/1702 1691/178/1854
f 1574/176/1703 1677/179/1710 1693/179/1855
f 1588/175/1856 1704/175/1888 1706/175/1857
f 1579/177/1720 1699/177/1698 1697/177/1698
f 1572/175/1817 1698/175/1710 1700/175/1698
f 1571/169/1702 1697/169/1698 1698/180/1710
f 1713/177/1858 1715/177/1830 1825/177/1859
f 1709/177/1870 1822/191/1883 1809/190/1871
f 1715/177/1830 1717/177/1745 1813/177/1877
f 1726/175/1878 1730/175/1892 1732/175/1710
f 1727/177/1881 1731/177/1893 1729/177/1698
f 1711/177/1748 1768/192/1906 1822/191/1883
f 1579/169/1720 1701/169/1890 1702/180/1817
f 1660/175/1734 1722/175/1733 1723/175/1817
f 1612/175/1824 1710/175/1824 1712/175/1884
f 1595/177/1737 1705/177/1891 1703/177/1886
f 1668/180/1817 1723/180/1817 1724/169/1887
f 1619/177/1749 1711/177/1748 1709/177/1870
f 1697/169/1698 1725/169/1882 1726/180/1878
f 1580/175/1719 1702/175/1817 1704/175/1888
f 1620/175/1885 1712/175/1884 1714/175/1889
f 1700/180/1698 1728/180/1879 1727/169/1881
f 1635/177/1811 1715/177/1830 1713/177/1858
f 1587/177/1727 1703/177/1886 1701/177/1890
f 1699/177/1698 1727/177/1881 1725/177/1882
f 1636/175/1821 1716/175/1820 1718/175/1779
f 1698/175/1710 1726/175/1878 1728/175/1879
f 1603/177/1771 1707/177/1810 1705/177/1891
f 1730/175/1892 1734/175/1817 1736/175/1817
f 1731/177/1893 1735/177/1895 1733/177/1894
f 1732/180/1710 1736/180/1817 1735/169/1895
f 1729/169/1698 1733/169/1894 1734/180/1817
f 1703/177/1886 1780/177/1899 1836/177/1896
f 1719/177/1785 1721/177/1760 1801/177/1897
f 1705/177/1891 1779/177/1911 1780/177/1899
f 1723/180/1903 1773/180/2015 1774/169/1904
f 1711/177/1748 1713/177/1858 1767/177/1860
f 1721/177/1760 1724/177/1887 1774/190/1909
f 1707/177/1810 1809/190/1871 1779/177/1911
f 1717/177/1745 1719/177/1785 1818/192/1898
f 1725/169/1882 1729/169/1698 1730/180/1892
f 1728/180/1879 1732/180/1710 1731/169/1893
f 1764/180/1916 1763/169/2241 1845/169/1917
f 1807/190/1919 1743/177/1981 1741/177/1920
f 1840/169/1922 1761/169/2242 1762/180/1923
f 1760/177/1928 1757/177/1990 1803/190/1929
f 1749/177/1933 1747/177/1975 1770/177/1934
f 1759/180/1916 1760/169/2241 1776/169/1917
f 1777/177/1921 1741/177/1920 1739/177/1936
f 1702/180/1943 1701/169/2028 1836/169/1944
f 1739/169/1946 1740/180/1946 1738/180/1947
f 1741/169/1948 1742/180/1948 1740/180/1946
f 1743/169/1950 1744/180/1950 1742/180/1948
f 1747/169/1951 1748/180/1956 1746/180/1952
f 1751/169/1953 1752/180/1953 1750/180/1954
f 1749/169/1955 1750/180/1954 1748/180/1956
f 1753/169/1957 1754/180/1959 1752/180/1953
f 1755/169/1958 1756/180/1962 1754/180/1959
f 1760/169/1960 1759/180/1960 1758/180/1961
f 1757/169/1961 1758/180/1961 1756/180/1962
f 1763/169/1963 1764/180/1963 1762/180/1963
f 1845/177/1964 1763/177/1965 1761/177/1965
f 1755/177/1967 1753/177/1977 1815/190/1968
f 1747/177/1975 1745/177/2243 1824/177/1976
f 1753/177/1977 1751/177/1991 1827/200/1978
f 1824/177/1976 1745/177/2243 1743/177/1981
f 1834/201/1922 1737/169/2242 1738/180/1923
f 1782/198/1937 1739/177/1936 1737/177/1988
f 1757/177/1990 1755/177/1967 1816/200/1969
f 1751/177/1991 1749/177/1933 1765/177/1935
f 1826/200/1992 1766/177/1993 1767/177/1860
f 1827/200/1978 1765/177/1935 1766/177/1993
f 1802/177/1994 1817/177/1995 1818/192/1898
f 1803/190/1929 1816/200/1969 1817/177/1995
f 1780/177/1899 1781/177/1997 1835/177/1996
f 1781/177/1997 1782/198/1937 1834/192/1989
f 1835/169/2006 1832/180/2006 1831/180/1945
f 1835/169/2006 1834/201/1922 1833/180/1924
f 1822/191/1883 1823/177/2008 1808/202/2007
f 1823/177/2008 1824/177/1976 1807/190/1919
f 1814/177/2010 1826/200/1992 1825/177/1859
f 1815/190/1968 1827/200/1978 1826/200/1992
f 1768/192/1906 1769/177/2011 1823/177/2008
f 1770/177/1934 1824/177/1976 1823/177/2008
f 1817/177/1995 1814/177/2010 1813/177/1877
f 1816/200/1969 1815/190/1968 1814/177/2010
f 1779/177/1911 1778/198/2014 1781/177/1997
f 1778/198/2014 1777/177/1921 1782/198/1937
f 1773/180/2015 1772/180/2016 1775/169/2016
f 1771/180/1918 1776/169/1917 1775/169/2016
f 1766/177/1993 1769/177/2011 1768/192/1906
f 1765/177/1935 1770/177/1934 1769/177/2011
f 1775/177/2018 1802/177/1994 1801/177/1897
f 1776/177/1930 1803/190/1929 1802/177/1994
f 1809/190/1871 1808/202/2007 1778/198/2014
f 1808/202/2007 1807/190/1919 1777/177/1921
f 1735/177/1895 1843/177/2025 1842/177/2024
f 1843/177/2025 1844/177/2027 1841/177/2026
f 1844/177/2027 1845/177/1964 1840/177/1966
f 1842/169/1944 1837/196/1945 1734/180/1943
f 1841/169/2006 1838/180/2006 1837/196/1945
f 1841/169/2006 1840/169/1922 1839/180/1924
f 1736/180/1903 1848/180/2015 1843/169/1904
f 1848/180/2015 1847/180/2016 1844/169/2016
f 1846/196/1918 1845/169/1917 1844/169/2016
f 1584/180/1802 1576/180/1710 1849/180/1710
f 1592/180/2029 1584/180/1802 1850/180/1710
f 1656/175/2030 1859/175/1710 1860/175/1710
f 1624/175/2032 1855/175/1710 1856/175/1710
f 1616/180/2033 1608/180/1754 1853/180/2034
f 1664/175/2031 1860/175/1710 1861/175/1698
f 1648/180/2036 1640/180/2039 1857/180/2037
f 1648/175/2036 1858/175/1710 1859/175/1710
f 1592/175/2029 1851/175/1710 1852/175/1710
f 1681/180/1710 1672/180/2035 1861/180/1698
f 1632/175/1775 1856/175/1710 1857/175/2037
f 1616/175/2033 1854/175/1710 1855/175/1710
f 1600/175/2038 1852/175/1710 1853/175/2034
f 1858/175/1710 1872/175/1710 1873/175/1710
f 1851/175/1710 1865/175/1710 1866/175/1710
f 1859/175/1710 1873/175/1710 1874/175/1710
f 1854/180/1710 1853/180/2034 1867/180/2034
f 1860/175/1710 1874/175/1710 1875/175/1698
f 1852/175/1710 1866/175/1710 1867/175/2034
f 1862/180/1710 1861/180/1698 1875/180/1698
f 1854/175/1710 1868/175/1710 1869/175/1710
f 1855/175/1710 1869/175/1710 1870/175/1710
f 1858/180/1710 1857/180/2037 1871/180/2037
f 1850/180/1710 1849/180/1710 1863/180/1710
f 1856/175/1710 1870/175/1710 1871/175/2037
f 1851/180/1710 1850/180/1710 1864/180/1710
f 1866/175/1710 1880/175/1710 1881/175/1710
f 1876/180/1710 1875/180/1698 1889/180/1698
f 1868/175/1710 1882/175/1710 1883/175/1710
f 1869/175/1710 1883/175/1710 1884/175/1710
f 1872/180/1710 1871/180/2037 1885/180/2037
f 1864/180/1710 1863/180/1710 1877/180/1710
f 1870/175/1710 1884/175/1710 1885/175/2037
f 1865/180/1710 1864/180/1710 1878/180/1710
f 1872/175/1710 1886/175/1710 1887/175/1710
f 1865/175/1710 1879/175/1710 1880/175/1710
f 1873/175/1710 1887/175/1710 1888/175/1710
f 1868/180/1710 1867/180/2034 1881/180/1710
f 1874/175/1710 1888/175/1710 1889/175/1698
f 1886/180/1710 1885/180/2037 1899/180/2040
f 1878/180/1710 1877/180/1710 1891/180/2042
f 1884/175/1710 1898/175/1775 1899/175/2040
f 1879/180/1710 1878/180/1710 1892/180/2043
f 1886/175/1710 1900/175/2041 1901/175/1828
f 1879/175/1710 1893/175/2044 1894/175/2045
f 1887/175/1710 1901/175/1828 1902/175/1712
f 1882/180/1710 1881/180/1710 1895/180/1754
f 1888/175/1710 1902/175/1712 1903/175/1698
f 1880/175/1710 1894/175/2045 1895/175/1754
f 1890/180/1710 1889/180/1698 1903/180/1698
f 1882/175/1710 1896/175/1753 1897/175/1776
f 1883/175/1710 1897/175/1776 1898/175/1775
f 1908/177/2046 1934/177/2103 1936/177/2047
f 1926/175/1710 1952/175/2030 1949/175/2048
f 1914/175/1710 1940/175/1754 1938/175/2038
f 1930/175/2051 1956/175/2245 1954/175/2052
f 1920/175/2053 1946/175/1775 1945/175/2032
f 1911/175/2054 1937/175/2101 1931/175/2043
f 1909/177/2055 1935/177/2105 1941/177/2056
f 1927/177/2058 1953/177/2104 1955/177/2059
f 1921/177/1710 1947/177/2102 1950/177/2060
f 1915/177/2057 1941/177/2056 1942/177/2061
f 1955/169/2063 1956/180/2063 1930/180/2063
f 1916/177/2062 1942/177/2061 1944/177/2064
f 1656/175/1828 1926/175/1710 1923/175/2049
f 1648/175/2065 1923/175/2049 1922/175/1710
f 1600/175/2045 1912/175/2050 1911/175/2054
f 1599/177/1728 1909/177/2055 1915/177/2057
f 1576/180/1817 1906/180/1710 1907/169/1698
f 1623/177/1774 1918/177/1710 1917/177/1710
f 1655/177/1813 1925/177/1710 1927/177/2058
f 1640/175/2066 1922/175/1710 1920/175/2053
f 1647/177/1757 1924/177/1710 1925/177/1710
f 1624/175/1776 1919/175/1710 1913/175/1710
f 1607/177/1738 1915/177/2057 1916/177/2062
f 1575/177/1722 1907/177/1698 1908/177/2046
f 1608/175/1754 1914/175/1710 1912/175/2050
f 1591/177/1729 1910/177/1710 1909/177/2055
f 2019/191/2082 1961/177/2096 1967/177/2083
f 1979/177/2085 1981/177/2247 2002/177/2086
f 1973/177/2088 1976/177/2132 1998/202/2089
f 1999/177/2084 1967/177/2083 1968/177/2091
f 2002/169/2093 1981/169/2093 1982/180/2093
f 1968/177/2091 1970/177/2139 2013/205/2094
f 2014/204/2095 1962/177/2129 1961/177/2096
f 1905/175/1710 1931/175/2043 1932/175/1817
f 1924/177/1710 1950/177/2060 1951/177/2097
f 1923/175/2049 1949/175/2048 1948/175/2098
f 1906/180/1710 1932/180/1817 1933/169/2099
f 1918/177/1710 1944/177/2064 1943/177/2100
f 1912/175/2050 1938/175/2038 1937/175/2101
f 1917/177/1710 1943/177/2100 1947/177/2102
f 1907/177/1698 1933/177/2099 1934/177/2103
f 1925/177/1710 1951/177/2097 1953/177/2104
f 1913/175/1710 1939/175/2033 1940/175/1754
f 1922/175/1710 1948/175/2098 1946/175/1775
f 1919/175/1710 1945/175/2032 1939/175/2033
f 1928/175/1710 1954/175/2248 1952/175/2030
f 1910/177/1710 1936/177/2047 1935/177/2105
f 1957/180/2106 1960/169/2109 1959/169/2107
f 1963/180/2108 1962/169/2111 1960/169/2109
f 1964/180/2110 1961/169/2115 1962/169/2111
f 1965/180/2112 1968/169/2112 1967/169/2113
f 1966/180/2114 1967/169/2113 1961/169/2115
f 1965/180/2112 1971/180/2116 1970/169/2116
f 1972/180/2117 1969/169/2121 1970/169/2116
f 1974/180/2118 1975/180/2122 1976/169/2119
f 1972/180/2117 1974/180/2118 1973/169/2120
f 1975/180/2122 1978/180/2124 1977/169/2123
f 1978/180/2124 1980/180/2126 1979/169/2125
f 1980/180/2126 1982/180/2127 1981/169/2127
f 2044/177/2128 1960/177/2144 1962/177/2129
f 1976/177/2132 1977/177/2145 2052/206/2133
f 1970/177/2139 1969/177/2142 2061/198/2140
f 1969/177/2142 1973/177/2088 1993/192/2090
f 2058/200/2143 1959/177/2234 1960/177/2144
f 1977/177/2145 1979/177/2085 1990/177/2087
f 1986/180/2150 1985/169/2150 2070/169/2150
f 2077/198/2151 2070/177/2249 1985/177/2152
f 2073/169/2153 1985/169/2152 1986/180/1817
f 2071/207/2154 1984/180/2154 1983/169/2154
f 1983/177/2155 2068/177/2158 2075/177/2156
f 2068/177/2158 2069/177/2160 2076/177/2159
f 2069/177/2160 2070/177/2249 2077/198/2151
f 1984/180/2150 2065/180/2150 2068/169/2150
f 2065/180/2150 2066/180/2150 2069/169/2150
f 2067/180/2150 2070/169/2150 2069/169/2150
f 2050/177/2182 1992/205/2184 1953/177/2104
f 2051/177/2183 1991/191/2185 1992/205/2184
f 2052/206/2133 1990/177/2087 1991/191/2185
f 1933/177/2099 2056/177/2187 2046/204/2186
f 2056/177/2187 2057/192/2189 2045/177/2188
f 2057/192/2189 2058/200/2143 2044/177/2128
f 2059/177/2190 1995/192/2192 1947/177/2102
f 2060/177/2191 1994/208/2193 1995/192/2192
f 2061/198/2140 1993/192/2090 1994/208/2193
f 2011/192/2200 2059/177/2190 1943/177/2100
f 2012/192/2201 2060/177/2191 2059/177/2190
f 2013/205/2094 2061/198/2140 2060/177/2191
f 1996/177/2211 2050/177/2182 1951/177/2097
f 1997/204/2212 2051/177/2183 2050/177/2182
f 1998/202/2089 2052/206/2133 2051/177/2183
f 1934/177/2103 2046/204/2186 2016/177/2219
f 2046/204/2186 2045/177/2188 2015/202/2220
f 2045/177/2188 2044/177/2128 2014/204/2095
f 1936/177/2047 2016/177/2219 2017/202/2221
f 2016/177/2219 2015/202/2220 2018/210/2222
f 2015/202/2220 2014/204/2095 2019/191/2082
f 2010/204/2223 2011/192/2200 1944/177/2064
f 2009/204/2224 2012/192/2201 2011/192/2200
f 2008/204/2092 2013/205/2094 2012/192/2201
f 2004/169/2093 2005/180/2093 1956/180/2093
f 2003/169/2093 2006/180/2093 2005/180/2093
f 2003/169/2093 2002/169/2093 2007/180/2093
f 1941/177/2056 2001/190/2225 2010/204/2223
f 2001/190/2225 2000/177/2226 2009/204/2224
f 2000/177/2226 1999/177/2084 2008/204/2092
f 1995/192/2192 1996/177/2211 1950/177/2060
f 1994/208/2193 1997/204/2212 1996/177/2211
f 1993/192/2090 1998/202/2089 1997/204/2212
f 1992/205/2184 2004/177/2228 1955/177/2227
f 1991/191/2185 2003/177/2229 2004/177/2228
f 1990/177/2087 2002/177/2086 2003/177/2229
f 1935/177/2105 2017/202/2221 2001/190/2225
f 2017/202/2221 2018/210/2222 2000/177/2226
f 2018/210/2222 2019/191/2082 1999/177/2084
f 2076/177/2159 2077/198/2151 2058/200/2143
f 2075/177/2156 2076/177/2159 2057/192/2189
f 2074/192/2157 2075/177/2156 2056/177/2187
f 1932/180/2154 2071/207/2154 2074/169/2154
f 1959/169/2234 2073/169/2153 2072/180/1710
f 2058/200/2143 2077/198/2151 2073/177/2153
usemtl Material.003
f 1710/175/1875 1810/189/1876 1828/188/1868
f 1716/175/1880 1819/187/1874 1718/175/1873
f 1720/175/1900 1792/186/1863 1722/175/1862
f 1706/175/1907 1800/187/1866 1795/194/1908
f 1712/175/1867 1785/195/1910 1714/175/1901
f 1804/186/1925 1750/175/1926 1783/187/1927
f 1740/175/1931 1797/189/1915 1798/197/1932
f 1789/175/1940 1758/175/1941 1794/175/1942
f 1745/169/1949 1744/180/1950 1743/169/1950
f 1762/175/1970 1846/185/1971 1839/175/1972
f 1788/199/1939 1754/175/1973 1821/175/1974
f 1744/175/1979 1830/185/1980 1812/187/1914
f 1811/175/2009 1828/188/1868 1810/189/1876
f 1812/187/1914 1829/188/2002 1811/175/2009
f 1786/193/1902 1820/197/2005 1819/187/1874
f 1787/187/2012 1821/175/1974 1820/197/2005
f 1791/187/1872 1793/188/1999 1792/186/1863
f 1790/175/2004 1794/175/1942 1793/188/1999
f 1799/197/2001 1795/194/1908 1800/187/1866
f 1798/197/1932 1796/175/2017 1799/197/2001
f 1806/189/1869 1784/194/2013 1785/195/1910
f 1805/199/2003 1783/187/1927 1784/194/2013
f 1837/185/2019 1736/175/2020 1734/175/2020
f 1838/175/2021 1848/175/2022 1837/185/2019
f 1839/175/1972 1847/175/2023 1838/175/2021
f 2041/199/2067 1975/175/2068 2040/197/2069
f 1966/175/2070 2034/175/2071 2035/175/2072
f 1963/175/2079 1989/175/2080 2020/188/2081
f 2040/197/2069 1974/175/2134 2055/195/2135
f 1964/175/2141 2020/188/2081 2034/175/2071
f 2055/195/2135 1972/175/2148 2026/203/2076
f 1948/175/2173 2028/203/2174 1946/175/2175
f 2053/175/2176 2027/203/2177 2028/203/2174
f 2054/175/2178 2026/203/2076 2027/203/2177
f 2032/175/2194 1937/175/2195 1938/175/2196
f 2033/175/2197 2022/194/2198 2032/175/2194
f 2034/175/2071 2021/189/2199 2033/175/2197
f 1949/175/2208 2053/175/2176 1948/175/2173
f 2038/187/2209 2054/175/2178 2053/175/2176
f 2039/187/2210 2055/195/2135 2054/175/2178
f 2022/194/2198 1931/175/2215 1937/175/2195
f 2021/189/2199 1987/175/2213 2022/194/2198
f 2020/188/2081 1988/175/2216 2021/189/2199
f 2037/199/2180 1938/175/2196 1940/175/2179
f 2036/175/2181 2032/175/2194 2037/199/2180
f 2035/175/2072 2033/175/2197 2036/175/2181
f 1952/175/2163 2038/187/2209 1949/175/2208
f 2043/175/2162 2039/187/2210 2038/187/2209
f 2042/185/2165 2040/197/2069 2039/187/2210
f 1710/175/1875 1708/175/1912 1810/189/1876
f 1716/175/1880 1786/193/1902 1819/187/1874
f 1720/175/1900 1791/187/1872 1792/186/1863
f 1706/175/1907 1704/175/1864 1800/187/1866
f 1712/175/1867 1806/189/1869 1785/195/1910
f 1804/186/1925 1748/175/1983 1750/175/1926
f 1740/175/1931 1742/175/1913 1797/189/1915
f 1789/175/1940 1756/175/1982 1758/175/1941
f 1745/169/1949 1746/180/1952 1744/180/1950
f 1762/175/1970 1764/175/1970 1846/185/1971
f 1788/199/1939 1752/175/1938 1754/175/1973
f 1744/175/1979 1746/175/2244 1830/185/1980
f 1811/175/2009 1829/188/2002 1828/188/1868
f 1812/187/1914 1830/185/1980 1829/188/2002
f 1786/193/1902 1787/187/2012 1820/197/2005
f 1787/187/2012 1788/199/1939 1821/175/1974
f 1791/187/1872 1790/175/2004 1793/188/1999
f 1790/175/2004 1789/175/1940 1794/175/1942
f 1799/197/2001 1796/175/2017 1795/194/1908
f 1798/197/1932 1797/189/1915 1796/175/2017
f 1806/189/1869 1805/199/2003 1784/194/2013
f 1805/199/2003 1804/186/1925 1783/187/1927
f 1837/185/2019 1848/175/2022 1736/175/2020
f 1838/175/2021 1847/175/2023 1848/175/2022
f 1839/175/1972 1846/185/1971 1847/175/2023
f 2041/199/2067 1978/175/2149 1975/175/2068
f 1966/175/2070 1964/175/2141 2034/175/2071
f 1963/175/2079 1957/175/2130 1989/175/2080
f 2040/197/2069 1975/175/2068 1974/175/2134
f 1964/175/2141 1963/175/2079 2020/188/2081
f 2055/195/2135 1974/175/2134 1972/175/2148
f 1948/175/2173 2053/175/2176 2028/203/2174
f 2053/175/2176 2054/175/2178 2027/203/2177
f 2054/175/2178 2055/195/2135 2026/203/2076
f 2032/175/2194 2022/194/2198 1937/175/2195
f 2033/175/2197 2021/189/2199 2022/194/2198
f 2034/175/2071 2020/188/2081 2021/189/2199
f 1949/175/2208 2038/187/2209 2053/175/2176
f 2038/187/2209 2039/187/2210 2054/175/2178
f 2039/187/2210 2040/197/2069 2055/195/2135
f 2022/194/2198 1987/175/2213 1931/175/2215
f 2021/189/2199 1988/175/2216 1987/175/2213
f 2020/188/2081 1989/175/2080 1988/175/2216
f 2037/199/2180 2032/175/2194 1938/175/2196
f 2036/175/2181 2033/175/2197 2032/175/2194
f 2035/175/2072 2034/175/2071 2033/175/2197
f 1952/175/2163 2043/175/2162 2038/187/2209
f 2043/175/2162 2042/185/2165 2039/187/2210
f 2042/185/2165 2041/199/2067 2040/197/2069
usemtl Material.004
f 1692/172/1696 1573/173/1697 1678/174/1698
f 1572/175/1699 1581/173/1700 1573/173/1697
f 1577/173/1706 1696/172/1707 1694/174/1708
f 1585/173/1713 1592/175/1714 1584/175/1715
f 1577/173/1706 1584/175/1715 1576/175/1723
f 1580/175/1730 1589/173/1731 1581/173/1700
f 1593/173/1735 1600/175/1742 1592/175/1714
f 1588/175/1743 1597/173/1739 1589/173/1731
f 1604/175/1750 1613/173/1751 1605/173/1752
f 1601/173/1741 1608/175/1756 1600/175/1742
f 1596/175/1758 1605/173/1752 1597/173/1739
f 1617/173/1762 1624/175/1763 1616/175/1764
f 1609/173/1740 1616/175/1764 1608/175/1756
f 1612/175/1777 1621/173/1778 1613/173/1751
f 1625/173/1781 1632/175/1786 1624/175/1763
f 1620/175/1787 1629/173/1782 1621/173/1778
f 1636/175/1791 1645/173/1792 1637/173/1793
f 1649/173/1797 1640/175/1798 1641/173/1783
f 1633/173/1784 1640/175/1798 1632/175/1786
f 1628/175/1803 1637/173/1793 1629/173/1782
f 1657/173/1804 1648/175/1805 1649/173/1797
f 1644/175/1818 1653/173/1815 1645/173/1792
f 1660/175/1825 1669/173/1826 1661/173/1822
f 1665/173/1816 1656/175/1827 1657/173/1804
f 1652/175/1829 1661/173/1822 1653/173/1815
f 1673/173/1823 1664/175/1836 1665/173/1816
f 1682/173/1846 1689/175/1847 1681/175/1848
f 1668/175/1852 1686/173/1853 1669/173/1826
f 1773/185/1861 1722/175/1862 1792/186/1863
f 1704/175/1864 1831/187/1865 1800/187/1866
f 1712/175/1867 1828/188/1868 1806/189/1869
f 1791/187/1872 1718/175/1873 1819/187/1874
f 1714/175/1901 1786/193/1902 1716/175/1880
f 1708/175/1912 1795/194/1908 1810/189/1876
f 1742/175/1913 1812/187/1914 1797/189/1915
f 1783/187/1927 1752/175/1938 1788/199/1939
f 1821/175/1974 1756/175/1982 1789/175/1940
f 1830/185/1980 1748/175/1983 1804/186/1925
f 1738/175/1984 1798/197/1932 1833/175/1985
f 1794/175/1942 1759/175/1986 1771/175/1987
f 1792/186/1863 1772/175/1998 1773/185/1861
f 1793/188/1999 1771/175/1987 1772/175/1998
f 1832/175/2000 1800/187/1866 1831/187/1865
f 1833/175/1985 1799/197/2001 1832/175/2000
f 1829/188/2002 1806/189/1869 1828/188/1868
f 1829/188/2002 1804/186/1925 1805/199/2003
f 1819/187/1874 1790/175/2004 1791/187/1872
f 1820/197/2005 1789/175/1940 1790/175/2004
f 1785/195/1910 1787/187/2012 1786/193/1902
f 1784/194/2013 1788/199/1939 1787/187/2012
f 1796/175/2017 1810/189/1876 1795/194/1908
f 1797/189/1915 1811/175/2009 1796/175/2017
f 2007/175/2073 1980/175/2074 2031/175/2075
f 2026/203/2076 1971/175/2077 2025/187/2078
f 1957/175/2130 2049/188/2131 1989/175/2080
f 2080/175/2136 1984/175/2137 2071/175/2138
f 1965/175/2146 2035/175/2072 2062/175/2147
f 2025/187/2078 1965/175/2146 2062/175/2147
f 2031/175/2075 1978/175/2149 2041/199/2067
f 1954/175/2161 2043/175/2162 1952/175/2163
f 2029/175/2164 2042/185/2165 2043/175/2162
f 2030/188/2166 2041/199/2067 2042/185/2165
f 1945/175/2167 2064/175/2168 1939/175/2169
f 2023/175/2170 2063/175/2171 2064/175/2168
f 2024/175/2172 2062/175/2147 2063/175/2171
f 2064/175/2168 1940/175/2179 1939/175/2169
f 2063/175/2171 2037/199/2180 2064/175/2168
f 2062/175/2147 2036/175/2181 2063/175/2171
f 2072/175/2202 2067/175/2203 2078/199/2204
f 2078/199/2204 2066/175/2205 2079/209/2206
f 2079/209/2206 2065/175/2207 2080/175/2136
f 1987/175/2213 1932/175/2214 1931/175/2215
f 1988/175/2216 2047/185/2217 1987/175/2213
f 1989/175/2080 2048/189/2218 1988/175/2216
f 1946/175/2175 2023/175/2170 1945/175/2167
f 2028/203/2174 2024/175/2172 2023/175/2170
f 2027/203/2177 2025/187/2078 2024/175/2172
f 1956/175/2230 2029/175/2164 1954/175/2161
f 2005/175/2231 2030/188/2166 2029/175/2164
f 2006/175/2232 2031/175/2075 2030/188/2166
f 2048/189/2218 2080/175/2136 2047/185/2217
f 2049/188/2131 2079/209/2206 2048/189/2218
f 1958/175/2233 2078/199/2204 2049/188/2131
f 2047/185/2217 2071/175/2138 1932/175/2214
f 1692/172/1696 1572/175/1699 1573/173/1697
f 1572/175/1699 1580/175/1730 1581/173/1700
f 1577/173/1706 1576/175/1723 1696/172/1707
f 1585/173/1713 1593/173/1735 1592/175/1714
f 1577/173/1706 1585/173/1713 1584/175/1715
f 1580/175/1730 1588/175/1743 1589/173/1731
f 1593/173/1735 1601/173/1741 1600/175/1742
f 1588/175/1743 1596/175/1758 1597/173/1739
f 1604/175/1750 1612/175/1777 1613/173/1751
f 1601/173/1741 1609/173/1740 1608/175/1756
f 1596/175/1758 1604/175/1750 1605/173/1752
f 1617/173/1762 1625/173/1781 1624/175/1763
f 1609/173/1740 1617/173/1762 1616/175/1764
f 1612/175/1777 1620/175/1787 1621/173/1778
f 1625/173/1781 1633/173/1784 1632/175/1786
f 1620/175/1787 1628/175/1803 1629/173/1782
f 1636/175/1791 1644/175/1818 1645/173/1792
f 1649/173/1797 1648/175/1805 1640/175/1798
f 1633/173/1784 1641/173/1783 1640/175/1798
f 1628/175/1803 1636/175/1791 1637/173/1793
f 1657/173/1804 1656/175/1827 1648/175/1805
f 1644/175/1818 1652/175/1829 1653/173/1815
f 1660/175/1825 1668/175/1852 1669/173/1826
f 1665/173/1816 1664/175/1836 1656/175/1827
f 1652/175/1829 1660/175/1825 1661/173/1822
f 1673/173/1823 1672/175/2236 1664/175/1836
f 1682/173/1846 1690/173/1851 1689/175/1847
f 1668/175/1852 1685/175/2238 1686/173/1853
f 1773/185/1861 1723/175/2239 1722/175/1862
f 1704/175/1864 1702/175/2240 1831/187/1865
f 1712/175/1867 1710/175/1875 1828/188/1868
f 1791/187/1872 1720/175/1900 1718/175/1873
f 1714/175/1901 1785/195/1910 1786/193/1902
f 1708/175/1912 1706/175/1907 1795/194/1908
f 1742/175/1913 1744/175/1979 1812/187/1914
f 1783/187/1927 1750/175/1926 1752/175/1938
f 1821/175/1974 1754/175/1973 1756/175/1982
f 1830/185/1980 1746/175/2244 1748/175/1983
f 1738/175/1984 1740/175/1931 1798/197/1932
f 1794/175/1942 1758/175/1941 1759/175/1986
f 1792/186/1863 1793/188/1999 1772/175/1998
f 1793/188/1999 1794/175/1942 1771/175/1987
f 1832/175/2000 1799/197/2001 1800/187/1866
f 1833/175/1985 1798/197/1932 1799/197/2001
f 1829/188/2002 1805/199/2003 1806/189/1869
f 1829/188/2002 1830/185/1980 1804/186/1925
f 1819/187/1874 1820/197/2005 1790/175/2004
f 1820/197/2005 1821/175/1974 1789/175/1940
f 1785/195/1910 1784/194/2013 1787/187/2012
f 1784/194/2013 1783/187/1927 1788/199/1939
f 1796/175/2017 1811/175/2009 1810/189/1876
f 1797/189/1915 1812/187/1914 1811/175/2009
f 2007/175/2073 1982/175/2246 1980/175/2074
f 2026/203/2076 1972/175/2148 1971/175/2077
f 1957/175/2130 1958/175/2233 2049/188/2131
f 2080/175/2136 2065/175/2207 1984/175/2137
f 1965/175/2146 1966/175/2070 2035/175/2072
f 2025/187/2078 1971/175/2077 1965/175/2146
f 2031/175/2075 1980/175/2074 1978/175/2149
f 1954/175/2161 2029/175/2164 2043/175/2162
f 2029/175/2164 2030/188/2166 2042/185/2165
f 2030/188/2166 2031/175/2075 2041/199/2067
f 1945/175/2167 2023/175/2170 2064/175/2168
f 2023/175/2170 2024/175/2172 2063/175/2171
f 2024/175/2172 2025/187/2078 2062/175/2147
f 2064/175/2168 2037/199/2180 1940/175/2179
f 2063/175/2171 2036/175/2181 2037/199/2180
f 2062/175/2147 2035/175/2072 2036/175/2181
f 2072/175/2202 1986/175/1698 2067/175/2203
f 2078/199/2204 2067/175/2203 2066/175/2205
f 2079/209/2206 2066/175/2205 2065/175/2207
f 1987/175/2213 2047/185/2217 1932/175/2214
f 1988/175/2216 2048/189/2218 2047/185/2217
f 1989/175/2080 2049/188/2131 2048/189/2218
f 1946/175/2175 2028/203/2174 2023/175/2170
f 2028/203/2174 2027/203/2177 2024/175/2172
f 2027/203/2177 2026/203/2076 2025/187/2078
f 1956/175/2230 2005/175/2231 2029/175/2164
f 2005/175/2231 2006/175/2232 2030/188/2166
f 2006/175/2232 2007/175/2073 2031/175/2075
f 2048/189/2218 2079/209/2206 2080/175/2136
f 2049/188/2131 2078/199/2204 2079/209/2206
f 1958/175/2233 2072/175/2202 2078/199/2204
f 2047/185/2217 2080/175/2136 2071/175/2138
o Cube.031
v 15.209871 318.061646 3.726494
v 15.209871 318.061646 4.131549
v 14.052665 -29.333466 3.726497
v 14.052670 318.061646 4.131549
v 15.209868 -29.333466 3.726497
v 15.209868 -29.333466 4.131553
v 14.052665 -29.333466 4.131553
v 14.052670 318.061646 3.726494
v -10.669348 318.061707 3.726493
v -10.669348 318.061707 4.131548
v -9.512150 -29.333420 3.726496
v -9.512146 318.061707 4.131548
v -10.669352 -29.333420 3.726496
v -10.669352 -29.333420 4.131551
v -9.512150 -29.333420 4.131551
v -9.512146 318.061707 3.726493
vn -0.0000 -0.0000 -1.0000
vn -0.0000 -1.0000 -0.0000
vn 1.0000 -0.0000 -0.0000
vn -0.0000 -0.0000 1.0000
vn -0.0000 1.0000 -0.0000
vn -1.0000 -0.0000 -0.0000
vt 0.375000 0.738821
vt 0.125000 0.738821
vt 0.375000 0.750000
vt 0.625000 0.738821
vt 0.375000 1.000000
vt 0.625000 0.750000
vt 0.125000 0.750000
vt 0.875000 0.738821
vt 0.625000 0.011179
vt 0.375000 0.011179
vt 0.625000 0.000000
vt 0.375000 0.000000
vt 0.625000 1.000000
vt 0.875000 0.750000
s 1
usemtl Material.001
f 2083/211/2250 2096/212/2250 2088/212/2250
f 2085/213/2251 2087/214/2251 2083/211/2251
f 2081/215/2252 2086/216/2252 2085/213/2252
f 2081/217/2250 2083/211/2250 2088/212/2250
f 2092/219/2254 2088/220/2254 2096/220/2254
f 2088/220/2254 2082/221/2254 2081/222/2254
f 2087/214/2251 2091/211/2251 2083/211/2251
f 2095/214/2251 2093/213/2251 2091/211/2251
f 2094/216/2255 2089/215/2255 2093/213/2255
f 2096/212/2250 2093/213/2250 2089/217/2250
f 2090/221/2254 2096/220/2254 2089/222/2254
f 2084/218/2253 2095/214/2253 2087/214/2253
f 2083/211/2250 2091/211/2250 2096/212/2250
f 2085/213/2251 2086/216/2251 2087/214/2251
f 2081/215/2252 2082/223/2252 2086/216/2252
f 2081/217/2250 2085/213/2250 2083/211/2250
f 2092/219/2254 2084/219/2254 2088/220/2254
f 2088/220/2254 2084/219/2254 2082/221/2254
f 2087/214/2251 2095/214/2251 2091/211/2251
f 2095/214/2251 2094/216/2251 2093/213/2251
f 2094/216/2255 2090/223/2255 2089/215/2255
f 2096/212/2250 2091/211/2250 2093/213/2250
f 2090/221/2254 2092/219/2254 2096/220/2254
f 2084/218/2253 2092/218/2253 2095/214/2253
usemtl Material.002
f 2086/216/2253 2084/218/2253 2087/214/2253
f 2092/218/2253 2094/216/2253 2095/214/2253
f 2086/216/2253 2082/224/2253 2084/218/2253
f 2092/218/2253 2090/224/2253 2094/216/2253
o Cube.032
v -165.243423 523.090210 3.726490
v -165.243423 523.090210 4.131545
v -167.757126 480.100037 3.726490
v -166.507233 523.126953 4.131545
v -166.493317 480.063324 3.726490
v -166.493317 480.063324 4.131545
v -167.757126 480.100037 4.131545
v -166.507233 523.126953 3.726490
v -193.506683 523.911255 3.726494
v -193.506683 523.911255 4.131549
v -193.492767 480.847626 3.726494
v -192.242874 523.874512 4.131549
v -194.756577 480.884338 3.726494
v -194.756577 480.884338 4.131549
v -193.492767 480.847626 4.131549
v -192.242874 523.874512 3.726494
vn -0.0000 -0.0000 -1.0000
vn -0.0290 -0.9996 -0.0000
vn 0.9996 -0.0290 -0.0000
vn -0.0000 -0.0000 1.0000
vn 0.0290 0.9996 -0.0000
vn -0.9996 0.0290 -0.0000
vt 0.375000 0.738821
vt 0.125000 0.738821
vt 0.375000 0.750000
vt 0.625000 0.738821
vt 0.375000 1.000000
vt 0.625000 0.750000
vt 0.125000 0.750000
vt 0.875000 0.738821
vt 0.625000 0.011179
vt 0.375000 0.011179
vt 0.625000 0.000000
vt 0.375000 0.000000
vt 0.625000 1.000000
vt 0.875000 0.750000
s 1
usemtl Material.001
f 2099/225/2256 2112/226/2256 2104/226/2256
f 2101/227/2257 2103/228/2257 2099/225/2257
f 2097/229/2258 2102/230/2258 2101/227/2258
f 2097/231/2256 2099/225/2256 2104/226/2256
f 2108/233/2260 2104/234/2260 2112/234/2260
f 2104/234/2260 2098/235/2260 2097/236/2260
f 2103/228/2257 2107/225/2257 2099/225/2257
f 2111/228/2257 2109/227/2257 2107/225/2257
f 2110/230/2261 2105/229/2261 2109/227/2261
f 2107/225/2256 2105/231/2256 2112/226/2256
f 2106/235/2260 2112/234/2260 2105/236/2260
f 2100/232/2259 2111/228/2259 2103/228/2259
f 2099/225/2256 2107/225/2256 2112/226/2256
f 2101/227/2257 2102/230/2257 2103/228/2257
f 2097/229/2258 2098/237/2258 2102/230/2258
f 2097/231/2256 2101/227/2256 2099/225/2256
f 2108/233/2260 2100/233/2260 2104/234/2260
f 2104/234/2260 2100/233/2260 2098/235/2260
f 2103/228/2257 2111/228/2257 2107/225/2257
f 2111/228/2257 2110/230/2257 2109/227/2257
f 2110/230/2261 2106/237/2261 2105/229/2261
f 2107/225/2256 2109/227/2256 2105/231/2256
f 2106/235/2260 2108/233/2260 2112/234/2260
f 2100/232/2259 2108/232/2259 2111/228/2259
usemtl Material.002
f 2102/230/2259 2100/232/2259 2103/228/2259
f 2108/232/2259 2110/230/2259 2111/228/2259
f 2102/230/2259 2098/238/2259 2100/232/2259
f 2108/232/2259 2106/238/2259 2110/230/2259
o Cube.034
v -164.718811 479.876801 3.726494
v -164.718811 479.876801 4.131549
v -167.222824 437.221008 3.726497
v -165.982620 479.913513 4.131549
v -165.959015 437.184296 3.726497
v -165.959015 437.184296 4.131553
v -167.222824 437.221008 4.131553
v -165.982620 479.913513 3.726494
v -192.982071 480.697845 3.726493
v -192.982071 480.697845 4.131548
v -192.958466 437.968628 3.726496
v -191.718262 480.661133 4.131548
v -194.222275 438.005341 3.726496
v -194.222275 438.005341 4.131551
v -192.958466 437.968628 4.131551
v -191.718262 480.661133 3.726493
v -166.330902 467.924164 3.726495
v -166.330902 467.924164 4.131550
v -165.067108 467.887451 3.726495
v -165.067108 467.887451 4.131550
v -192.066559 468.671783 3.726494
v -192.066559 468.671783 4.131549
v -193.330353 468.708496 3.726494
v -193.330353 468.708496 4.131549
v -166.281143 469.636932 3.726495
v -166.231400 471.349701 3.726495
v -166.181641 473.062469 3.726495
v -166.131882 474.775238 3.726494
v -166.082123 476.488007 3.726494
v -166.032379 478.200745 3.726494
v -165.017349 469.600220 4.131550
v -164.967590 471.312988 4.131550
v -164.917831 473.025757 4.131550
v -164.868088 474.738525 4.131550
v -164.818329 476.451294 4.131549
v -164.768570 478.164032 4.131549
v -192.016800 470.384552 3.726494
v -191.967041 472.097321 3.726494
v -191.917282 473.810059 3.726493
v -191.867538 475.522827 3.726493
v -191.817780 477.235596 3.726493
v -191.768021 478.948364 3.726493
v -193.280594 470.421265 4.131549
v -193.230850 472.134033 4.131549
v -193.181091 473.846802 4.131548
v -193.131332 475.559540 4.131548
v -193.081573 477.272308 4.131548
v -193.031830 478.985077 4.131548
v -166.032379 478.200745 4.131549
v -166.082123 476.488007 4.131549
v -166.131882 474.775238 4.131550
v -166.181641 473.062469 4.131550
v -166.231400 471.349701 4.131550
v -166.281143 469.636932 4.131550
v -164.768570 478.164032 3.726494
v -164.818329 476.451294 3.726494
v -164.868088 474.738525 3.726494
v -164.917831 473.025757 3.726495
v -164.967590 471.312988 3.726495
v -165.017349 469.600220 3.726495
v -191.768021 478.948364 4.131548
v -191.817780 477.235596 4.131548
v -191.867538 475.522827 4.131548
v -191.917282 473.810059 4.131549
v -191.967041 472.097321 4.131549
v -192.016800 470.384552 4.131549
v -193.031830 478.985077 3.726493
v -193.081573 477.272308 3.726493
v -193.131332 475.559540 3.726493
v -193.181091 473.846802 3.726493
v -193.230850 472.134033 3.726493
v -193.280594 470.421265 3.726494
v -169.202484 437.278534 4.131552
v -171.182144 437.336029 4.131552
v -173.161819 437.393555 4.131552
v -175.141479 437.451050 4.131552
v -177.121140 437.508545 4.131552
v -179.100800 437.566071 4.131552
v -181.080475 437.623566 4.131552
v -183.060135 437.681091 4.131552
v -185.039810 437.738586 4.131552
v -187.019470 437.796112 4.131552
v -188.999130 437.853607 4.131552
v -190.978806 437.911133 4.131551
v -189.738602 480.603607 4.131548
v -187.758942 480.546112 4.131548
v -185.779266 480.488617 4.131548
v -183.799606 480.431091 4.131548
v -181.819946 480.373596 4.131548
v -179.840271 480.316071 4.131549
v -177.860611 480.258575 4.131549
v -175.880951 480.201050 4.131549
v -173.901276 480.143555 4.131549
v -171.921616 480.086060 4.131549
v -169.941956 480.028534 4.131549
v -167.962280 479.971039 4.131549
v -190.978806 437.911133 3.726496
v -188.999130 437.853607 3.726496
v -187.019470 437.796112 3.726497
v -185.039810 437.738586 3.726497
v -183.060135 437.681091 3.726497
v -181.080475 437.623566 3.726497
v -179.100800 437.566071 3.726497
v -177.121140 437.508545 3.726497
v -175.141479 437.451050 3.726497
v -173.161819 437.393555 3.726497
v -171.182144 437.336029 3.726497
v -169.202484 437.278534 3.726497
v -167.962280 479.971039 3.726494
v -169.941956 480.028534 3.726494
v -171.921616 480.086060 3.726494
v -173.901276 480.143555 3.726494
v -175.880951 480.201050 3.726494
v -177.860611 480.258575 3.726493
v -179.840271 480.316071 3.726493
v -181.819946 480.373596 3.726493
v -183.799606 480.431091 3.726493
v -185.779266 480.488617 3.726493
v -187.758942 480.546112 3.726493
v -189.738602 480.603607 3.726493
v -190.086884 468.614288 4.131549
v -188.107224 468.556763 4.131549
v -186.127548 468.499268 4.131549
v -184.147888 468.441742 4.131549
v -182.168228 468.384247 4.131549
v -180.188568 468.326721 4.131549
v -178.208893 468.269226 4.131550
v -176.229233 468.211731 4.131550
v -174.249573 468.154205 4.131550
v -172.269897 468.096710 4.131550
v -170.290237 468.039185 4.131550
v -168.310562 467.981689 4.131550
v -190.086884 468.614288 3.726494
v -188.107224 468.556763 3.726494
v -186.127548 468.499268 3.726494
v -184.147888 468.441742 3.726494
v -182.168228 468.384247 3.726494
v -180.188568 468.326721 3.726494
v -178.208893 468.269226 3.726494
v -176.229233 468.211731 3.726495
v -174.249573 468.154205 3.726495
v -172.269897 468.096710 3.726495
v -170.290237 468.039185 3.726495
v -168.310562 467.981689 3.726495
v -189.788361 478.890869 3.726493
v -187.808685 478.833344 3.726493
v -185.829025 478.775848 3.726493
v -183.849365 478.718323 3.726493
v -181.869690 478.660828 3.726493
v -179.890030 478.603302 3.726494
v -177.910370 478.545807 3.726494
v -175.930710 478.488312 3.726494
v -173.951035 478.430786 3.726494
v -171.971375 478.373291 3.726494
v -169.991699 478.315765 3.726494
v -168.012039 478.258270 3.726494
v -189.838120 477.178101 3.726493
v -187.858444 477.120575 3.726493
v -185.878784 477.063080 3.726493
v -183.899109 477.005554 3.726493
v -181.919449 476.948059 3.726494
v -179.939789 476.890564 3.726494
v -177.960129 476.833038 3.726494
v -175.980453 476.775543 3.726494
v -174.000793 476.718018 3.726494
v -172.021118 476.660522 3.726494
v -170.041458 476.602997 3.726494
v -168.061798 476.545502 3.726494
v -189.887863 475.465332 3.726493
v -187.908203 475.407806 3.726493
v -185.928528 475.350311 3.726494
v -183.948868 475.292816 3.726494
v -181.969208 475.235291 3.726494
v -179.989548 475.177795 3.726494
v -178.009872 475.120270 3.726494
v -176.030212 475.062775 3.726494
v -174.050537 475.005249 3.726494
v -172.070877 474.947754 3.726494
v -170.091217 474.890259 3.726494
v -168.111542 474.832733 3.726494
v -189.937622 473.752563 3.726493
v -187.957962 473.695068 3.726494
v -185.978287 473.637543 3.726494
v -183.998627 473.580048 3.726494
v -182.018967 473.522522 3.726494
v -180.039291 473.465027 3.726494
v -178.059631 473.407532 3.726494
v -176.079971 473.350006 3.726494
v -174.100311 473.292511 3.726494
v -172.120636 473.234985 3.726494
v -170.140961 473.177490 3.726494
v -168.161301 473.119965 3.726494
v -189.987381 472.039795 3.726494
v -188.007721 471.982300 3.726494
v -186.028046 471.924774 3.726494
v -184.048386 471.867279 3.726494
v -182.068710 471.809784 3.726494
v -180.089050 471.752258 3.726494
v -178.109390 471.694763 3.726494
v -176.129730 471.637238 3.726494
v -174.150055 471.579742 3.726494
v -172.170380 471.522217 3.726494
v -170.190720 471.464722 3.726495
v -168.211060 471.407227 3.726495
v -190.037140 470.327026 3.726494
v -188.057465 470.269531 3.726494
v -186.077805 470.212036 3.726494
v -184.098129 470.154510 3.726494
v -182.118469 470.097015 3.726494
v -180.138809 470.039490 3.726494
v -178.159149 469.981995 3.726494
v -176.179474 469.924469 3.726494
v -174.199814 469.866974 3.726494
v -172.220139 469.809479 3.726495
v -170.240479 469.751953 3.726495
v -168.260818 469.694458 3.726495
v -190.037140 470.327026 4.131549
v -188.057465 470.269531 4.131549
v -186.077805 470.212036 4.131549
v -184.098129 470.154510 4.131549
v -182.118469 470.097015 4.131549
v -180.138809 470.039490 4.131549
v -178.159149 469.981995 4.131549
v -176.179474 469.924469 4.131550
v -174.199814 469.866974 4.131550
v -172.220139 469.809479 4.131550
v -170.240479 469.751953 4.131550
v -168.260818 469.694458 4.131550
v -189.987381 472.039795 4.131549
v -188.007721 471.982300 4.131549
v -186.028046 471.924774 4.131549
v -184.048386 471.867279 4.131549
v -182.068710 471.809784 4.131549
v -180.089050 471.752258 4.131549
v -178.109390 471.694763 4.131549
v -176.129730 471.637238 4.131549
v -174.150055 471.579742 4.131549
v -172.170380 471.522217 4.131550
v -170.190720 471.464722 4.131550
v -168.211060 471.407227 4.131550
v -189.937622 473.752563 4.131549
v -187.957962 473.695068 4.131549
v -185.978287 473.637543 4.131549
v -183.998627 473.580048 4.131549
v -182.018967 473.522522 4.131549
v -180.039291 473.465027 4.131549
v -178.059631 473.407532 4.131549
v -176.079971 473.350006 4.131549
v -174.100311 473.292511 4.131549
v -172.120636 473.234985 4.131549
v -170.140961 473.177490 4.131550
v -168.161301 473.119965 4.131550
v -189.887863 475.465332 4.131548
v -187.908203 475.407806 4.131549
v -185.928528 475.350311 4.131549
v -183.948868 475.292816 4.131549
v -181.969208 475.235291 4.131549
v -179.989548 475.177795 4.131549
v -178.009872 475.120270 4.131549
v -176.030212 475.062775 4.131549
v -174.050537 475.005249 4.131549
v -172.070877 474.947754 4.131549
v -170.091217 474.890259 4.131549
v -168.111542 474.832733 4.131549
v -189.838120 477.178101 4.131548
v -187.858444 477.120575 4.131548
v -185.878784 477.063080 4.131549
v -183.899109 477.005554 4.131549
v -181.919449 476.948059 4.131549
v -179.939789 476.890564 4.131549
v -177.960129 476.833038 4.131549
v -175.980453 476.775543 4.131549
v -174.000793 476.718018 4.131549
v -172.021118 476.660522 4.131549
v -170.041458 476.602997 4.131549
v -168.061798 476.545502 4.131549
v -189.788361 478.890869 4.131548
v -187.808685 478.833344 4.131548
v -185.829025 478.775848 4.131548
v -183.849365 478.718323 4.131548
v -181.869690 478.660828 4.131549
v -179.890030 478.603302 4.131549
v -177.910370 478.545807 4.131549
v -175.930710 478.488312 4.131549
v -173.951035 478.430786 4.131549
v -171.971375 478.373291 4.131549
v -169.991699 478.315765 4.131549
v -168.012039 478.258270 4.131549
vn -0.0000 -0.0000 -1.0000
vn -0.0290 -0.9996 -0.0000
vn 0.9996 -0.0290 -0.0000
vn -0.0000 -0.0000 1.0000
vn 0.0290 0.9996 -0.0000
vn -0.9996 0.0290 -0.0000
vt 0.375000 0.738821
vt 0.195208 0.738821
vt 0.375000 0.750000
vt 0.625000 0.738821
vt 0.375000 1.000000
vt 0.625000 0.989970
vt 0.375000 0.989970
vt 0.195208 0.750000
vt 0.864970 0.750000
vt 0.875000 0.738821
vt 0.864970 0.738821
vt 0.625000 0.011179
vt 0.375000 0.011179
vt 0.625000 0.000000
vt 0.375000 0.000000
vt 0.804792 0.738821
vt 0.625000 0.750000
vt 0.185178 0.750000
vt 0.185178 0.738821
vt 0.375000 0.929792
vt 0.804792 0.750000
vt 0.185178 0.738821
vt 0.135030 0.738821
vt 0.125000 0.738821
vt 0.145059 0.738821
vt 0.155089 0.738821
vt 0.165119 0.738821
vt 0.175148 0.738821
vt 0.165119 0.738821
vt 0.125000 0.750000
vt 0.135030 0.750000
vt 0.145059 0.750000
vt 0.155089 0.750000
vt 0.165119 0.738821
vt 0.165119 0.750000
vt 0.175148 0.738821
vt 0.175148 0.750000
vt 0.814822 0.738821
vt 0.824852 0.738821
vt 0.834881 0.738821
vt 0.824852 0.738821
vt 0.844911 0.738821
vt 0.854941 0.738821
vt 0.814822 0.750000
vt 0.824852 0.750000
vt 0.834881 0.750000
vt 0.844911 0.750000
vt 0.854941 0.750000
vt 0.625000 0.929792
vt 0.375000 0.939822
vt 0.625000 0.939822
vt 0.375000 0.949852
vt 0.625000 0.949852
vt 0.375000 0.959881
vt 0.625000 0.959881
vt 0.375000 0.969911
vt 0.625000 0.969911
vt 0.375000 0.979941
vt 0.625000 0.979941
vt 0.814822 0.738821
vt 0.824852 0.738821
vt 0.834881 0.738821
vt 0.864970 0.738821
vt 0.854941 0.738821
vt 0.844911 0.738821
vt 0.834881 0.738821
vt 0.834881 0.738821
vt 0.834881 0.738821
vt 0.834881 0.738821
vt 0.824852 0.738821
vt 0.814822 0.738821
vt 0.804793 0.738821
vt 0.175148 0.738821
vt 0.185178 0.738821
vt 0.185178 0.738821
vt 0.175148 0.738821
vt 0.165119 0.738821
vt 0.155089 0.738821
vt 0.145059 0.738821
vt 0.135030 0.738821
vt 0.195208 0.738821
vt 0.875000 0.738821
vt 0.875000 0.738821
vt 0.375000 0.738821
vt 0.375000 0.011179
vt 0.375000 0.011179
vt 0.625000 1.000000
vt 0.875000 0.750000
s 1
usemtl Material.001
f 2209/239/2262 2133/240/2262 2245/240/2262
f 2117/241/2263 2119/242/2263 2115/239/2263
f 2113/243/2264 2148/244/2264 2167/245/2264
f 2131/246/2262 2115/239/2262 2129/240/2262
f 2208/250/2266 2120/251/2266 2221/251/2266
f 2120/251/2266 2114/252/2266 2113/253/2266
f 2196/242/2263 2123/239/2263 2209/239/2263
f 2127/242/2263 2125/241/2263 2123/239/2263
f 2160/244/2267 2121/243/2267 2179/245/2267
f 2123/239/2262 2135/246/2262 2133/240/2262
f 2122/252/2266 2128/251/2266 2121/253/2266
f 2197/248/2265 2173/249/2265 2389/249/2265
f 2233/254/2265 2127/242/2265 2196/242/2265
f 2133/240/2262 2184/256/2262 2149/257/2262
f 2126/255/2267 2135/258/2267 2125/241/2267
f 2172/256/2262 2129/240/2262 2137/260/2262
f 2131/258/2264 2118/255/2264 2117/241/2264
f 2245/240/2262 2149/257/2262 2317/257/2262
f 2257/261/2262 2128/262/2262 2232/262/2262
f 2269/263/2262 2154/261/2262 2257/261/2262
f 2281/264/2262 2153/263/2262 2269/263/2262
f 2293/265/2262 2152/264/2262 2281/264/2262
f 2305/266/2262 2151/267/2262 2293/265/2262
f 2317/257/2262 2150/266/2262 2305/266/2262
f 2113/268/2262 2142/261/2262 2120/262/2262
f 2167/269/2262 2141/263/2262 2142/261/2262
f 2168/270/2262 2140/264/2262 2141/263/2262
f 2169/271/2262 2139/272/2262 2140/264/2262
f 2170/273/2262 2138/274/2262 2139/272/2262
f 2171/275/2262 2137/260/2262 2138/274/2262
f 2154/261/2262 2121/268/2262 2128/262/2262
f 2153/263/2262 2179/269/2262 2154/261/2262
f 2152/264/2262 2180/270/2262 2153/263/2262
f 2151/267/2262 2181/271/2262 2152/264/2262
f 2150/266/2262 2182/273/2262 2151/267/2262
f 2149/257/2262 2183/275/2262 2150/266/2262
f 2329/276/2265 2134/254/2265 2233/254/2265
f 2353/278/2265 2177/279/2265 2341/277/2265
f 2377/281/2265 2175/280/2265 2365/280/2265
f 2136/287/2267 2184/288/2267 2135/258/2267
f 2155/289/2267 2183/290/2267 2184/288/2267
f 2156/291/2267 2182/292/2267 2183/290/2267
f 2157/293/2267 2181/294/2267 2182/292/2267
f 2158/295/2267 2180/296/2267 2181/294/2267
f 2159/297/2267 2179/245/2267 2180/296/2267
f 2172/288/2264 2132/287/2264 2131/258/2264
f 2171/290/2264 2143/289/2264 2172/288/2264
f 2170/292/2264 2144/291/2264 2171/290/2264
f 2169/294/2264 2145/293/2264 2170/292/2264
f 2168/296/2264 2146/295/2264 2169/294/2264
f 2167/245/2264 2147/297/2264 2168/296/2264
f 2400/249/2265 2387/281/2265 2388/281/2265
f 2398/249/2265 2385/281/2265 2386/281/2265
f 2396/249/2265 2383/281/2265 2384/281/2265
f 2394/249/2265 2381/281/2265 2382/281/2265
f 2392/301/2265 2379/302/2265 2380/281/2265
f 2378/302/2265 2389/249/2265 2377/281/2265
f 2162/281/2265 2376/280/2265 2163/280/2265
f 2387/281/2265 2374/280/2265 2375/280/2265
f 2385/281/2265 2372/280/2265 2373/280/2265
f 2383/281/2265 2370/303/2265 2371/303/2265
f 2381/281/2265 2368/303/2265 2369/303/2265
f 2379/302/2265 2366/280/2265 2367/280/2265
f 2376/280/2265 2363/304/2265 2364/304/2265
f 2362/304/2265 2373/280/2265 2361/304/2265
f 2372/280/2265 2359/304/2265 2360/304/2265
f 2370/303/2265 2357/305/2265 2358/305/2265
f 2368/303/2265 2355/278/2265 2356/306/2265
f 2366/280/2265 2353/278/2265 2354/307/2265
f 2164/300/2265 2352/299/2265 2165/299/2265
f 2363/304/2265 2350/299/2265 2351/299/2265
f 2361/304/2265 2348/299/2265 2349/299/2265
f 2359/304/2265 2346/299/2265 2347/299/2265
f 2357/305/2265 2344/279/2265 2345/308/2265
f 2355/278/2265 2342/277/2265 2343/279/2265
f 2352/299/2265 2339/309/2265 2340/298/2265
f 2350/299/2265 2337/298/2265 2338/298/2265
f 2348/299/2265 2335/309/2265 2336/309/2265
f 2346/299/2265 2333/309/2265 2334/309/2265
f 2344/279/2265 2331/276/2265 2332/276/2265
f 2342/277/2265 2329/276/2265 2330/276/2265
f 2166/298/2265 2244/254/2265 2130/254/2265
f 2339/309/2265 2242/310/2265 2243/254/2265
f 2337/298/2265 2240/310/2265 2241/310/2265
f 2335/309/2265 2238/310/2265 2239/310/2265
f 2333/309/2265 2236/310/2265 2237/310/2265
f 2331/276/2265 2234/310/2265 2235/310/2265
f 2137/260/2262 2316/274/2262 2138/274/2262
f 2328/260/2262 2315/311/2262 2316/274/2262
f 2327/312/2262 2314/311/2262 2315/311/2262
f 2326/312/2262 2313/311/2262 2314/311/2262
f 2325/312/2262 2312/311/2262 2313/311/2262
f 2324/313/2262 2311/311/2262 2312/311/2262
f 2323/313/2262 2310/314/2262 2311/311/2262
f 2322/313/2262 2309/314/2262 2310/314/2262
f 2321/313/2262 2308/266/2262 2309/314/2262
f 2320/257/2262 2307/266/2262 2308/266/2262
f 2319/257/2262 2306/266/2262 2307/266/2262
f 2318/257/2262 2305/266/2262 2306/266/2262
f 2138/274/2262 2304/315/2262 2139/272/2262
f 2316/274/2262 2303/315/2262 2304/315/2262
f 2315/311/2262 2302/272/2262 2303/315/2262
f 2314/311/2262 2301/272/2262 2302/272/2262
f 2313/311/2262 2300/272/2262 2301/272/2262
f 2312/311/2262 2299/272/2262 2300/272/2262
f 2311/311/2262 2298/315/2262 2299/272/2262
f 2310/314/2262 2297/315/2262 2298/315/2262
f 2309/314/2262 2296/267/2262 2297/315/2262
f 2308/266/2262 2295/267/2262 2296/267/2262
f 2307/266/2262 2294/265/2262 2295/267/2262
f 2306/266/2262 2293/265/2262 2294/265/2262
f 2139/272/2262 2292/316/2262 2140/264/2262
f 2304/315/2262 2291/316/2262 2292/316/2262
f 2303/315/2262 2290/316/2262 2291/316/2262
f 2302/272/2262 2289/316/2262 2290/316/2262
f 2301/272/2262 2288/316/2262 2289/316/2262
f 2300/272/2262 2287/264/2262 2288/316/2262
f 2299/272/2262 2286/316/2262 2287/264/2262
f 2298/315/2262 2285/316/2262 2286/316/2262
f 2297/315/2262 2284/316/2262 2285/316/2262
f 2296/267/2262 2283/264/2262 2284/316/2262
f 2295/267/2262 2282/264/2262 2283/264/2262
f 2294/265/2262 2281/264/2262 2282/264/2262
f 2140/264/2262 2280/263/2262 2141/263/2262
f 2292/316/2262 2279/263/2262 2280/263/2262
f 2291/316/2262 2278/263/2262 2279/263/2262
f 2290/316/2262 2277/263/2262 2278/263/2262
f 2289/316/2262 2276/263/2262 2277/263/2262
f 2288/316/2262 2275/263/2262 2276/263/2262
f 2287/264/2262 2274/263/2262 2275/263/2262
f 2286/316/2262 2273/263/2262 2274/263/2262
f 2285/316/2262 2272/317/2262 2273/263/2262
f 2284/316/2262 2271/263/2262 2272/317/2262
f 2283/264/2262 2270/263/2262 2271/263/2262
f 2282/264/2262 2269/263/2262 2270/263/2262
f 2141/263/2262 2268/261/2262 2142/261/2262
f 2280/263/2262 2267/261/2262 2268/261/2262
f 2279/263/2262 2266/318/2262 2267/261/2262
f 2278/263/2262 2265/261/2262 2266/318/2262
f 2277/263/2262 2264/261/2262 2265/261/2262
f 2276/263/2262 2263/261/2262 2264/261/2262
f 2275/263/2262 2262/261/2262 2263/261/2262
f 2274/263/2262 2261/261/2262 2262/261/2262
f 2273/263/2262 2260/261/2262 2261/261/2262
f 2272/317/2262 2259/318/2262 2260/261/2262
f 2271/263/2262 2258/261/2262 2259/318/2262
f 2270/263/2262 2257/261/2262 2258/261/2262
f 2142/261/2262 2221/262/2262 2120/262/2262
f 2268/261/2262 2222/262/2262 2221/262/2262
f 2267/261/2262 2223/262/2262 2222/262/2262
f 2266/318/2262 2224/262/2262 2223/262/2262
f 2265/261/2262 2225/262/2262 2224/262/2262
f 2264/261/2262 2226/262/2262 2225/262/2262
f 2263/261/2262 2227/262/2262 2226/262/2262
f 2262/261/2262 2228/262/2262 2227/262/2262
f 2261/261/2262 2229/262/2262 2228/262/2262
f 2260/261/2262 2230/262/2262 2229/262/2262
f 2259/318/2262 2231/262/2262 2230/262/2262
f 2258/261/2262 2232/262/2262 2231/262/2262
f 2129/240/2262 2328/260/2262 2137/260/2262
f 2256/240/2262 2327/312/2262 2328/260/2262
f 2255/240/2262 2326/312/2262 2327/312/2262
f 2254/240/2262 2325/312/2262 2326/312/2262
f 2253/240/2262 2324/313/2262 2325/312/2262
f 2252/240/2262 2323/313/2262 2324/313/2262
f 2251/240/2262 2322/313/2262 2323/313/2262
f 2250/240/2262 2321/313/2262 2322/313/2262
f 2249/240/2262 2320/257/2262 2321/313/2262
f 2248/240/2262 2319/257/2262 2320/257/2262
f 2247/240/2262 2318/257/2262 2319/257/2262
f 2246/319/2262 2317/257/2262 2318/257/2262
f 2130/254/2265 2185/242/2265 2119/242/2265
f 2244/254/2265 2186/242/2265 2185/242/2265
f 2243/254/2265 2187/242/2265 2186/242/2265
f 2242/310/2265 2188/242/2265 2187/242/2265
f 2241/310/2265 2189/242/2265 2188/242/2265
f 2240/310/2265 2190/242/2265 2189/242/2265
f 2239/310/2265 2191/242/2265 2190/242/2265
f 2238/310/2265 2192/242/2265 2191/242/2265
f 2237/310/2265 2193/242/2265 2192/242/2265
f 2236/310/2265 2194/242/2265 2193/242/2265
f 2235/310/2265 2195/242/2265 2194/242/2265
f 2234/310/2265 2196/242/2265 2195/242/2265
f 2116/248/2265 2400/249/2265 2161/249/2265
f 2207/248/2265 2398/249/2265 2399/249/2265
f 2205/248/2265 2396/249/2265 2397/249/2265
f 2203/320/2265 2394/249/2265 2395/249/2265
f 2201/320/2265 2392/301/2265 2393/249/2265
f 2199/248/2265 2390/249/2265 2391/249/2265
f 2115/239/2263 2185/242/2263 2220/239/2263
f 2185/242/2263 2219/239/2263 2220/239/2263
f 2186/242/2263 2218/239/2263 2219/239/2263
f 2187/242/2263 2217/239/2263 2218/239/2263
f 2217/239/2263 2189/242/2263 2216/239/2263
f 2189/242/2263 2215/322/2263 2216/239/2263
f 2190/242/2263 2214/322/2263 2215/322/2263
f 2191/242/2263 2213/239/2263 2214/322/2263
f 2192/242/2263 2212/322/2263 2213/239/2263
f 2193/242/2263 2211/239/2263 2212/322/2263
f 2211/239/2263 2195/242/2263 2210/239/2263
f 2210/239/2263 2196/242/2263 2209/239/2263
f 2124/250/2266 2232/251/2266 2128/251/2266
f 2197/250/2266 2231/251/2266 2232/251/2266
f 2198/250/2266 2230/251/2266 2231/251/2266
f 2199/250/2266 2229/251/2266 2230/251/2266
f 2200/250/2266 2228/323/2266 2229/251/2266
f 2201/250/2266 2227/324/2266 2228/323/2266
f 2202/250/2266 2226/324/2266 2227/324/2266
f 2203/250/2266 2225/323/2266 2226/324/2266
f 2204/250/2266 2224/324/2266 2225/323/2266
f 2205/250/2266 2223/324/2266 2224/324/2266
f 2206/250/2266 2222/251/2266 2223/324/2266
f 2207/250/2266 2221/251/2266 2222/251/2266
f 2129/240/2262 2220/239/2262 2256/240/2262
f 2220/239/2262 2255/240/2262 2256/240/2262
f 2219/239/2262 2254/240/2262 2255/240/2262
f 2254/240/2262 2217/239/2262 2253/240/2262
f 2217/239/2262 2252/240/2262 2253/240/2262
f 2216/239/2262 2251/240/2262 2252/240/2262
f 2215/322/2262 2250/240/2262 2251/240/2262
f 2214/322/2262 2249/240/2262 2250/240/2262
f 2213/239/2262 2248/240/2262 2249/240/2262
f 2212/322/2262 2247/240/2262 2248/240/2262
f 2247/240/2262 2210/239/2262 2246/319/2262
f 2210/239/2262 2245/240/2262 2246/319/2262
f 2209/239/2262 2123/239/2262 2133/240/2262
f 2117/241/2263 2118/255/2263 2119/242/2263
f 2113/243/2264 2114/325/2264 2148/244/2264
f 2131/246/2262 2117/241/2262 2115/239/2262
f 2208/250/2266 2116/250/2266 2120/251/2266
f 2120/251/2266 2116/250/2266 2114/252/2266
f 2196/242/2263 2127/242/2263 2123/239/2263
f 2127/242/2263 2126/255/2263 2125/241/2263
f 2160/244/2267 2122/325/2267 2121/243/2267
f 2123/239/2262 2125/241/2262 2135/246/2262
f 2122/252/2266 2124/250/2266 2128/251/2266
f 2197/248/2265 2124/248/2265 2173/249/2265
f 2233/254/2265 2134/254/2265 2127/242/2265
f 2133/240/2262 2135/246/2262 2184/256/2262
f 2126/255/2267 2136/287/2267 2135/258/2267
f 2172/256/2262 2131/246/2262 2129/240/2262
f 2131/258/2264 2132/287/2264 2118/255/2264
f 2245/240/2262 2133/240/2262 2149/257/2262
f 2257/261/2262 2154/261/2262 2128/262/2262
f 2269/263/2262 2153/263/2262 2154/261/2262
f 2281/264/2262 2152/264/2262 2153/263/2262
f 2293/265/2262 2151/267/2262 2152/264/2262
f 2305/266/2262 2150/266/2262 2151/267/2262
f 2317/257/2262 2149/257/2262 2150/266/2262
f 2113/268/2262 2167/269/2262 2142/261/2262
f 2167/269/2262 2168/270/2262 2141/263/2262
f 2168/270/2262 2169/271/2262 2140/264/2262
f 2169/271/2262 2170/273/2262 2139/272/2262
f 2170/273/2262 2171/275/2262 2138/274/2262
f 2171/275/2262 2172/256/2262 2137/260/2262
f 2154/261/2262 2179/269/2262 2121/268/2262
f 2153/263/2262 2180/270/2262 2179/269/2262
f 2152/264/2262 2181/271/2262 2180/270/2262
f 2151/267/2262 2182/273/2262 2181/271/2262
f 2150/266/2262 2183/275/2262 2182/273/2262
f 2149/257/2262 2184/256/2262 2183/275/2262
f 2329/276/2265 2178/276/2265 2134/254/2265
f 2353/278/2265 2176/278/2265 2177/279/2265
f 2377/281/2265 2174/281/2265 2175/280/2265
f 2136/287/2267 2155/289/2267 2184/288/2267
f 2155/289/2267 2156/291/2267 2183/290/2267
f 2156/291/2267 2157/293/2267 2182/292/2267
f 2157/293/2267 2158/295/2267 2181/294/2267
f 2158/295/2267 2159/297/2267 2180/296/2267
f 2159/297/2267 2160/244/2267 2179/245/2267
f 2172/288/2264 2143/289/2264 2132/287/2264
f 2171/290/2264 2144/291/2264 2143/289/2264
f 2170/292/2264 2145/293/2264 2144/291/2264
f 2169/294/2264 2146/295/2264 2145/293/2264
f 2168/296/2264 2147/297/2264 2146/295/2264
f 2167/245/2264 2148/244/2264 2147/297/2264
f 2400/249/2265 2399/249/2265 2387/281/2265
f 2398/249/2265 2397/249/2265 2385/281/2265
f 2396/249/2265 2395/249/2265 2383/281/2265
f 2394/249/2265 2393/249/2265 2381/281/2265
f 2392/301/2265 2391/249/2265 2379/302/2265
f 2378/302/2265 2390/249/2265 2389/249/2265
f 2162/281/2265 2388/281/2265 2376/280/2265
f 2387/281/2265 2386/281/2265 2374/280/2265
f 2385/281/2265 2384/281/2265 2372/280/2265
f 2383/281/2265 2382/281/2265 2370/303/2265
f 2381/281/2265 2380/281/2265 2368/303/2265
f 2379/302/2265 2378/302/2265 2366/280/2265
f 2376/280/2265 2375/280/2265 2363/304/2265
f 2362/304/2265 2374/280/2265 2373/280/2265
f 2372/280/2265 2371/303/2265 2359/304/2265
f 2370/303/2265 2369/303/2265 2357/305/2265
f 2368/303/2265 2367/280/2265 2355/278/2265
f 2366/280/2265 2365/280/2265 2353/278/2265
f 2164/300/2265 2364/304/2265 2352/299/2265
f 2363/304/2265 2362/304/2265 2350/299/2265
f 2361/304/2265 2360/304/2265 2348/299/2265
f 2359/304/2265 2358/305/2265 2346/299/2265
f 2357/305/2265 2356/306/2265 2344/279/2265
f 2355/278/2265 2354/307/2265 2342/277/2265
f 2352/299/2265 2351/299/2265 2339/309/2265
f 2350/299/2265 2349/299/2265 2337/298/2265
f 2348/299/2265 2347/299/2265 2335/309/2265
f 2346/299/2265 2345/308/2265 2333/309/2265
f 2344/279/2265 2343/279/2265 2331/276/2265
f 2342/277/2265 2341/277/2265 2329/276/2265
f 2166/298/2265 2340/298/2265 2244/254/2265
f 2339/309/2265 2338/298/2265 2242/310/2265
f 2337/298/2265 2336/309/2265 2240/310/2265
f 2335/309/2265 2334/309/2265 2238/310/2265
f 2333/309/2265 2332/276/2265 2236/310/2265
f 2331/276/2265 2330/276/2265 2234/310/2265
f 2137/260/2262 2328/260/2262 2316/274/2262
f 2328/260/2262 2327/312/2262 2315/311/2262
f 2327/312/2262 2326/312/2262 2314/311/2262
f 2326/312/2262 2325/312/2262 2313/311/2262
f 2325/312/2262 2324/313/2262 2312/311/2262
f 2324/313/2262 2323/313/2262 2311/311/2262
f 2323/313/2262 2322/313/2262 2310/314/2262
f 2322/313/2262 2321/313/2262 2309/314/2262
f 2321/313/2262 2320/257/2262 2308/266/2262
f 2320/257/2262 2319/257/2262 2307/266/2262
f 2319/257/2262 2318/257/2262 2306/266/2262
f 2318/257/2262 2317/257/2262 2305/266/2262
f 2138/274/2262 2316/274/2262 2304/315/2262
f 2316/274/2262 2315/311/2262 2303/315/2262
f 2315/311/2262 2314/311/2262 2302/272/2262
f 2314/311/2262 2313/311/2262 2301/272/2262
f 2313/311/2262 2312/311/2262 2300/272/2262
f 2312/311/2262 2311/311/2262 2299/272/2262
f 2311/311/2262 2310/314/2262 2298/315/2262
f 2310/314/2262 2309/314/2262 2297/315/2262
f 2309/314/2262 2308/266/2262 2296/267/2262
f 2308/266/2262 2307/266/2262 2295/267/2262
f 2307/266/2262 2306/266/2262 2294/265/2262
f 2306/266/2262 2305/266/2262 2293/265/2262
f 2139/272/2262 2304/315/2262 2292/316/2262
f 2304/315/2262 2303/315/2262 2291/316/2262
f 2303/315/2262 2302/272/2262 2290/316/2262
f 2302/272/2262 2301/272/2262 2289/316/2262
f 2301/272/2262 2300/272/2262 2288/316/2262
f 2300/272/2262 2299/272/2262 2287/264/2262
f 2299/272/2262 2298/315/2262 2286/316/2262
f 2298/315/2262 2297/315/2262 2285/316/2262
f 2297/315/2262 2296/267/2262 2284/316/2262
f 2296/267/2262 2295/267/2262 2283/264/2262
f 2295/267/2262 2294/265/2262 2282/264/2262
f 2294/265/2262 2293/265/2262 2281/264/2262
f 2140/264/2262 2292/316/2262 2280/263/2262
f 2292/316/2262 2291/316/2262 2279/263/2262
f 2291/316/2262 2290/316/2262 2278/263/2262
f 2290/316/2262 2289/316/2262 2277/263/2262
f 2289/316/2262 2288/316/2262 2276/263/2262
f 2288/316/2262 2287/264/2262 2275/263/2262
f 2287/264/2262 2286/316/2262 2274/263/2262
f 2286/316/2262 2285/316/2262 2273/263/2262
f 2285/316/2262 2284/316/2262 2272/317/2262
f 2284/316/2262 2283/264/2262 2271/263/2262
f 2283/264/2262 2282/264/2262 2270/263/2262
f 2282/264/2262 2281/264/2262 2269/263/2262
f 2141/263/2262 2280/263/2262 2268/261/2262
f 2280/263/2262 2279/263/2262 2267/261/2262
f 2279/263/2262 2278/263/2262 2266/318/2262
f 2278/263/2262 2277/263/2262 2265/261/2262
f 2277/263/2262 2276/263/2262 2264/261/2262
f 2276/263/2262 2275/263/2262 2263/261/2262
f 2275/263/2262 2274/263/2262 2262/261/2262
f 2274/263/2262 2273/263/2262 2261/261/2262
f 2273/263/2262 2272/317/2262 2260/261/2262
f 2272/317/2262 2271/263/2262 2259/318/2262
f 2271/263/2262 2270/263/2262 2258/261/2262
f 2270/263/2262 2269/263/2262 2257/261/2262
f 2142/261/2262 2268/261/2262 2221/262/2262
f 2268/261/2262 2267/261/2262 2222/262/2262
f 2267/261/2262 2266/318/2262 2223/262/2262
f 2266/318/2262 2265/261/2262 2224/262/2262
f 2265/261/2262 2264/261/2262 2225/262/2262
f 2264/261/2262 2263/261/2262 2226/262/2262
f 2263/261/2262 2262/261/2262 2227/262/2262
f 2262/261/2262 2261/261/2262 2228/262/2262
f 2261/261/2262 2260/261/2262 2229/262/2262
f 2260/261/2262 2259/318/2262 2230/262/2262
f 2259/318/2262 2258/261/2262 2231/262/2262
f 2258/261/2262 2257/261/2262 2232/262/2262
f 2129/240/2262 2256/240/2262 2328/260/2262
f 2256/240/2262 2255/240/2262 2327/312/2262
f 2255/240/2262 2254/240/2262 2326/312/2262
f 2254/240/2262 2253/240/2262 2325/312/2262
f 2253/240/2262 2252/240/2262 2324/313/2262
f 2252/240/2262 2251/240/2262 2323/313/2262
f 2251/240/2262 2250/240/2262 2322/313/2262
f 2250/240/2262 2249/240/2262 2321/313/2262
f 2249/240/2262 2248/240/2262 2320/257/2262
f 2248/240/2262 2247/240/2262 2319/257/2262
f 2247/240/2262 2246/319/2262 2318/257/2262
f 2246/319/2262 2245/240/2262 2317/257/2262
f 2130/254/2265 2244/254/2265 2185/242/2265
f 2244/254/2265 2243/254/2265 2186/242/2265
f 2243/254/2265 2242/310/2265 2187/242/2265
f 2242/310/2265 2241/310/2265 2188/242/2265
f 2241/310/2265 2240/310/2265 2189/242/2265
f 2240/310/2265 2239/310/2265 2190/242/2265
f 2239/310/2265 2238/310/2265 2191/242/2265
f 2238/310/2265 2237/310/2265 2192/242/2265
f 2237/310/2265 2236/310/2265 2193/242/2265
f 2236/310/2265 2235/310/2265 2194/242/2265
f 2235/310/2265 2234/310/2265 2195/242/2265
f 2234/310/2265 2233/254/2265 2196/242/2265
f 2116/248/2265 2208/248/2265 2400/249/2265
f 2207/248/2265 2206/248/2265 2398/249/2265
f 2205/248/2265 2204/248/2265 2396/249/2265
f 2203/320/2265 2202/320/2265 2394/249/2265
f 2201/320/2265 2200/320/2265 2392/301/2265
f 2199/248/2265 2198/321/2265 2390/249/2265
f 2115/239/2263 2119/242/2263 2185/242/2263
f 2185/242/2263 2186/242/2263 2219/239/2263
f 2186/242/2263 2187/242/2263 2218/239/2263
f 2187/242/2263 2188/242/2263 2217/239/2263
f 2217/239/2263 2188/242/2263 2189/242/2263
f 2189/242/2263 2190/242/2263 2215/322/2263
f 2190/242/2263 2191/242/2263 2214/322/2263
f 2191/242/2263 2192/242/2263 2213/239/2263
f 2192/242/2263 2193/242/2263 2212/322/2263
f 2193/242/2263 2194/242/2263 2211/239/2263
f 2211/239/2263 2194/242/2263 2195/242/2263
f 2210/239/2263 2195/242/2263 2196/242/2263
f 2124/250/2266 2197/250/2266 2232/251/2266
f 2197/250/2266 2198/250/2266 2231/251/2266
f 2198/250/2266 2199/250/2266 2230/251/2266
f 2199/250/2266 2200/250/2266 2229/251/2266
f 2200/250/2266 2201/250/2266 2228/323/2266
f 2201/250/2266 2202/250/2266 2227/324/2266
f 2202/250/2266 2203/250/2266 2226/324/2266
f 2203/250/2266 2204/250/2266 2225/323/2266
f 2204/250/2266 2205/250/2266 2224/324/2266
f 2205/250/2266 2206/250/2266 2223/324/2266
f 2206/250/2266 2207/250/2266 2222/251/2266
f 2207/250/2266 2208/250/2266 2221/251/2266
f 2129/240/2262 2115/239/2262 2220/239/2262
f 2220/239/2262 2219/239/2262 2255/240/2262
f 2219/239/2262 2218/239/2262 2254/240/2262
f 2254/240/2262 2218/239/2262 2217/239/2262
f 2217/239/2262 2216/239/2262 2252/240/2262
f 2216/239/2262 2215/322/2262 2251/240/2262
f 2215/322/2262 2214/322/2262 2250/240/2262
f 2214/322/2262 2213/239/2262 2249/240/2262
f 2213/239/2262 2212/322/2262 2248/240/2262
f 2212/322/2262 2211/239/2262 2247/240/2262
f 2247/240/2262 2211/239/2262 2210/239/2262
f 2210/239/2262 2209/239/2262 2245/240/2262
usemtl Material.002
f 2148/247/2265 2116/248/2265 2161/249/2265
f 2124/248/2265 2160/247/2265 2173/249/2265
f 2134/254/2265 2126/255/2265 2127/242/2265
f 2119/242/2265 2132/259/2265 2130/254/2265
f 2178/276/2265 2136/259/2265 2134/254/2265
f 2177/279/2265 2155/282/2265 2178/276/2265
f 2176/278/2265 2156/283/2265 2177/279/2265
f 2175/280/2265 2157/284/2265 2176/278/2265
f 2174/281/2265 2158/285/2265 2175/280/2265
f 2174/281/2265 2160/247/2265 2159/286/2265
f 2132/259/2265 2166/298/2265 2130/254/2265
f 2143/282/2265 2165/299/2265 2166/298/2265
f 2144/283/2265 2164/300/2265 2165/299/2265
f 2145/284/2265 2163/280/2265 2164/300/2265
f 2146/285/2265 2162/281/2265 2163/280/2265
f 2147/286/2265 2161/249/2265 2162/281/2265
f 2148/247/2265 2114/326/2265 2116/248/2265
f 2124/248/2265 2122/326/2265 2160/247/2265
f 2134/254/2265 2136/259/2265 2126/255/2265
f 2119/242/2265 2118/255/2265 2132/259/2265
f 2178/276/2265 2155/282/2265 2136/259/2265
f 2177/279/2265 2156/283/2265 2155/282/2265
f 2176/278/2265 2157/284/2265 2156/283/2265
f 2175/280/2265 2158/285/2265 2157/284/2265
f 2174/281/2265 2159/286/2265 2158/285/2265
f 2174/281/2265 2173/249/2265 2160/247/2265
f 2132/259/2265 2143/282/2265 2166/298/2265
f 2143/282/2265 2144/283/2265 2165/299/2265
f 2144/283/2265 2145/284/2265 2164/300/2265
f 2145/284/2265 2146/285/2265 2163/280/2265
f 2146/285/2265 2147/286/2265 2162/281/2265
f 2147/286/2265 2148/247/2265 2161/249/2265
usemtl Material.006
f 2341/277/2265 2178/276/2265 2329/276/2265
f 2365/280/2265 2176/278/2265 2353/278/2265
f 2377/281/2265 2173/249/2265 2174/281/2265
f 2161/249/2265 2388/281/2265 2162/281/2265
f 2399/249/2265 2386/281/2265 2387/281/2265
f 2397/249/2265 2384/281/2265 2385/281/2265
f 2395/249/2265 2382/281/2265 2383/281/2265
f 2393/249/2265 2380/281/2265 2381/281/2265
f 2379/302/2265 2390/249/2265 2378/302/2265
f 2388/281/2265 2375/280/2265 2376/280/2265
f 2386/281/2265 2373/280/2265 2374/280/2265
f 2384/281/2265 2371/303/2265 2372/280/2265
f 2382/281/2265 2369/303/2265 2370/303/2265
f 2380/281/2265 2367/280/2265 2368/303/2265
f 2378/302/2265 2365/280/2265 2366/280/2265
f 2163/280/2265 2364/304/2265 2164/300/2265
f 2375/280/2265 2362/304/2265 2363/304/2265
f 2361/304/2265 2372/280/2265 2360/304/2265
f 2371/303/2265 2358/305/2265 2359/304/2265
f 2369/303/2265 2356/306/2265 2357/305/2265
f 2367/280/2265 2354/307/2265 2355/278/2265
f 2364/304/2265 2351/299/2265 2352/299/2265
f 2362/304/2265 2349/299/2265 2350/299/2265
f 2360/304/2265 2347/299/2265 2348/299/2265
f 2358/305/2265 2345/308/2265 2346/299/2265
f 2356/306/2265 2343/279/2265 2344/279/2265
f 2354/307/2265 2341/277/2265 2342/277/2265
f 2165/299/2265 2340/298/2265 2166/298/2265
f 2351/299/2265 2338/298/2265 2339/309/2265
f 2349/299/2265 2336/309/2265 2337/298/2265
f 2347/299/2265 2334/309/2265 2335/309/2265
f 2345/308/2265 2332/276/2265 2333/309/2265
f 2343/279/2265 2330/276/2265 2331/276/2265
f 2340/298/2265 2243/254/2265 2244/254/2265
f 2338/298/2265 2241/310/2265 2242/310/2265
f 2336/309/2265 2239/310/2265 2240/310/2265
f 2334/309/2265 2237/310/2265 2238/310/2265
f 2332/276/2265 2235/310/2265 2236/310/2265
f 2330/276/2265 2233/254/2265 2234/310/2265
f 2208/248/2265 2399/249/2265 2400/249/2265
f 2206/248/2265 2397/249/2265 2398/249/2265
f 2204/248/2265 2395/249/2265 2396/249/2265
f 2202/320/2265 2393/249/2265 2394/249/2265
f 2200/320/2265 2391/249/2265 2392/301/2265
f 2198/321/2265 2389/249/2265 2390/249/2265
f 2341/277/2265 2177/279/2265 2178/276/2265
f 2365/280/2265 2175/280/2265 2176/278/2265
f 2377/281/2265 2389/249/2265 2173/249/2265
f 2161/249/2265 2400/249/2265 2388/281/2265
f 2399/249/2265 2398/249/2265 2386/281/2265
f 2397/249/2265 2396/249/2265 2384/281/2265
f 2395/249/2265 2394/249/2265 2382/281/2265
f 2393/249/2265 2392/301/2265 2380/281/2265
f 2379/302/2265 2391/249/2265 2390/249/2265
f 2388/281/2265 2387/281/2265 2375/280/2265
f 2386/281/2265 2385/281/2265 2373/280/2265
f 2384/281/2265 2383/281/2265 2371/303/2265
f 2382/281/2265 2381/281/2265 2369/303/2265
f 2380/281/2265 2379/302/2265 2367/280/2265
f 2378/302/2265 2377/281/2265 2365/280/2265
f 2163/280/2265 2376/280/2265 2364/304/2265
f 2375/280/2265 2374/280/2265 2362/304/2265
f 2361/304/2265 2373/280/2265 2372/280/2265
f 2371/303/2265 2370/303/2265 2358/305/2265
f 2369/303/2265 2368/303/2265 2356/306/2265
f 2367/280/2265 2366/280/2265 2354/307/2265
f 2364/304/2265 2363/304/2265 2351/299/2265
f 2362/304/2265 2361/304/2265 2349/299/2265
f 2360/304/2265 2359/304/2265 2347/299/2265
f 2358/305/2265 2357/305/2265 2345/308/2265
f 2356/306/2265 2355/278/2265 2343/279/2265
f 2354/307/2265 2353/278/2265 2341/277/2265
f 2165/299/2265 2352/299/2265 2340/298/2265
f 2351/299/2265 2350/299/2265 2338/298/2265
f 2349/299/2265 2348/299/2265 2336/309/2265
f 2347/299/2265 2346/299/2265 2334/309/2265
f 2345/308/2265 2344/279/2265 2332/276/2265
f 2343/279/2265 2342/277/2265 2330/276/2265
f 2340/298/2265 2339/309/2265 2243/254/2265
f 2338/298/2265 2337/298/2265 2241/310/2265
f 2336/309/2265 2335/309/2265 2239/310/2265
f 2334/309/2265 2333/309/2265 2237/310/2265
f 2332/276/2265 2331/276/2265 2235/310/2265
f 2330/276/2265 2329/276/2265 2233/254/2265
f 2208/248/2265 2207/248/2265 2399/249/2265
f 2206/248/2265 2205/248/2265 2397/249/2265
f 2204/248/2265 2203/320/2265 2395/249/2265
f 2202/320/2265 2201/320/2265 2393/249/2265
f 2200/320/2265 2199/248/2265 2391/249/2265
f 2198/321/2265 2197/248/2265 2389/249/2265
