# Blender 5.0.0
# www.blender.org
mtllib Track2.mtl
o Cube
v 1.000000 1.000000 1.000000
v 1.000000 1.000000 -1.000000
v 1.000000 -1.000000 1.000000
v 1.000000 -1.000000 -1.000000
v -1.000000 1.000000 1.000000
v -1.000000 1.000000 -1.000000
v -1.000000 -1.000000 1.000000
v -1.000000 -1.000000 -1.000000
vn -0.0000 -0.0000 1.0000
vn -0.0000 -1.0000 -0.0000
vn -1.0000 -0.0000 -0.0000
vn -0.0000 -0.0000 -1.0000
vn 1.0000 -0.0000 -0.0000
vn -0.0000 1.0000 -0.0000
vt 0.875000 0.500000
vt 0.625000 0.750000
vt 0.625000 0.500000
vt 0.375000 1.000000
vt 0.375000 0.750000
vt 0.625000 0.000000
vt 0.375000 0.250000
vt 0.375000 0.000000
vt 0.375000 0.500000
vt 0.125000 0.750000
vt 0.125000 0.500000
vt 0.625000 0.250000
vt 0.875000 0.750000
vt 0.625000 1.000000
s 0
usemtl Material
f 5/1/1 3/2/1 1/3/1
f 3/2/2 8/4/2 4/5/2
f 7/6/3 6/7/3 8/8/3
f 2/9/4 8/10/4 6/11/4
f 1/3/5 4/5/5 2/9/5
f 5/12/6 2/9/6 6/7/6
f 5/1/1 7/13/1 3/2/1
f 3/2/2 7/14/2 8/4/2
f 7/6/3 5/12/3 6/7/3
f 2/9/4 4/5/4 8/10/4
f 1/3/5 3/2/5 4/5/5
f 5/12/6 1/3/6 2/9/6
o Cube.001
v -15.676868 84.096359 1.863249
v -15.676868 84.096359 2.065777
v -37.032124 84.728531 1.863249
v -15.676868 84.728531 2.065777
v -37.032124 84.096359 1.863249
v -37.032124 84.096359 2.065777
v -37.032124 84.728531 2.065777
v -15.676868 84.728531 1.863249
v -15.676868 98.233948 1.863246
v -15.676868 98.233948 2.065773
v -37.032124 97.601776 1.863246
v -15.676868 97.601776 2.065774
v -37.032124 98.233948 1.863246
v -37.032124 98.233948 2.065773
v -37.032124 97.601776 2.065774
v -15.676868 97.601776 1.863246
vn -0.0000 -0.0000 -1.0000
vn -1.0000 -0.0000 -0.0000
vn -0.0000 -1.0000 -0.0000
vn -0.0000 -0.0000 1.0000
vn 1.0000 -0.0000 -0.0000
vn -0.0000 1.0000 -0.0000
vt 0.375000 0.738821
vt 0.125000 0.738821
vt 0.375000 0.750000
vt 0.625000 0.738821
vt 0.375000 1.000000
vt 0.625000 0.750000
vt 0.125000 0.750000
vt 0.875000 0.738821
vt 0.625000 0.011179
vt 0.375000 0.011179
vt 0.375000 0.000000
vt 0.625000 0.000000
vt 0.625000 1.000000
vt 0.875000 0.750000
s 1
usemtl Material.001
f 11/15/7 24/16/7 16/16/7
f 13/17/8 15/18/8 11/15/8
f 9/19/9 14/20/9 13/17/9
f 9/21/7 11/15/7 16/16/7
f 20/23/11 16/24/11 24/24/11
f 9/25/11 12/23/11 10/26/11
f 15/18/8 19/15/8 11/15/8
f 19/15/8 22/20/8 21/17/8
f 22/20/12 17/19/12 21/17/12
f 19/15/7 17/21/7 24/16/7
f 18/26/11 24/24/11 17/25/11
f 12/22/10 23/18/10 15/18/10
f 11/15/7 19/15/7 24/16/7
f 13/17/8 14/20/8 15/18/8
f 9/19/9 10/27/9 14/20/9
f 9/21/7 13/17/7 11/15/7
f 20/23/11 12/23/11 16/24/11
f 9/25/11 16/24/11 12/23/11
f 15/18/8 23/18/8 19/15/8
f 19/15/8 23/18/8 22/20/8
f 22/20/12 18/27/12 17/19/12
f 19/15/7 21/17/7 17/21/7
f 18/26/11 20/23/11 24/24/11
f 12/22/10 20/22/10 23/18/10
usemtl Material.002
f 14/20/10 12/22/10 15/18/10
f 20/22/10 22/20/10 23/18/10
f 14/20/10 10/28/10 12/22/10
f 20/22/10 18/28/10 22/20/10
o Cube.002
v -89.117134 28.964508 1.967210
v -89.117073 28.964626 2.170557
v -89.118790 29.590719 2.066080
v -89.118797 29.590706 1.863460
v -89.118797 43.096123 2.047278
v -89.118797 43.096123 2.249805
v -89.118797 42.463951 2.073241
v -89.118797 42.463951 1.870713
v -86.627831 29.126648 1.967209
v -86.627769 29.126766 2.170557
v -86.711929 29.747444 2.065777
v -86.711929 29.747444 1.863249
v -88.473007 43.137550 2.016788
v -88.473007 43.137550 2.219316
v -88.390572 42.510780 2.066839
v -88.390572 42.510780 1.864311
v -84.180923 29.612003 1.967209
v -84.180862 29.612122 2.170557
v -84.346046 30.216698 2.065777
v -84.346046 30.216698 1.863249
v -87.838135 43.262833 1.987716
v -87.838135 43.262833 2.190244
v -87.674675 42.652161 2.065774
v -87.674675 42.652161 1.863246
v -81.818199 30.412285 1.967209
v -81.818138 30.412403 2.170557
v -82.061554 30.990452 2.065777
v -82.061554 30.990452 1.863249
v -87.225021 43.469833 1.976060
v -87.225021 43.469833 2.178588
v -86.983330 42.885689 2.065774
v -86.983330 42.885689 1.863246
v -79.580009 31.513828 1.967208
v -79.579948 31.513947 2.170556
v -79.897469 32.055489 2.065776
v -79.897469 32.055489 1.863249
v -86.644135 43.755013 1.976060
v -86.644135 43.755013 2.178588
v -86.328331 43.207375 2.065774
v -86.328331 43.207375 1.863246
v -77.504570 32.897823 1.967209
v -77.504509 32.897942 2.170556
v -77.890739 33.393631 2.065776
v -77.890739 33.393631 1.863248
v -86.105392 44.113506 1.976060
v -86.105392 44.113506 2.178588
v -85.720879 43.611725 2.065774
v -85.720879 43.611725 1.863246
v -75.627312 34.540634 1.967208
v -75.627251 34.540752 2.170556
v -76.075638 34.982018 2.065776
v -76.075638 34.982018 1.863248
v -85.618004 44.539188 1.976060
v -85.618004 44.539188 2.178588
v -85.171341 44.091831 2.065773
v -85.171341 44.091831 1.863246
v -73.980309 36.414211 1.967208
v -73.980247 36.414330 2.170555
v -74.483154 36.793526 2.065775
v -74.483154 36.793526 1.863248
v -85.190277 45.024788 1.976060
v -85.190277 45.024788 2.178587
v -84.689095 44.639496 2.065773
v -84.689095 44.639496 1.863246
v -72.591675 38.486553 1.967207
v -72.591614 38.486671 2.170555
v -73.140488 38.797230 2.065775
v -73.140488 38.797230 1.863247
v -84.829529 45.562019 1.976060
v -84.829529 45.562019 2.178587
v -84.282379 45.245369 2.065773
v -84.282379 45.245369 1.863246
v -71.485130 40.722279 1.967206
v -71.485077 40.722397 2.170554
v -72.070557 40.958900 2.065774
v -72.070557 40.958900 1.863247
v -84.541916 46.141705 1.988863
v -84.541916 46.141705 2.191391
v -83.958145 45.899105 2.065773
v -83.958145 45.899105 1.863245
v -70.679565 43.083202 1.967206
v -70.679504 43.083321 2.170554
v -71.291649 43.241634 2.065774
v -71.291649 43.241634 1.863246
v -84.332344 46.753944 2.018012
v -84.332344 46.753944 2.220540
v -83.721924 46.589539 2.066978
v -83.721924 46.589539 1.864450
v -70.188744 45.529015 1.967205
v -70.188683 45.529133 2.170553
v -70.817047 45.606472 2.066165
v -70.817047 45.606453 1.863519
v -84.204391 47.388283 2.048537
v -84.204391 47.388283 2.251065
v -83.577759 47.304878 2.073632
v -83.577759 47.304878 1.871105
v -70.021042 48.017944 1.967204
v -70.020981 48.018063 2.170552
v -70.654831 48.013077 2.067784
v -70.654854 48.013035 1.864967
v -84.160263 48.033890 2.079346
v -84.160263 48.033890 2.281873
v -83.528091 48.032913 2.086586
v -83.528091 48.032913 1.884058
v -70.654854 48.013035 1.864967
v -70.021042 48.017944 1.967204
v -95.933380 29.590702 1.863249
v -95.933380 29.590702 2.065777
v -83.528091 48.032913 1.884058
v -84.160263 48.033890 2.079346
v -84.160263 48.033890 2.281873
v -83.528091 48.032913 2.086586
v -70.647217 52.943672 1.863244
v -70.015053 52.942692 1.863244
v -70.015053 52.942692 2.065772
v -70.647217 52.943672 2.065772
v -83.520447 52.963634 1.863244
v -84.152611 52.964615 1.863244
v -84.152611 52.964615 2.065772
v -83.520447 52.963634 2.065772
v -95.933380 28.958532 1.863250
v -95.933380 28.958532 2.065777
v -95.933380 42.463951 1.863246
v -95.933380 42.463951 2.065774
v -95.933380 43.096123 1.863246
v -95.933380 43.096123 2.065774
v -89.117134 28.964508 1.967210
v -89.117073 28.964626 2.170557
v -86.627831 29.126648 1.967209
v -86.627769 29.126766 2.170557
v -86.627831 29.126648 1.967209
v -86.627769 29.126766 2.170557
v -84.180923 29.612003 1.967209
v -84.180862 29.612122 2.170557
v -81.818199 30.412285 1.967209
v -81.818138 30.412403 2.170557
v -79.580009 31.513828 1.967208
v -79.579948 31.513947 2.170556
v -77.504570 32.897823 1.967209
v -77.504509 32.897942 2.170556
v -75.627312 34.540634 1.967208
v -75.627251 34.540752 2.170556
v -73.980309 36.414211 1.967208
v -73.980247 36.414330 2.170555
v -72.591675 38.486553 1.967207
v -72.591614 38.486671 2.170555
v -71.485130 40.722279 1.967206
v -71.485077 40.722397 2.170554
v -70.679565 43.083202 1.967206
v -70.679504 43.083321 2.170554
v -70.188744 45.529015 1.967205
v -70.188683 45.529133 2.170553
v -70.020981 48.018063 2.170552
v -70.021042 48.017944 1.967204
v -89.117134 28.964508 1.967210
v -89.117073 28.964626 2.170557
v -86.627831 29.126648 1.967209
v -86.627769 29.126766 2.170557
v -89.117134 28.964508 1.967210
v -89.117073 28.964626 2.170557
v -86.627831 29.126648 1.967209
v -86.627769 29.126766 2.170557
v -89.117134 28.964508 1.967210
v -89.117073 28.964626 2.170557
v -86.627831 29.126648 1.967209
v -86.627769 29.126766 2.170557
v -85.332939 27.638941 1.966894
v -85.332878 27.639059 2.170238
v -82.886032 28.124294 1.966894
v -82.885971 28.124414 2.170238
v -80.523315 28.924580 1.966893
v -80.523254 28.924698 2.170238
v -78.285118 30.026123 1.966893
v -78.285065 30.026239 2.170238
v -76.209671 31.410116 1.966892
v -76.209610 31.410234 2.170237
v -74.332428 33.052929 1.966892
v -74.332367 33.053047 2.170237
v -72.685417 34.926502 1.966892
v -72.685356 34.926620 2.170237
v -71.296783 36.998844 1.966891
v -71.296722 36.998962 2.170236
v -70.190239 39.234570 1.966890
v -70.190178 39.234688 2.170235
v -69.384674 41.595497 1.966890
v -69.384613 41.595612 2.170235
v -68.893845 44.041306 1.966889
v -68.893791 44.041424 2.170234
v -68.726089 46.530357 2.170234
v -68.726151 46.530239 1.966889
v -87.822243 27.476803 1.966894
v -87.822182 27.476921 2.170238
v -85.332939 27.638941 1.966894
v -85.332878 27.639059 2.170238
v -73.006386 35.308018 2.129723
v -73.328690 35.684895 2.214248
v -73.653839 36.051861 2.129826
v -75.300842 34.178288 2.129826
v -74.975700 33.811321 2.214248
v -74.653389 33.434441 2.129723
v -69.047112 46.911751 2.332247
v -69.369423 47.288628 2.416773
v -69.694565 47.655598 2.332351
v -69.694565 47.655598 2.129823
v -69.369423 47.288628 2.214245
v -69.047112 46.911751 2.129720
v -80.844276 29.306091 2.129725
v -81.166580 29.682970 2.214249
v -81.491730 30.049938 2.129827
v -83.854446 29.249655 2.129827
v -83.529305 28.882687 2.214250
v -83.207001 28.505810 2.129725
v -73.006386 35.308018 2.332250
v -73.328690 35.684895 2.416776
v -73.653839 36.051861 2.332354
v -72.265198 38.124207 2.332353
v -71.940063 37.757236 2.416775
v -71.617752 37.380360 2.332250
v -69.705643 41.977009 2.332249
v -70.027954 42.353886 2.416774
v -70.353096 42.720856 2.332352
v -69.862267 45.166664 2.332352
v -69.537125 44.799698 2.416774
v -69.214813 44.422821 2.332248
v -81.491730 30.049938 2.332355
v -81.166580 29.682970 2.416777
v -80.844276 29.306091 2.332252
v -83.207001 28.505810 2.332253
v -83.529312 28.882687 2.416777
v -83.854446 29.249655 2.332355
v -69.862267 45.166664 2.129824
v -69.537125 44.799698 2.214246
v -69.214813 44.422821 2.129720
v -74.653389 33.434441 2.332251
v -74.975700 33.811321 2.416776
v -75.300842 34.178288 2.332354
v -78.606079 30.407635 2.129724
v -78.928391 30.784513 2.214249
v -79.253532 31.151482 2.129827
v -79.253532 31.151482 2.332355
v -78.928391 30.784515 2.416777
v -78.606079 30.407635 2.332252
v -71.158661 40.359928 2.129825
v -70.833511 39.992962 2.214247
v -70.511208 39.616085 2.129722
v -69.705643 41.977009 2.129721
v -70.027954 42.353886 2.214246
v -70.353096 42.720856 2.129824
v -71.158661 40.359928 2.332353
v -70.833511 39.992962 2.416775
v -70.511208 39.616085 2.332250
v -77.178093 32.535477 2.129827
v -76.852951 32.168510 2.214249
v -76.530640 31.791630 2.129723
v -72.265198 38.124207 2.129826
v -71.940063 37.757236 2.214247
v -71.617752 37.380360 2.129722
v -77.178093 32.535477 2.332355
v -76.852951 32.168510 2.416776
v -76.530640 31.791630 2.332251
v -86.301353 28.764301 2.332355
v -85.976212 28.397333 2.416777
v -85.653908 28.020454 2.332253
v -85.653908 28.020454 2.129725
v -85.976212 28.397333 2.214250
v -86.301353 28.764301 2.129828
v -88.790657 28.602161 2.332355
v -88.465515 28.235195 2.416777
v -88.143211 27.858315 2.332253
v -88.143211 27.858315 2.129725
v -88.465515 28.235195 2.214250
v -88.790657 28.602161 2.129828
v -86.301353 28.764301 2.129828
v -85.976212 28.397333 2.214250
v -85.653908 28.020454 2.129725
v -85.653908 28.020454 2.332253
v -85.976212 28.397333 2.416777
v -86.301353 28.764301 2.332355
v -89.118797 43.096123 2.249805
v -88.473007 43.137550 2.219316
v -87.838135 43.262833 2.190244
v -87.225021 43.469833 2.178588
v -86.644135 43.755013 2.178588
v -86.105392 44.113506 2.178588
v -85.618004 44.539188 2.178588
v -85.190277 45.024788 2.178587
v -84.829529 45.562019 2.178587
v -84.541916 46.141705 2.191391
v -84.332344 46.753944 2.220540
v -84.204391 47.388283 2.251065
v -84.160263 48.033890 2.281873
v -84.160263 48.033890 2.281873
v -89.118797 43.096123 2.249805
v -88.473007 43.137550 2.219316
v -87.838135 43.262833 2.190244
v -87.225021 43.469833 2.178588
v -86.644135 43.755013 2.178588
v -86.105392 44.113506 2.178588
v -85.618004 44.539188 2.178588
v -85.190277 45.024788 2.178587
v -84.829529 45.562019 2.178587
v -84.541916 46.141705 2.191391
v -84.332344 46.753944 2.220540
v -84.204391 47.388283 2.251065
v -84.160263 48.033890 2.281873
v -84.160263 48.033890 2.281873
v -89.118797 43.096123 2.249805
v -88.473007 43.137550 2.219316
v -87.838135 43.262833 2.190244
v -87.225021 43.469833 2.178588
v -86.644135 43.755013 2.178588
v -86.105392 44.113506 2.178588
v -85.618004 44.539188 2.178588
v -85.190277 45.024788 2.178587
v -84.829529 45.562019 2.178587
v -84.541916 46.141705 2.191391
v -84.332344 46.753944 2.220540
v -84.204391 47.388283 2.251065
v -84.160263 48.033890 2.281873
v -84.160263 48.033890 2.281873
v -89.118797 43.096123 2.249805
v -88.473007 43.137550 2.219316
v -87.838135 43.262833 2.190244
v -87.225021 43.469833 2.178588
v -86.644135 43.755013 2.178588
v -86.105392 44.113506 2.178588
v -85.618004 44.539188 2.178588
v -85.190277 45.024788 2.178587
v -84.829529 45.562019 2.178587
v -84.541916 46.141705 2.191391
v -84.332344 46.753944 2.220540
v -84.204391 47.388283 2.251065
v -84.160263 48.033890 2.281873
v -84.160263 48.033890 2.281873
v -88.473007 43.137550 2.219316
v -89.118797 43.096123 2.249805
v -89.118797 43.096123 2.047278
v -88.473007 43.137550 2.016788
v -87.225021 43.469833 1.976060
v -87.838135 43.262833 1.987716
v -87.838135 43.262833 2.190244
v -87.225021 43.469833 2.178588
v -86.105392 44.113506 2.178588
v -86.644135 43.755013 2.178588
v -86.644135 43.755013 1.976060
v -86.105392 44.113506 1.976060
v -85.190277 45.024788 1.976060
v -85.618004 44.539188 1.976060
v -85.618004 44.539188 2.178588
v -85.190277 45.024788 2.178587
v -84.829529 45.562019 1.976060
v -84.829529 45.562019 2.178587
v -84.541916 46.141705 2.191391
v -84.541916 46.141705 1.988863
v -84.332344 46.753944 2.018012
v -84.332344 46.753944 2.220540
v -84.204391 47.388283 2.048537
v -84.204391 47.388283 2.251065
v -84.160263 48.033890 2.079346
v -84.160263 48.033890 2.281873
v -88.473007 43.137550 2.219316
v -89.118797 43.096123 2.249805
v -89.118797 43.096123 2.047278
v -88.473007 43.137550 2.016788
v -87.225021 43.469833 1.976060
v -87.838135 43.262833 1.987716
v -87.838135 43.262833 2.190244
v -87.225021 43.469833 2.178588
v -86.105392 44.113506 2.178588
v -86.644135 43.755013 2.178588
v -86.644135 43.755013 1.976060
v -86.105392 44.113506 1.976060
v -85.190277 45.024788 1.976060
v -85.618004 44.539188 1.976060
v -85.618004 44.539188 2.178588
v -85.190277 45.024788 2.178587
v -84.829529 45.562019 1.976060
v -84.829529 45.562019 2.178587
v -84.541916 46.141705 2.191391
v -84.541916 46.141705 1.988863
v -84.332344 46.753944 2.018012
v -84.332344 46.753944 2.220540
v -84.204391 47.388283 2.048537
v -84.204391 47.388283 2.251065
v -84.160263 49.513107 2.097710
v -84.160263 49.513107 2.300238
v -89.766441 44.626499 2.249805
v -90.412224 44.585072 2.264932
v -90.412224 44.585072 2.062404
v -89.766441 44.626499 2.047277
v -88.518456 44.958782 1.987716
v -89.131569 44.751781 2.016788
v -89.131569 44.751781 2.219316
v -88.518456 44.958782 2.190244
v -87.398827 45.602455 2.178587
v -87.937569 45.243961 2.178587
v -87.937569 45.243961 1.976060
v -87.398827 45.602455 1.976059
v -86.483711 46.513741 1.976060
v -86.911438 46.028137 1.976060
v -86.911438 46.028137 2.178587
v -86.483711 46.513741 2.178587
v -86.122963 47.050972 1.988863
v -86.122963 47.050972 2.191391
v -85.835342 47.630653 2.220540
v -85.835342 47.630653 2.018012
v -85.625778 48.242893 2.048537
v -85.625778 48.242893 2.251065
v -85.497826 48.877232 2.086043
v -85.497826 48.877232 2.288570
v -85.453690 49.522842 2.097709
v -85.453690 49.522842 2.300237
v -90.421234 43.096123 2.076253
v -90.421234 43.096123 2.241287
v -90.412224 44.585072 2.062404
v -90.412224 44.585072 2.264932
v -88.796364 43.509789 2.352303
v -89.119720 43.882023 2.442726
v -89.443077 44.254261 2.352303
v -85.174469 48.504997 2.149775
v -84.851112 48.132759 2.240197
v -84.527756 47.760521 2.149775
v -85.799606 46.678734 2.149775
v -85.476242 46.306496 2.240198
v -85.152885 45.934258 2.149776
v -84.865273 46.513943 2.149775
v -85.188629 46.886181 2.240198
v -85.511986 47.258415 2.149775
v -87.614212 44.871723 2.149775
v -87.290848 44.499489 2.240198
v -86.967491 44.127251 2.149776
v -85.130333 49.520409 2.197696
v -84.806976 49.517975 2.240197
v -84.483620 49.515541 2.197696
v -84.483620 49.515541 2.400224
v -84.806976 49.517975 2.442725
v -85.130333 49.520409 2.400223
v -87.075470 45.230217 2.149775
v -86.752113 44.857979 2.240198
v -86.428757 44.485741 2.149776
v -85.941360 44.911423 2.149775
v -86.264717 45.283661 2.240198
v -86.588074 45.655899 2.149775
v -88.808212 44.379547 2.149776
v -88.484848 44.007309 2.240198
v -88.161491 43.635071 2.149776
v -87.548378 43.842072 2.149776
v -87.871735 44.214306 2.240198
v -88.195099 44.586544 2.149775
v -88.808212 44.379547 2.352303
v -88.484848 44.007309 2.442726
v -88.161491 43.635071 2.352303
v -85.941360 44.911423 2.352303
v -86.264717 45.283661 2.442726
v -86.588074 45.655899 2.352303
v -86.160355 46.141502 2.352302
v -85.836990 45.769264 2.442726
v -85.513641 45.397026 2.352303
v -84.527756 47.760521 2.352303
v -84.851112 48.132759 2.442725
v -85.174469 48.504997 2.352303
v -87.548378 43.842072 2.352303
v -87.871735 44.214306 2.442726
v -88.195099 44.586544 2.352303
v -87.614212 44.871723 2.352303
v -87.290848 44.499489 2.442726
v -86.967491 44.127251 2.352303
v -84.865273 46.513943 2.352303
v -85.188629 46.886181 2.442725
v -85.511986 47.258415 2.352302
v -85.302414 47.870659 2.352302
v -84.979057 47.498421 2.442725
v -84.655701 47.126183 2.352303
v -89.443077 44.254261 2.149776
v -89.119720 43.882023 2.240198
v -88.796364 43.509789 2.149776
v -89.442154 43.468361 2.352303
v -89.765511 43.840595 2.442726
v -90.088867 44.212833 2.352303
v -84.655701 47.126183 2.149775
v -84.979057 47.498421 2.240197
v -85.302414 47.870659 2.149774
v -85.152885 45.934258 2.352303
v -85.476242 46.306496 2.442725
v -85.799606 46.678734 2.352302
v -89.442154 43.468361 2.149776
v -89.765511 43.840595 2.240198
v -90.088867 44.212833 2.149776
v -85.513641 45.397026 2.149775
v -85.836990 45.769264 2.240198
v -86.160355 46.141502 2.149775
v -87.075470 45.230217 2.352303
v -86.752113 44.857979 2.442726
v -86.428757 44.485741 2.352303
v -90.418983 43.468361 2.387784
v -90.416733 43.840595 2.442726
v -90.414482 44.212833 2.387784
v -90.418983 43.468361 2.185256
v -90.416733 43.840595 2.240198
v -90.414482 44.212833 2.185256
v -89.770020 43.096123 2.241393
v -90.412224 44.585072 2.264932
v -90.412224 44.585072 2.062404
v -89.770020 43.096123 2.065237
v -89.930565 43.468361 2.167516
v -90.091118 43.840595 2.240198
v -90.251671 44.212833 2.167516
v -90.251671 44.212833 2.370043
v -90.091118 43.840595 2.442726
v -89.930565 43.468361 2.370044
vn 0.0009 -1.0000 0.0005
vn 0.0009 -1.0000 -0.0000
vn -0.0009 0.0097 1.0000
vn -0.0064 0.0818 0.9966
vn -0.0000 -0.0000 1.0000
vn -0.0130 0.1646 0.9863
vn -0.0111 0.0854 0.9963
vn 0.0111 -0.0848 -0.9963
vn 0.0968 -0.4324 0.8965
vn 0.0063 -0.0812 -0.9967
vn -1.0000 -0.0000 -0.0000
vn -0.0000 1.0000 -0.0000
vn 0.0063 -0.1250 0.9921
vn -0.0026 -0.0164 0.9999
vn -0.0009 -0.0002 1.0000
vn 0.9377 0.3382 0.0800
vn 0.2654 -0.3226 0.9086
vn -0.0000 -0.0000 -1.0000
vn -0.8291 0.5584 0.0280
vn 0.0236 -0.1064 0.9940
vn 0.0705 -0.1924 0.9788
vn 0.0651 -0.2373 0.9693
vn -0.0260 0.0872 -0.9958
vn -0.0236 0.1064 -0.9940
vn -0.0063 0.1250 -0.9921
vn -0.1189 0.9071 -0.4038
vn 0.9647 0.0910 0.2472
vn 0.7397 -0.6530 0.1629
vn -0.4936 -0.8466 0.1991
vn 0.0191 -0.2690 0.9630
vn -0.0322 0.0782 -0.9964
vn 0.0221 -0.0826 -0.9963
vn 0.0326 -0.0789 -0.9963
vn 0.2534 -0.6690 -0.6987
vn 0.8909 -0.4152 0.1844
vn 0.1832 -0.7058 0.6843
vn -0.0215 0.1636 0.9863
vn -0.0222 0.0832 0.9963
vn -0.9646 0.2601 0.0424
vn -0.9903 0.1321 0.0424
vn 0.0260 -0.0872 0.9958
vn 0.0426 -0.0740 -0.9964
vn 0.9984 -0.0568 0.0018
vn 0.9496 -0.2711 0.1573
vn -0.0329 0.0796 0.9963
vn 0.0421 -0.0733 0.9964
vn 0.0322 -0.0782 0.9964
vn 0.0722 -0.1652 0.9836
vn -0.0426 0.1593 0.9863
vn -0.4274 -0.9032 -0.0392
vn 0.9277 -0.3660 0.0734
vn -0.3464 0.1692 0.9227
vn -0.4994 -0.8637 0.0675
vn 0.7072 -0.7057 0.0432
vn 0.0201 0.1560 0.9875
vn -0.0822 0.1426 0.9864
vn -0.0522 0.0682 0.9963
vn -0.0429 0.0745 0.9963
vn -0.6067 0.7938 0.0424
vn -0.4979 0.8662 0.0424
vn -0.0421 0.0733 -0.9964
vn 0.0876 -0.1523 0.9844
vn 0.2246 -0.2310 0.9467
vn -0.0630 0.1523 0.9863
vn -0.9688 0.1470 -0.1997
vn 0.9869 -0.1026 0.1247
vn -0.6125 -0.0518 0.7888
vn 0.0513 -0.0672 0.9964
vn 0.1240 -0.1245 0.9844
vn 0.1067 -0.1396 0.9844
vn -0.0597 0.0599 -0.9964
vn 0.0518 -0.0677 -0.9964
vn -0.0513 0.0672 -0.9964
vn 0.0601 -0.0603 -0.9964
vn 0.4702 -0.3895 -0.7920
vn 0.9869 -0.0766 0.1422
vn 0.9930 0.1107 -0.0420
vn -0.0670 0.0516 -0.9964
vn 0.0674 -0.0519 -0.9964
vn 0.2868 -0.4242 0.8590
vn -0.7913 0.6099 0.0424
vn -0.7050 0.7080 0.0424
vn -0.1000 0.1306 0.9864
vn -0.0606 0.0608 0.9963
vn -0.9225 0.3837 0.0424
vn 0.0597 -0.0599 0.9964
vn -0.0679 0.0523 0.9963
vn 0.0731 -0.0424 0.9964
vn 0.0670 -0.0516 0.9964
vn 0.9670 -0.2363 0.0950
vn 0.1391 -0.1073 0.9844
vn -0.1161 0.1163 0.9864
vn -0.3817 0.9233 0.0424
vn -0.4988 0.8657 0.0424
vn -0.1419 0.0821 0.9865
vn -0.0789 0.0329 0.9963
vn -0.0741 0.0429 0.9963
vn 0.4811 0.8755 0.0446
vn 0.0327 0.6086 0.7928
vn 0.0677 -0.9845 -0.1617
vn 0.0833 -0.0380 0.9958
vn 0.1542 -0.0943 0.9835
vn 0.0735 -0.0426 -0.9964
vn -0.0731 0.0424 -0.9964
vn -0.2869 0.9561 0.0599
vn -0.1728 0.9834 0.0543
vn -0.1301 0.1000 0.9864
vn 0.1025 -0.0382 0.9940
vn 0.1824 -0.0972 0.9784
vn -0.1025 0.0382 -0.9940
vn 0.0783 -0.0326 -0.9964
vn -0.0833 0.0380 -0.9958
vn 0.0817 -0.0219 -0.9964
vn 0.4910 -0.8698 0.0495
vn 0.5810 0.7997 -0.1515
vn 0.0833 -0.0107 -0.9965
vn 0.4089 0.2069 0.8888
vn -0.1229 0.0339 -0.9918
vn -0.0823 0.0221 0.9964
vn 0.1229 -0.0339 0.9918
vn -0.0000 -0.0000 -0.0000
vn -0.1512 0.0628 0.9865
vn -0.7919 0.6092 0.0424
vn -0.8646 0.5007 0.0424
vn -0.0838 0.0107 0.9964
vn 0.0904 -0.0218 0.9957
vn -0.6075 0.7932 0.0424
vn -0.6074 0.7933 0.0424
vn -0.1611 0.0212 0.9867
vn -0.0816 0.0031 0.9967
vn 0.2279 -0.0970 0.9688
vn -0.9007 0.4334 0.0312
vn -0.1578 0.0424 0.9866
vn 0.8704 -0.4890 0.0576
vn 0.8008 0.1855 0.5695
vn -0.2904 0.9451 -0.1500
vn 0.7511 0.5815 0.3126
vn -0.9930 0.0116 -0.1179
vn 0.2357 0.7825 -0.5763
vn 0.2698 -0.0739 0.9601
vn -0.0006 -0.0038 -1.0000
vn -0.3314 -0.9379 -0.1022
vn 0.0066 -0.0099 -0.9999
vn -0.9986 0.0154 -0.0508
vn -0.0251 -0.0074 -0.9997
vn 1.0000 -0.0012 -0.0003
vn 0.7118 -0.0009 0.7024
vn 1.0000 -0.0012 -0.0000
vn 0.0016 1.0000 -0.0000
vn 0.0920 0.0144 0.9957
vn 0.0251 0.0074 0.9997
vn 0.2950 0.0414 0.9546
vn -1.0000 0.0016 -0.0000
vn 0.0026 0.0164 -0.9999
vn 0.0006 0.0038 1.0000
vn -0.1535 0.0064 0.9881
vn -0.0066 0.0100 0.9999
vn 0.0009 -0.0097 -1.0000
vn 0.0009 0.0002 -1.0000
vn -0.2579 0.9652 0.0424
vn 0.3321 -0.6449 -0.6883
vn 0.2180 -0.1269 -0.9677
vn 0.1937 -0.1494 -0.9696
vn -0.3721 0.0251 0.9279
vn -0.4057 0.0422 0.9130
vn -0.3049 0.0420 0.9515
vn -0.0842 0.3419 0.9359
vn -0.0595 0.3001 0.9520
vn -0.0697 0.2571 0.9639
vn -0.2231 0.2227 0.9490
vn -0.1465 0.1910 0.9706
vn -0.1697 0.1702 0.9707
vn 0.6721 -0.3543 0.6502
vn 0.1230 -0.2126 -0.9694
vn -0.2720 0.0744 0.9594
vn -0.3232 0.1275 0.9377
vn -0.2433 0.1020 0.9646
vn -0.1912 0.2514 0.9488
vn -0.1226 0.2119 0.9696
vn 0.2440 -0.1023 -0.9644
vn 0.8747 0.0570 -0.4813
vn -0.0558 0.8570 -0.5124
vn -0.2881 0.1619 0.9438
vn -0.8731 -0.0569 0.4842
vn -0.0560 0.8589 0.5091
vn 0.1469 -0.1915 -0.9704
vn -0.7057 0.7072 0.0424
vn 0.2385 -0.9681 0.0774
vn -0.7110 0.6976 0.0888
vn -0.2581 0.9652 0.0424
vn -0.0935 0.9212 0.3778
vn 0.3681 -0.9278 0.0610
vn -0.0570 0.8747 -0.4813
vn -0.0568 0.8731 0.4842
vn -0.0590 0.9376 0.3427
vn 0.0498 0.3310 0.9423
vn 0.0597 -0.3012 -0.9517
vn 0.3057 -0.0421 -0.9512
vn 0.2727 -0.0746 -0.9592
vn 0.0699 -0.2578 -0.9637
vn -0.3619 0.0884 0.9280
vn -0.2551 0.1932 0.9474
vn -0.2173 0.1265 0.9679
vn 0.7431 0.6692 -0.0005
vn 0.7454 0.6666 -0.0001
vn 0.7431 0.6692 -0.0006
vn 0.1702 -0.1707 -0.9705
vn -0.1230 0.3100 0.9427
vn -0.0973 0.2337 0.9674
vn 0.3734 -0.0252 -0.9273
vn -0.1931 0.1489 0.9698
vn 0.0976 -0.2344 -0.9672
vn -0.1582 0.2802 0.9468
vn 0.1263 -0.2959 0.9468
vn 0.1222 -0.2133 0.9693
vn 0.0958 -0.2348 0.9673
vn 0.7651 0.6439 -0.0005
vn 0.7629 0.6465 -0.0001
vn 0.7621 0.6474 -0.0000
vn -0.1225 0.2139 -0.9691
vn -0.1269 0.2972 -0.9464
vn -0.0961 0.2355 -0.9671
vn -0.7629 -0.6465 0.0001
vn -0.7651 -0.6439 0.0005
vn -0.7621 -0.6474 -0.0000
vn 0.1717 -0.1717 0.9701
vn 0.2483 -0.1942 0.9490
vn 0.1966 -0.1502 0.9689
vn -0.4250 0.0286 -0.9048
vn -0.3190 0.0389 -0.9470
vn -0.2859 0.0193 -0.9581
vn 0.0920 -0.3228 0.9420
vn 0.0671 -0.2577 0.9639
vn -0.2494 0.1951 -0.9486
vn -0.1723 0.1722 -0.9699
vn -0.1972 0.1506 -0.9687
vn -0.0923 0.3241 -0.9415
vn -0.0673 0.2585 -0.9637
vn 0.2793 -0.1666 0.9456
vn 0.2225 -0.1273 0.9666
vn 0.2818 -0.0732 0.9567
vn 0.3891 -0.0628 0.9190
vn 0.3180 -0.0388 0.9473
vn -0.7431 -0.6692 0.0005
vn -0.7454 -0.6666 0.0001
vn -0.7462 -0.6657 -0.0000
vn 0.2582 -0.9661 0.0005
vn 0.1946 -0.9809 0.0005
vn 0.3820 -0.9242 0.0004
vn 0.2583 -0.9661 0.0005
vn 0.6080 -0.7940 0.0003
vn 0.4993 -0.8664 0.0004
vn 0.4992 -0.8665 0.0004
vn 0.7063 -0.7079 0.0002
vn 0.6080 -0.7939 0.0003
vn 0.8653 -0.5012 -0.0000
vn 0.7926 -0.6097 0.0001
vn 0.7926 -0.6098 0.0001
vn 0.9233 -0.3841 -0.0001
vn 0.9655 -0.2604 -0.0001
vn 0.9233 -0.3840 -0.0001
vn 0.9977 -0.0672 -0.0003
vn 0.9912 -0.1322 -0.0002
vn 0.9912 -0.1323 -0.0002
vn 0.0650 -0.9979 0.0006
vn 0.0650 -0.9979 0.0005
vn -0.0212 0.3255 -0.9453
vn -0.0244 0.3750 -0.9267
vn -0.0169 0.2598 -0.9655
vn -0.3500 0.1029 -0.9311
vn -0.2513 0.1024 -0.9625
vn -0.2826 0.0734 -0.9564
vn 0.0243 -0.3735 0.9273
vn 0.0211 -0.3244 0.9457
vn 0.0169 -0.2593 0.9656
vn 0.3123 -0.1365 0.9401
vn 0.2505 -0.1021 0.9627
vn -0.2192 0.2211 -0.9503
vn -0.1476 0.1930 -0.9700
vn -0.3137 0.1371 -0.9396
vn -0.2232 0.1277 -0.9664
vn 0.1581 -0.2703 0.9497
vn 0.1472 -0.1925 0.9702
vn -0.1588 0.2715 -0.9492
vn 0.3484 -0.1025 0.9317
vn 0.2183 -0.2201 0.9507
vn 0.0677 -0.3413 0.9375
vn 0.0480 -0.2418 0.9692
vn 0.4232 -0.0285 0.9056
vn 0.2854 -0.0192 0.9582
vn -0.0680 0.3427 -0.9370
vn -0.0481 0.2423 -0.9690
vn -0.3908 0.0631 -0.9183
vn -0.2805 0.1674 -0.9451
vn -0.0080 0.0018 -1.0000
vn -0.0063 0.0031 -1.0000
vn -0.0163 -0.0047 -0.9999
vn -0.0127 -0.0018 -0.9999
vn 0.0128 -0.0646 -0.9978
vn 0.0014 0.0084 -1.0000
vn -0.1181 0.0080 0.9930
vn 0.0163 0.0047 0.9999
vn -0.0128 0.0646 0.9978
vn -0.0014 -0.0084 1.0000
vn 0.0034 -0.0051 1.0000
vn 0.0048 -0.0041 1.0000
vn 0.0127 0.0018 0.9999
vn 0.0101 -0.0003 0.9999
vn -0.7543 -0.6566 -0.0000
vn -0.0019 0.0061 -1.0000
vn -0.0034 0.0051 -1.0000
vn 0.0019 -0.0061 1.0000
vn -0.0101 0.0003 -0.9999
vn -0.0048 0.0041 -1.0000
vn 0.0080 -0.0018 1.0000
vn 0.0063 -0.0031 1.0000
vn -0.0004 0.0072 -1.0000
vn 0.7462 0.6657 -0.0000
vn 0.7543 0.6566 -0.0000
vn 0.0004 -0.0072 1.0000
vn 0.1181 -0.0080 -0.9930
vn -0.0220 0.3376 0.9410
vn -0.0253 0.3884 0.9211
vn -0.0058 0.0892 0.9960
vn -0.0173 0.2659 0.9639
vn 0.0056 -0.0854 0.9963
vn 0.0221 -0.3389 -0.9406
vn 0.0174 -0.2664 -0.9637
vn 0.0058 -0.0892 -0.9960
vn -0.0056 0.0854 -0.9963
vn -0.7431 -0.6692 0.0006
vn -0.1728 0.9835 0.0543
vn -0.2870 0.9565 0.0529
vn -0.8998 0.4329 0.0536
vn -0.8284 0.5579 0.0511
vn -0.7050 0.7079 0.0424
vn -0.7912 0.6100 0.0424
vn -0.6066 0.7939 0.0424
vn -0.5537 0.8321 0.0320
vn -0.6970 0.5610 -0.4467
vn -0.8833 0.4659 0.0514
vn -0.8745 0.4835 0.0384
vn -0.3891 0.9200 0.0468
vn -0.8528 0.5200 0.0487
vn -0.8528 0.5199 0.0500
vn -0.8834 0.4659 0.0498
vn -0.1110 0.9938 0.0006
vn -0.1730 0.9844 0.0320
vn -0.2870 0.9566 0.0512
vn -0.3890 0.9198 0.0512
vn -0.2381 0.9707 0.0327
vn 0.3169 -0.9027 -0.2911
vn -0.8830 0.4657 0.0587
vn -0.8918 0.4508 0.0396
vn -0.4404 0.8970 0.0379
vn -0.4589 -0.0110 0.8884
vn -0.0151 -0.0004 0.9999
vn -0.7500 0.6607 0.0320
vn -0.2381 0.9704 0.0408
vn 0.8970 0.4404 0.0379
vn 0.4839 -0.8280 -0.2833
vn -0.4404 0.8972 0.0320
vn -0.8206 -0.5243 -0.2274
vn 0.4695 0.0113 -0.8828
vn -0.8511 0.4370 0.2908
vn 0.5841 -0.7607 -0.2831
vn 0.5537 -0.8321 0.0320
vn 1.0000 -0.0000 -0.0000
vn 0.6751 -0.6814 -0.2827
vn -0.8837 0.4661 0.0429
vn -0.8529 0.5200 0.0471
vn -0.2356 0.0550 0.9703
vn -0.2749 0.0803 0.9581
vn -0.2355 0.0908 0.9676
vn -0.1610 0.2930 0.9425
vn -0.0971 0.2412 0.9656
vn -0.1291 0.2239 0.9660
vn -0.2016 -0.0257 0.9791
vn -0.2354 -0.0245 0.9716
vn -0.2322 0.0063 0.9726
vn -0.2047 0.1582 0.9660
vn -0.2357 0.2353 0.9429
vn -0.1796 0.1805 0.9670
vn -0.0430 0.2848 0.9576
vn -0.0229 0.2412 0.9702
vn -0.0585 0.2460 0.9675
vn 0.0971 -0.2412 -0.9656
vn 0.1610 -0.2930 -0.9425
vn 0.1291 -0.2239 -0.9660
vn 0.2354 0.0245 -0.9716
vn 0.2016 0.0257 -0.9791
vn 0.2322 -0.0063 -0.9726
vn 0.2873 -0.1416 -0.9473
vn 0.2355 -0.0908 -0.9676
vn 0.2258 -0.1283 -0.9657
vn 0.2015 -0.2651 -0.9430
vn 0.1546 -0.2022 -0.9671
vn 0.0075 1.0000 -0.0000
vn 0.1796 -0.1805 -0.9670
vn 0.0585 -0.2460 -0.9675
vn 0.1028 -0.3047 -0.9469
vn -0.8925 0.3529 0.2810
vn -0.8526 0.5199 0.0519
vn -0.8122 -0.4707 0.3446
vn -0.7551 0.5910 0.2838
vn -0.2871 0.9569 0.0446
vn -0.8108 0.5085 0.2900
vn 0.2289 -0.9320 -0.2811
vn -0.8190 0.4805 0.3137
vn 0.3930 -0.8728 -0.2894
vn -0.1276 0.9918 -0.0000
vn -0.0640 0.9979 -0.0000
vn -0.2554 0.9668 -0.0000
vn -0.1305 0.9914 -0.0000
vn -0.3799 0.9250 -0.0000
vn -0.2591 0.9658 -0.0000
vn -0.6072 0.7945 -0.0000
vn -0.4987 0.8668 -0.0000
vn -0.4981 0.8671 -0.0000
vn -0.3823 0.9240 -0.0000
vn -0.7056 0.7086 -0.0000
vn -0.7922 0.6102 -0.0000
vn -0.8655 0.5009 -0.0000
vn -0.9222 0.3868 -0.0000
vn -0.8642 0.5032 -0.0000
vn -0.7917 0.6108 -0.0000
vn -0.9237 0.3832 -0.0000
vn -0.9647 0.2635 -0.0000
vn -0.9658 0.2592 -0.0000
vn -0.9909 0.1348 -0.0000
vn -0.9913 0.1317 -0.0000
vn -0.9977 0.0682 -0.0000
vn 0.0229 -0.2412 -0.9702
vn 0.0430 -0.2848 -0.9576
vn -0.0063 0.2507 0.9680
vn 0.0379 0.2470 0.9683
vn 0.2749 -0.0803 -0.9581
vn 0.2356 -0.0550 -0.9703
vn -0.2873 0.1416 0.9473
vn -0.2258 0.1283 0.9657
vn 0.0234 -0.2617 0.9649
vn 0.0191 -0.3493 0.9368
vn 0.0085 -0.3080 0.9513
vn 0.2357 -0.2353 -0.9429
vn 0.2047 -0.1582 -0.9660
vn -0.1028 0.3047 0.9469
vn 0.2689 -0.1986 -0.9425
vn -0.0379 -0.2470 -0.9683
vn 0.0063 -0.2507 -0.9680
vn 0.2403 -0.0295 -0.9702
vn -0.2015 0.2651 0.9430
vn -0.1546 0.2022 0.9671
vn -0.2689 0.1986 0.9425
vn -0.2403 0.0295 0.9702
vn -1.0000 0.0061 -0.0000
vn -0.0912 -0.2516 -0.9635
vn 0.0568 0.4681 0.8819
vn 0.4654 -0.1403 0.8739
vn -0.0000 -1.0000 -0.0000
vn -0.0270 0.2714 -0.9621
vn -0.0269 0.2262 -0.9737
vn -0.0258 0.2516 -0.9675
vn -0.0272 0.2223 -0.9746
vn -0.0135 -0.0232 -0.9996
vn -0.0141 -0.0164 -0.9998
vn -1.0000 0.0060 -0.0000
vn 0.2600 -0.0593 0.9638
vn 0.2375 -0.0736 0.9686
vn 0.2833 -0.1120 0.9525
vn 0.2455 -0.0377 0.9687
vn 0.0134 0.0019 0.9999
vn 0.0081 -0.0011 1.0000
vn 0.2343 -0.2365 0.9430
vn 0.1581 -0.2073 0.9654
vn 0.2027 -0.2640 0.9430
vn 0.1842 -0.1846 0.9654
vn 0.0042 -0.0063 1.0000
vn 0.0057 -0.0050 1.0000
vn 0.2928 -0.1836 0.9384
vn 0.2104 -0.1612 0.9642
vn 0.2660 -0.2082 0.9412
vn 0.2323 -0.1375 0.9629
vn 0.0072 -0.0036 1.0000
vn 0.0089 -0.0021 1.0000
vn 0.1703 -0.2914 0.9413
vn 0.1313 -0.2300 0.9643
vn 0.0027 -0.0076 1.0000
vn -0.2375 0.0736 -0.9686
vn -0.0134 -0.0019 -0.9999
vn -0.2455 0.0377 -0.9687
vn -0.0081 0.0011 -1.0000
vn -0.0410 0.2459 -0.9684
vn -0.0232 0.2341 -0.9719
vn 0.0037 0.0129 -0.9999
vn -0.0034 -0.0064 -1.0000
vn -0.2104 0.1612 -0.9642
vn -0.0072 0.0036 -1.0000
vn -0.2323 0.1375 -0.9629
vn -0.0089 0.0021 -1.0000
vn 0.1047 -0.2488 0.9629
vn 0.1123 -0.3200 0.9408
vn 0.1418 -0.3148 0.9385
vn 0.0009 -0.0091 1.0000
vn 0.0751 -0.2539 0.9643
vn -0.0011 -0.0108 0.9999
vn -0.1842 0.1846 -0.9654
vn -0.0057 0.0050 -1.0000
vn 0.0117 0.0355 0.9993
vn 0.1055 0.2271 0.9681
vn 0.0912 0.2516 0.9635
vn 0.0141 0.0164 0.9998
vn 0.0135 0.0232 0.9996
vn 0.0268 -0.2658 0.9637
vn 0.3007 -0.1544 0.9411
vn 0.2408 -0.1084 0.9645
vn 0.0109 -0.0003 0.9999
vn -0.2408 0.1084 -0.9645
vn -0.0109 0.0003 -0.9999
vn 0.0410 -0.2459 0.9684
vn 0.0215 -0.2686 0.9630
vn 0.0731 -0.2974 0.9519
vn -0.0037 -0.0129 0.9999
vn 0.0144 -0.2501 0.9681
vn 0.0034 0.0064 1.0000
vn -0.0751 0.2539 -0.9643
vn 0.0011 0.0108 -0.9999
vn -0.1047 0.2488 -0.9629
vn -0.0009 0.0091 -1.0000
vn -0.1581 0.2073 -0.9654
vn -0.0042 0.0063 -1.0000
vn -0.1313 0.2300 -0.9643
vn -0.0027 0.0076 -1.0000
vn -0.2919 0.0328 -0.9559
vn -0.2220 0.0212 -0.9748
vn 0.0119 0.0174 -0.9998
vn 0.2919 -0.0328 0.9559
vn 0.2220 -0.0212 0.9748
vn -0.0119 -0.0174 0.9998
vn 0.0140 0.1134 0.9935
vn -0.0561 -0.1230 0.9908
vn 0.0009 -1.0000 0.0006
vn -0.2904 0.9451 0.1499
vn 0.2944 -0.0656 0.9534
vn -0.0000 -0.0211 -0.9998
vn -0.0000 0.0213 0.9998
vn -0.4186 0.0282 0.9077
vn -0.0701 0.3533 0.9329
vn 0.7651 0.6439 -0.0006
vn -0.7651 -0.6439 0.0006
vn -0.1893 0.2464 -0.9505
vn 0.1885 -0.2453 0.9509
vn -0.2954 0.0029 0.9554
vn 0.2954 -0.0029 -0.9554
vn -0.7401 0.3424 -0.5788
vn -0.1055 -0.2271 -0.9682
vt 0.375000 1.000000
vt 0.625000 0.920224
vt 0.375000 0.920224
vt 0.795224 0.750000
vt 0.875000 0.738821
vt 0.795224 0.738821
vt 0.875000 0.750000
vt 0.125000 0.738821
vt 0.125000 0.750000
vt 0.204776 0.738821
vt 0.625000 1.000000
vt 0.625000 0.011179
vt 0.375000 0.011179
vt 0.625000 0.000000
vt 0.375000 0.000000
vt 0.204776 0.750000
vt 0.875000 0.750000
vt 0.875000 0.750000
vt 0.875000 0.750000
vt 0.875000 0.750000
vt 0.875000 0.750000
vt 0.125000 0.750000
vt 0.125000 0.750000
vt 0.125000 0.750000
vt 0.875000 0.750000
vt 0.875000 0.750000
vt 0.875000 0.750000
vt 0.625000 1.000000
vt 0.875000 0.750000
vt 0.125000 0.750000
vt 0.875000 0.750000
vt 0.125000 0.750000
vt 0.375000 1.000000
vt 0.125000 0.750000
vt 0.875000 0.750000
vt 0.125000 0.750000
vt 0.125000 0.750000
vt 0.125000 0.750000
vt 0.625000 1.000000
vt 0.125000 0.750000
vt 0.875000 0.750000
vt 0.125000 0.750000
s 1
usemtl Material.001
f 25/29/13 146/30/14 145/31/14
f 36/36/20 25/37/21 28/36/22
f 132/34/23 150/30/23 131/38/23
f 150/30/24 29/29/24 149/31/24
f 85/37/28 375/37/17 93/37/29
f 27/33/16 148/34/27 132/34/17
f 126/35/30 382/35/17 118/35/31
f 48/36/35 36/36/20 40/36/36
f 40/36/36 28/36/22 32/36/37
f 27/33/16 39/33/32 31/33/25
f 34/39/38 153/29/17 33/29/39
f 37/37/40 32/36/37 29/37/41
f 56/36/43 44/36/44 48/36/35
f 52/36/45 41/37/46 44/36/44
f 53/37/47 48/36/35 45/37/48
f 106/35/51 176/35/52 114/35/52
f 35/33/19 47/33/53 39/33/32
f 45/37/48 40/36/36 37/37/40
f 44/36/44 33/37/39 36/36/20
f 60/36/54 49/37/55 52/36/45
f 61/37/56 56/36/43 53/37/47
f 51/33/57 63/33/58 55/33/59
f 37/37/40 364/37/17 45/37/48
f 105/37/62 171/37/63 97/37/64
f 43/33/50 55/33/59 47/33/53
f 81/37/65 165/37/66 73/37/67
f 70/35/71 368/35/17 62/35/72
f 64/36/73 52/36/45 56/36/43
f 93/37/29 378/37/17 101/37/75
f 121/37/77 175/37/78 113/37/79
f 80/36/83 68/36/84 72/36/85
f 76/36/86 65/37/87 68/36/84
f 59/33/70 71/33/80 63/33/58
f 69/37/88 64/36/73 61/37/56
f 68/36/84 57/37/89 60/36/54
f 72/36/85 60/36/54 64/36/73
f 88/36/90 76/36/86 80/36/83
f 84/36/91 73/37/67 76/36/86
f 85/37/28 80/36/83 77/37/92
f 86/35/93 373/35/17 78/35/94
f 98/35/97 174/35/51 106/35/51
f 67/33/69 79/33/98 71/33/80
f 77/37/92 72/36/85 69/37/88
f 93/37/29 88/36/90 85/37/28
f 83/33/99 95/33/100 87/33/101
f 113/37/79 173/37/102 105/37/62
f 69/37/88 372/37/17 77/37/92
f 50/35/105 162/35/106 58/35/106
f 75/33/96 87/33/101 79/33/98
f 117/37/110 383/37/111 125/37/112
f 92/36/115 81/37/65 84/36/91
f 96/36/116 84/36/91 88/36/90
f 46/35/117 359/35/17 38/35/118
f 112/36/122 100/36/123 104/36/124
f 108/36/125 97/37/64 100/36/123
f 65/37/87 161/37/126 57/37/89
f 91/33/109 103/33/113 95/33/100
f 93/37/29 104/36/124 96/36/116
f 100/36/123 89/37/127 92/36/115
f 104/36/124 92/36/115 96/36/116
f 116/36/128 105/37/62 108/36/125
f 109/37/129 120/36/130 112/36/122
f 107/33/131 119/33/132 111/33/120
f 38/35/118 360/35/30 30/35/133
f 82/35/135 170/35/136 90/35/136
f 99/33/108 111/33/120 103/33/113
f 101/37/75 112/36/122 104/36/124
f 115/33/137 127/33/138 119/33/132
f 58/35/106 164/35/139 66/35/140
f 120/36/130 108/36/125 112/36/122
f 118/35/31 380/35/17 110/35/144
f 97/37/64 169/37/146 89/37/127
f 126/39/30 134/29/147 125/29/112
f 127/33/17 135/35/30 126/35/148
f 128/36/149 129/36/150 124/36/151
f 117/37/110 128/36/149 120/36/130
f 124/36/151 113/37/79 116/36/128
f 128/36/149 116/36/128 120/36/130
f 125/29/112 384/39/133 126/39/30
f 141/36/153 129/36/150 133/36/154
f 137/36/155 130/37/156 129/36/150
f 142/37/157 133/36/154 134/37/147
f 122/39/158 121/29/159 138/29/160
f 125/37/112 133/36/154 128/36/149
f 124/36/151 130/37/156 121/37/77
f 144/40/161 137/41/161 141/41/161
f 137/41/161 139/42/161 138/43/161
f 143/42/161 141/41/161 142/43/161
f 143/39/165 134/29/165 135/39/165
f 32/36/37 149/44/166 29/37/41
f 136/33/162 123/33/142 144/33/167
f 28/36/22 145/44/170 131/38/30
f 28/36/22 147/38/171 32/36/37
f 42/35/172 160/35/105 50/35/105
f 33/37/39 151/37/17 25/37/21
f 26/35/133 154/35/17 34/35/38
f 25/29/21 152/39/30 26/39/133
f 167/37/173 279/37/174 221/37/175
f 163/37/185 263/50/186 161/37/126
f 169/37/146 267/37/192 279/37/174
f 180/35/193 186/35/30 182/35/194
f 181/37/196 183/37/17 179/37/197
f 165/37/66 276/51/198 163/37/185
f 33/29/39 156/39/133 34/39/38
f 114/35/52 177/35/133 122/35/133
f 66/35/140 166/35/199 74/35/199
f 49/37/55 157/37/200 41/37/46
f 122/39/133 178/29/201 121/29/77
f 73/37/67 163/37/185 65/37/87
f 151/29/17 180/39/193 152/39/30
f 34/35/38 158/35/202 42/35/172
f 74/35/199 168/35/135 82/35/135
f 154/39/17 181/29/196 153/29/17
f 89/37/127 167/37/173 81/37/65
f 41/37/46 155/37/203 33/37/39
f 153/37/17 179/37/197 151/37/17
f 90/35/136 172/35/97 98/35/97
f 152/35/30 182/35/194 154/35/17
f 57/37/89 159/37/204 49/37/55
f 184/35/205 190/35/133 186/35/30
f 185/37/206 187/37/207 183/37/17
f 186/39/30 189/29/208 185/29/206
f 183/29/17 188/39/133 184/39/205
f 157/37/200 290/37/209 155/37/203
f 173/37/102 255/37/210 272/52/211
f 159/37/204 234/37/212 157/37/200
f 177/39/216 228/29/217 178/29/218
f 165/37/66 221/37/175 222/52/219
f 175/37/78 228/50/222 255/37/210
f 161/37/126 233/37/224 159/37/204
f 171/37/63 272/52/211 267/37/192
f 179/29/197 184/39/205 180/39/193
f 182/39/194 185/29/206 181/29/196
f 218/39/229 299/29/230 300/56/231
f 261/50/232 195/37/233 231/37/234
f 294/29/235 216/39/236 293/39/237
f 214/37/241 257/50/242 230/37/243
f 203/37/246 224/37/247 219/37/248
f 213/39/229 230/29/230 225/39/231
f 231/37/234 193/37/249 236/58/250
f 156/39/256 290/29/257 285/39/258
f 193/29/259 192/39/260 191/29/260
f 195/29/261 194/39/262 193/29/259
f 197/29/265 196/39/261 195/29/261
f 201/29/266 200/39/267 199/29/263
f 205/29/268 204/39/269 203/29/270
f 203/29/270 202/39/266 201/29/266
f 207/29/271 206/39/268 205/29/268
f 209/29/272 208/39/273 207/29/271
f 214/29/274 212/39/275 211/29/276
f 211/29/276 210/39/272 209/29/272
f 217/29/277 216/39/278 215/29/278
f 299/37/279 215/37/280 294/37/281
f 209/37/282 269/50/283 270/60/284
f 201/37/290 278/37/291 224/37/247
f 207/37/292 281/60/293 269/50/283
f 278/37/291 197/37/296 261/50/232
f 288/61/235 192/39/236 287/39/237
f 236/58/250 191/37/303 288/52/304
f 211/37/305 270/60/284 257/50/242
f 205/37/306 219/37/248 281/60/293
f 280/60/307 221/37/175 279/37/174
f 281/60/293 220/37/308 280/60/307
f 256/37/309 272/52/211 255/37/210
f 257/50/242 271/37/310 256/37/309
f 234/37/212 289/37/311 290/37/209
f 235/37/312 288/52/304 289/37/311
f 289/29/321 285/39/258 290/29/257
f 289/29/321 287/39/237 286/39/321
f 276/51/198 262/62/322 263/50/186
f 277/37/323 261/50/232 262/62/322
f 268/37/325 279/37/174 267/37/192
f 269/50/283 280/60/307 268/37/325
f 222/52/219 277/37/323 276/51/198
f 224/37/247 277/37/323 223/37/326
f 271/37/310 267/37/192 272/52/211
f 270/60/284 268/37/325 271/37/310
f 233/37/224 235/37/312 234/37/212
f 232/58/329 236/58/250 235/37/312
f 227/39/330 229/29/331 228/29/217
f 225/39/231 229/29/331 226/39/331
f 220/37/308 222/52/219 221/37/175
f 219/37/248 223/37/326 220/37/308
f 229/37/333 255/37/210 228/50/222
f 230/37/243 256/37/309 229/37/333
f 263/50/186 232/58/329 233/37/224
f 262/62/322 231/37/234 232/58/329
f 189/37/208 296/37/339 187/37/207
f 297/37/340 295/37/341 296/37/339
f 298/37/342 294/37/281 295/37/341
f 296/29/257 188/39/256 187/29/343
f 295/29/321 291/56/258 296/29/257
f 295/29/321 293/39/237 292/39/321
f 190/39/216 297/29/217 189/29/218
f 302/39/330 298/29/331 297/29/217
f 300/56/231 298/29/331 301/39/331
f 38/39/344 303/39/30 304/39/17
f 46/39/345 304/39/17 305/39/17
f 110/35/346 314/35/17 118/35/347
f 78/35/348 310/35/17 86/35/349
f 70/39/350 307/39/351 308/39/17
f 118/35/347 315/35/30 126/35/352
f 102/39/353 311/39/354 312/39/17
f 102/35/353 313/35/17 110/35/346
f 46/35/345 306/35/17 54/35/355
f 135/39/30 315/39/30 316/39/30
f 86/35/349 311/35/354 94/35/356
f 70/35/350 309/35/17 78/35/348
f 54/35/355 307/35/351 62/35/72
f 312/35/17 327/35/17 313/35/17
f 305/35/17 320/35/17 306/35/17
f 313/35/17 328/35/17 314/35/17
f 308/39/17 321/39/351 322/39/17
f 314/35/17 329/35/30 315/35/30
f 306/35/17 321/35/351 307/35/351
f 316/39/30 329/39/30 330/39/30
f 308/35/17 323/35/17 309/35/17
f 309/35/17 324/35/17 310/35/17
f 312/39/17 325/39/354 326/39/17
f 304/39/17 317/39/30 318/39/17
f 310/35/17 325/35/354 311/35/354
f 305/39/17 318/39/17 319/39/17
f 320/35/17 335/35/17 321/35/351
f 330/39/30 343/39/30 344/39/30
f 322/35/17 337/35/17 323/35/17
f 323/35/17 338/35/17 324/35/17
f 326/39/17 339/39/354 340/39/17
f 318/39/17 331/39/30 332/39/17
f 324/35/17 339/35/354 325/35/354
f 319/39/17 332/39/17 333/39/17
f 326/35/17 341/35/17 327/35/17
f 319/35/17 334/35/17 320/35/17
f 327/35/17 342/35/17 328/35/17
f 322/39/17 335/39/17 336/39/17
f 328/35/17 343/35/30 329/35/30
f 340/39/17 353/39/357 354/39/358
f 332/39/17 345/39/359 346/39/360
f 338/35/17 353/35/357 339/35/354
f 333/39/17 346/39/360 347/39/361
f 340/35/17 355/35/144 341/35/17
f 333/35/17 348/35/362 334/35/17
f 341/35/17 356/35/31 342/35/17
f 336/39/17 349/39/72 350/39/71
f 342/35/17 357/35/30 343/35/30
f 334/35/17 349/35/72 335/35/17
f 344/39/30 357/39/30 358/39/30
f 336/35/17 351/35/94 337/35/17
f 337/35/17 352/35/93 338/35/17
f 362/37/363 390/37/364 364/37/17
f 380/35/17 403/35/365 377/35/366
f 368/35/17 392/35/355 366/35/367
f 384/35/368 408/35/369 382/35/17
f 374/35/370 399/35/348 373/35/17
f 365/35/371 385/35/360 359/35/17
f 363/37/372 395/37/373 369/37/374
f 381/37/375 409/37/376 383/37/111
f 375/37/17 404/37/377 378/37/17
f 369/37/374 396/37/378 370/37/379
f 409/29/380 384/39/380 383/29/380
f 370/37/379 398/37/381 372/37/17
f 110/35/144 377/35/366 102/35/382
f 102/35/382 376/35/17 94/35/383
f 54/35/362 365/35/371 46/35/117
f 53/37/47 369/37/374 61/37/56
f 30/39/133 361/29/17 29/29/41
f 77/37/92 371/37/17 85/37/28
f 109/37/129 381/37/375 117/37/110
f 94/35/383 374/35/370 86/35/93
f 101/37/75 379/37/17 109/37/129
f 78/35/94 367/35/17 70/35/71
f 61/37/56 370/37/379 69/37/88
f 29/37/41 362/37/363 37/37/40
f 62/35/72 366/35/367 54/35/362
f 45/37/48 363/37/372 53/37/47
f 473/51/399 421/37/400 453/37/401
f 433/37/402 456/37/403 444/37/404
f 427/37/405 452/62/406 447/52/407
f 453/37/401 422/37/408 462/64/409
f 456/29/410 436/39/410 461/39/410
f 422/37/408 467/65/411 462/64/409
f 468/64/412 415/37/413 473/51/399
f 359/35/17 386/35/133 360/35/30
f 378/37/17 405/37/414 379/37/17
f 377/35/366 402/35/415 376/35/17
f 360/39/30 387/29/416 361/29/17
f 372/37/17 397/37/417 371/37/17
f 366/35/367 391/35/418 365/35/371
f 371/37/17 401/37/419 375/37/17
f 361/37/17 388/37/420 362/37/363
f 379/37/17 407/37/421 381/37/375
f 367/35/17 394/35/72 368/35/17
f 376/35/17 400/35/349 374/35/370
f 373/35/17 393/35/350 367/35/17
f 382/35/17 406/35/346 380/35/17
f 364/37/17 389/37/422 363/37/372
f 411/39/423 413/29/424 412/39/424
f 417/39/425 414/29/426 411/39/423
f 418/39/427 416/29/428 417/39/425
f 419/39/429 421/29/430 420/39/431
f 420/39/431 415/29/432 418/39/427
f 419/39/429 424/29/433 422/29/429
f 426/39/434 424/29/433 425/39/433
f 428/39/435 430/29/436 427/29/437
f 426/39/434 427/29/437 423/29/438
f 429/39/439 431/29/440 430/29/436
f 432/39/441 433/29/442 431/29/440
f 434/39/443 435/29/444 433/29/442
f 498/37/445 416/37/446 468/64/412
f 430/37/449 506/66/450 452/62/406
f 424/37/456 515/58/457 467/65/411
f 423/37/459 447/52/407 515/58/457
f 512/60/460 414/37/461 498/37/445
f 431/37/462 444/37/404 506/66/450
f 440/39/467 524/29/467 521/39/467
f 531/58/468 439/37/469 527/37/470
f 527/29/470 440/39/133 526/39/30
f 525/67/471 437/29/471 528/29/471
f 437/37/472 529/37/473 528/52/474
f 522/37/475 530/37/476 529/37/473
f 523/37/477 531/58/468 530/37/476
f 438/39/467 522/29/478 437/29/467
f 519/39/478 523/29/478 522/29/478
f 521/39/467 523/29/478 520/39/478
f 504/37/500 407/37/421 405/37/414
f 505/37/501 446/65/502 504/37/500
f 506/66/450 445/51/503 505/37/501
f 387/37/416 500/64/504 388/37/420
f 510/37/505 499/37/506 500/64/504
f 511/52/507 498/37/445 499/37/506
f 513/37/508 401/37/419 397/37/417
f 514/37/509 449/52/510 513/37/508
f 515/58/457 448/68/511 514/37/509
f 465/52/518 397/37/417 398/37/381
f 466/52/519 513/37/508 465/52/518
f 467/65/411 514/37/509 466/52/519
f 450/37/529 405/37/414 404/37/377
f 451/64/530 504/37/500 450/37/529
f 452/62/406 505/37/501 451/64/530
f 388/37/420 470/37/537 390/37/364
f 500/64/504 469/62/538 470/37/537
f 499/37/506 468/64/412 469/62/538
f 390/37/364 471/62/539 389/37/422
f 470/37/537 472/70/540 471/62/539
f 469/62/538 473/51/399 472/70/540
f 464/64/541 398/37/381 396/37/378
f 463/64/542 465/52/518 464/64/541
f 462/64/409 466/52/519 463/64/542
f 458/29/410 410/39/410 409/29/410
f 457/29/410 459/39/410 458/29/410
f 457/29/410 461/39/410 460/39/410
f 395/37/373 464/64/541 396/37/378
f 455/50/543 463/64/542 464/64/541
f 454/37/544 462/64/409 463/64/542
f 449/52/510 404/37/377 401/37/419
f 448/68/511 450/37/529 449/52/510
f 447/52/407 451/64/530 448/68/511
f 446/65/502 409/37/545 407/37/421
f 445/51/503 458/37/546 446/65/502
f 444/37/404 457/37/547 445/51/503
f 389/37/422 455/50/543 395/37/373
f 471/62/539 454/37/544 455/50/543
f 472/70/540 453/37/401 454/37/544
f 530/37/476 512/60/460 511/52/507
f 529/37/473 511/52/507 510/37/505
f 528/52/474 510/37/505 387/37/416
f 386/39/471 528/29/471 387/29/471
f 413/29/552 526/39/30 412/39/133
f 512/60/460 527/37/470 413/37/552
f 25/29/13 26/39/553 146/30/14
f 36/36/20 33/37/39 25/37/21
f 132/34/23 148/34/380 150/30/23
f 150/30/23 149/44/23 147/38/23
f 131/38/23 145/31/23 146/32/23
f 150/30/23 147/38/23 131/38/23
f 131/38/23 146/32/23 132/34/23
f 150/30/24 30/39/24 29/29/24
f 85/37/28 371/37/17 375/37/17
f 27/33/16 31/33/25 148/34/27
f 126/35/30 384/35/133 382/35/17
f 48/36/35 44/36/44 36/36/20
f 40/36/36 36/36/20 28/36/22
f 27/33/16 35/33/19 39/33/32
f 34/39/38 154/39/17 153/29/17
f 37/37/40 40/36/36 32/36/37
f 56/36/43 52/36/45 44/36/44
f 52/36/45 49/37/55 41/37/46
f 53/37/47 56/36/43 48/36/35
f 106/35/51 174/35/51 176/35/52
f 35/33/19 43/33/50 47/33/53
f 45/37/48 48/36/35 40/36/36
f 44/36/44 41/37/46 33/37/39
f 60/36/54 57/37/89 49/37/55
f 61/37/56 64/36/73 56/36/43
f 51/33/57 59/33/70 63/33/58
f 37/37/40 362/37/363 364/37/17
f 105/37/62 173/37/102 171/37/63
f 43/33/50 51/33/57 55/33/59
f 81/37/65 167/37/173 165/37/66
f 70/35/71 367/35/17 368/35/17
f 64/36/73 60/36/54 52/36/45
f 93/37/29 375/37/17 378/37/17
f 121/37/77 178/37/201 175/37/78
f 80/36/83 76/36/86 68/36/84
f 76/36/86 73/37/67 65/37/87
f 59/33/70 67/33/69 71/33/80
f 69/37/88 72/36/85 64/36/73
f 68/36/84 65/37/87 57/37/89
f 72/36/85 68/36/84 60/36/54
f 88/36/90 84/36/91 76/36/86
f 84/36/91 81/37/65 73/37/67
f 85/37/28 88/36/90 80/36/83
f 86/35/93 374/35/370 373/35/17
f 98/35/97 172/35/97 174/35/51
f 67/33/69 75/33/96 79/33/98
f 77/37/92 80/36/83 72/36/85
f 93/37/29 96/36/116 88/36/90
f 83/33/99 91/33/109 95/33/100
f 113/37/79 175/37/78 173/37/102
f 69/37/88 370/37/379 372/37/17
f 50/35/105 160/35/105 162/35/106
f 75/33/96 83/33/99 87/33/101
f 117/37/110 381/37/375 383/37/111
f 92/36/115 89/37/127 81/37/65
f 96/36/116 92/36/115 84/36/91
f 46/35/117 365/35/371 359/35/17
f 112/36/122 108/36/125 100/36/123
f 108/36/125 105/37/62 97/37/64
f 65/37/87 163/37/185 161/37/126
f 91/33/109 99/33/108 103/33/113
f 93/37/29 101/37/75 104/36/124
f 100/36/123 97/37/64 89/37/127
f 104/36/124 100/36/123 92/36/115
f 116/36/128 113/37/79 105/37/62
f 109/37/129 117/37/110 120/36/130
f 107/33/131 115/33/137 119/33/132
f 38/35/118 359/35/17 360/35/30
f 82/35/135 168/35/135 170/35/136
f 99/33/108 107/33/131 111/33/120
f 101/37/75 109/37/129 112/36/122
f 115/33/137 123/33/142 127/33/138
f 58/35/106 162/35/106 164/35/139
f 120/36/130 116/36/128 108/36/125
f 118/35/31 382/35/17 380/35/17
f 97/37/64 171/37/63 169/37/146
f 126/39/30 135/39/133 134/29/147
f 127/33/17 136/33/554 135/35/30
f 128/36/149 133/36/154 129/36/150
f 117/37/110 125/37/112 128/36/149
f 124/36/151 121/37/77 113/37/79
f 128/36/149 124/36/151 116/36/128
f 125/29/112 383/29/111 384/39/133
f 141/36/153 137/36/155 129/36/150
f 137/36/155 138/37/556 130/37/156
f 142/37/157 141/36/153 133/36/154
f 138/29/160 139/39/160 122/39/158
f 121/29/159 130/29/17 138/29/160
f 125/37/112 134/37/147 133/36/154
f 124/36/151 129/36/150 130/37/156
f 144/40/161 140/40/161 137/41/161
f 137/41/161 140/40/161 139/42/161
f 143/42/161 144/40/161 141/41/161
f 143/39/165 142/29/165 134/29/165
f 32/36/37 147/38/171 149/44/166
f 123/33/142 140/33/169 144/33/167
f 136/33/162 127/33/138 123/33/142
f 28/36/22 25/37/21 145/44/170
f 28/36/22 131/38/30 147/38/171
f 42/35/172 158/35/202 160/35/105
f 33/37/39 153/37/17 151/37/17
f 26/35/133 152/35/30 154/35/17
f 25/29/21 151/29/17 152/39/30
f 167/37/173 169/37/146 279/37/174
f 163/37/185 276/51/198 263/50/186
f 169/37/146 171/37/63 267/37/192
f 180/35/193 184/35/205 186/35/30
f 181/37/196 185/37/206 183/37/17
f 165/37/66 222/52/219 276/51/198
f 33/29/39 155/29/203 156/39/133
f 114/35/52 176/35/52 177/35/133
f 66/35/140 164/35/139 166/35/199
f 49/37/55 159/37/204 157/37/200
f 122/39/133 177/39/133 178/29/201
f 73/37/67 165/37/66 163/37/185
f 151/29/17 179/29/197 180/39/193
f 34/35/38 156/35/133 158/35/202
f 74/35/199 166/35/199 168/35/135
f 154/39/17 182/39/194 181/29/196
f 89/37/127 169/37/146 167/37/173
f 41/37/46 157/37/200 155/37/203
f 153/37/17 181/37/196 179/37/197
f 90/35/136 170/35/136 172/35/97
f 152/35/30 180/35/193 182/35/194
f 57/37/89 161/37/126 159/37/204
f 184/35/205 188/35/133 190/35/133
f 185/37/206 189/37/208 187/37/207
f 186/39/30 190/39/133 189/29/208
f 183/29/17 187/29/207 188/39/133
f 157/37/200 234/37/212 290/37/209
f 173/37/102 175/37/78 255/37/210
f 159/37/204 233/37/224 234/37/212
f 177/39/216 227/39/330 228/29/217
f 165/37/66 167/37/173 221/37/175
f 175/37/78 178/37/201 228/50/222
f 161/37/126 263/50/186 233/37/224
f 171/37/63 173/37/102 272/52/211
f 179/29/197 183/29/17 184/39/205
f 182/39/194 186/39/30 185/29/206
f 218/39/229 217/29/560 299/29/230
f 261/50/232 197/37/296 195/37/233
f 294/29/235 215/29/561 216/39/236
f 214/37/241 211/37/305 257/50/242
f 203/37/246 201/37/290 224/37/247
f 213/39/229 214/29/560 230/29/230
f 231/37/234 195/37/233 193/37/249
f 156/39/256 155/29/343 290/29/257
f 193/29/259 194/39/262 192/39/260
f 195/29/261 196/39/261 194/39/262
f 197/29/265 198/39/264 196/39/261
f 201/29/266 202/39/266 200/39/267
f 205/29/268 206/39/268 204/39/269
f 203/29/270 204/39/269 202/39/266
f 207/29/271 208/39/273 206/39/268
f 209/29/272 210/39/272 208/39/273
f 214/29/274 213/39/274 212/39/275
f 211/29/276 212/39/275 210/39/272
f 217/29/277 218/39/277 216/39/278
f 299/37/279 217/37/280 215/37/280
f 209/37/282 207/37/292 269/50/283
f 201/37/290 199/37/562 278/37/291
f 207/37/292 205/37/306 281/60/293
f 278/37/291 199/37/562 197/37/296
f 288/61/235 191/29/561 192/39/236
f 236/58/250 193/37/249 191/37/303
f 211/37/305 209/37/282 270/60/284
f 205/37/306 203/37/246 219/37/248
f 280/60/307 220/37/308 221/37/175
f 281/60/293 219/37/248 220/37/308
f 256/37/309 271/37/310 272/52/211
f 257/50/242 270/60/284 271/37/310
f 234/37/212 235/37/312 289/37/311
f 235/37/312 236/58/250 288/52/304
f 289/29/321 286/39/321 285/39/258
f 289/29/321 288/61/235 287/39/237
f 276/51/198 277/37/323 262/62/322
f 277/37/323 278/37/291 261/50/232
f 268/37/325 280/60/307 279/37/174
f 269/50/283 281/60/293 280/60/307
f 222/52/219 223/37/326 277/37/323
f 224/37/247 278/37/291 277/37/323
f 271/37/310 268/37/325 267/37/192
f 270/60/284 269/50/283 268/37/325
f 233/37/224 232/58/329 235/37/312
f 232/58/329 231/37/234 236/58/250
f 227/39/330 226/39/331 229/29/331
f 225/39/231 230/29/230 229/29/331
f 220/37/308 223/37/326 222/52/219
f 219/37/248 224/37/247 223/37/326
f 229/37/333 256/37/309 255/37/210
f 230/37/243 257/50/242 256/37/309
f 263/50/186 262/62/322 232/58/329
f 262/62/322 261/50/232 231/37/234
f 189/37/208 297/37/340 296/37/339
f 297/37/340 298/37/342 295/37/341
f 298/37/342 299/37/279 294/37/281
f 296/29/257 291/56/258 188/39/256
f 295/29/321 292/39/321 291/56/258
f 295/29/321 294/29/235 293/39/237
f 190/39/216 302/39/330 297/29/217
f 302/39/330 301/39/331 298/29/331
f 300/56/231 299/29/230 298/29/331
f 38/39/344 30/39/17 303/39/30
f 46/39/345 38/39/344 304/39/17
f 110/35/346 313/35/17 314/35/17
f 78/35/348 309/35/17 310/35/17
f 70/39/350 62/39/72 307/39/351
f 118/35/347 314/35/17 315/35/30
f 102/39/353 94/39/356 311/39/354
f 102/35/353 312/35/17 313/35/17
f 46/35/345 305/35/17 306/35/17
f 135/39/30 126/39/352 315/39/30
f 86/35/349 310/35/17 311/35/354
f 70/35/350 308/35/17 309/35/17
f 54/35/355 306/35/17 307/35/351
f 312/35/17 326/35/17 327/35/17
f 305/35/17 319/35/17 320/35/17
f 313/35/17 327/35/17 328/35/17
f 308/39/17 307/39/351 321/39/351
f 314/35/17 328/35/17 329/35/30
f 306/35/17 320/35/17 321/35/351
f 316/39/30 315/39/30 329/39/30
f 308/35/17 322/35/17 323/35/17
f 309/35/17 323/35/17 324/35/17
f 312/39/17 311/39/354 325/39/354
f 304/39/17 303/39/30 317/39/30
f 310/35/17 324/35/17 325/35/354
f 305/39/17 304/39/17 318/39/17
f 320/35/17 334/35/17 335/35/17
f 330/39/30 329/39/30 343/39/30
f 322/35/17 336/35/17 337/35/17
f 323/35/17 337/35/17 338/35/17
f 326/39/17 325/39/354 339/39/354
f 318/39/17 317/39/30 331/39/30
f 324/35/17 338/35/17 339/35/354
f 319/39/17 318/39/17 332/39/17
f 326/35/17 340/35/17 341/35/17
f 319/35/17 333/35/17 334/35/17
f 327/35/17 341/35/17 342/35/17
f 322/39/17 321/39/351 335/39/17
f 328/35/17 342/35/17 343/35/30
f 340/39/17 339/39/354 353/39/357
f 332/39/17 331/39/30 345/39/359
f 338/35/17 352/35/93 353/35/357
f 333/39/17 332/39/17 346/39/360
f 340/35/17 354/35/358 355/35/144
f 333/35/17 347/35/361 348/35/362
f 341/35/17 355/35/144 356/35/31
f 336/39/17 335/39/17 349/39/72
f 342/35/17 356/35/31 357/35/30
f 334/35/17 348/35/362 349/35/72
f 344/39/30 343/39/30 357/39/30
f 336/35/17 350/35/71 351/35/94
f 337/35/17 351/35/94 352/35/93
f 362/37/363 388/37/420 390/37/364
f 380/35/17 406/35/346 403/35/365
f 368/35/17 394/35/72 392/35/355
f 384/35/368 410/35/368 408/35/369
f 374/35/370 400/35/349 399/35/348
f 365/35/371 391/35/418 385/35/360
f 363/37/372 389/37/422 395/37/373
f 381/37/375 407/37/421 409/37/376
f 375/37/17 401/37/419 404/37/377
f 369/37/374 395/37/373 396/37/378
f 409/29/380 410/39/380 384/39/380
f 370/37/379 396/37/378 398/37/381
f 110/35/144 380/35/17 377/35/366
f 102/35/382 377/35/366 376/35/17
f 54/35/362 366/35/367 365/35/371
f 53/37/47 363/37/372 369/37/374
f 30/39/133 360/39/30 361/29/17
f 77/37/92 372/37/17 371/37/17
f 109/37/129 379/37/17 381/37/375
f 94/35/383 376/35/17 374/35/370
f 101/37/75 378/37/17 379/37/17
f 78/35/94 373/35/17 367/35/17
f 61/37/56 369/37/374 370/37/379
f 29/37/41 361/37/17 362/37/363
f 62/35/72 368/35/17 366/35/367
f 45/37/48 364/37/17 363/37/372
f 473/51/399 415/37/413 421/37/400
f 433/37/402 435/37/565 456/37/403
f 427/37/405 430/37/449 452/62/406
f 453/37/401 421/37/400 422/37/408
f 456/29/410 435/29/410 436/39/410
f 422/37/408 424/37/456 467/65/411
f 468/64/412 416/37/446 415/37/413
f 359/35/17 385/35/360 386/35/133
f 378/37/17 404/37/377 405/37/414
f 377/35/366 403/35/365 402/35/415
f 360/39/30 386/39/133 387/29/416
f 372/37/17 398/37/381 397/37/417
f 366/35/367 392/35/355 391/35/418
f 371/37/17 397/37/417 401/37/419
f 361/37/17 387/37/416 388/37/420
f 379/37/17 405/37/414 407/37/421
f 367/35/17 393/35/350 394/35/72
f 376/35/17 402/35/415 400/35/349
f 373/35/17 399/35/348 393/35/350
f 382/35/17 408/35/566 406/35/346
f 364/37/17 390/37/364 389/37/422
f 411/39/423 414/29/426 413/29/424
f 417/39/425 416/29/428 414/29/426
f 418/39/427 415/29/432 416/29/428
f 419/39/429 422/29/429 421/29/430
f 420/39/431 421/29/430 415/29/432
f 419/39/429 425/39/433 424/29/433
f 426/39/434 423/29/438 424/29/433
f 428/39/435 429/39/439 430/29/436
f 426/39/434 428/39/435 427/29/437
f 429/39/439 432/39/441 431/29/440
f 432/39/441 434/39/443 433/29/442
f 434/39/443 436/39/444 435/29/444
f 498/37/445 414/37/461 416/37/446
f 430/37/449 431/37/462 506/66/450
f 424/37/456 423/37/459 515/58/457
f 423/37/459 427/37/405 447/52/407
f 512/60/460 413/37/552 414/37/461
f 431/37/462 433/37/402 444/37/404
f 440/39/467 439/29/478 524/29/467
f 531/58/468 524/37/567 439/37/469
f 527/29/470 439/29/469 440/39/133
f 525/67/471 438/39/471 437/29/471
f 437/37/472 522/37/475 529/37/473
f 522/37/475 523/37/477 530/37/476
f 523/37/477 524/37/567 531/58/468
f 438/39/467 519/39/478 522/29/478
f 519/39/478 520/39/478 523/29/478
f 521/39/467 524/29/467 523/29/478
f 504/37/500 446/65/502 407/37/421
f 505/37/501 445/51/503 446/65/502
f 506/66/450 444/37/404 445/51/503
f 387/37/416 510/37/505 500/64/504
f 510/37/505 511/52/507 499/37/506
f 511/52/507 512/60/460 498/37/445
f 513/37/508 449/52/510 401/37/419
f 514/37/509 448/68/511 449/52/510
f 515/58/457 447/52/407 448/68/511
f 465/52/518 513/37/508 397/37/417
f 466/52/519 514/37/509 513/37/508
f 467/65/411 515/58/457 514/37/509
f 450/37/529 504/37/500 405/37/414
f 451/64/530 505/37/501 504/37/500
f 452/62/406 506/66/450 505/37/501
f 388/37/420 500/64/504 470/37/537
f 500/64/504 499/37/506 469/62/538
f 499/37/506 498/37/445 468/64/412
f 390/37/364 470/37/537 471/62/539
f 470/37/537 469/62/538 472/70/540
f 469/62/538 468/64/412 473/51/399
f 464/64/541 465/52/518 398/37/381
f 463/64/542 466/52/519 465/52/518
f 462/64/409 467/65/411 466/52/519
f 458/29/410 459/39/410 410/39/410
f 457/29/410 460/39/410 459/39/410
f 457/29/410 456/29/410 461/39/410
f 395/37/373 455/50/543 464/64/541
f 455/50/543 454/37/544 463/64/542
f 454/37/544 453/37/401 462/64/409
f 449/52/510 450/37/529 404/37/377
f 448/68/511 451/64/530 450/37/529
f 447/52/407 452/62/406 451/64/530
f 446/65/502 458/37/546 409/37/545
f 445/51/503 457/37/547 458/37/546
f 444/37/404 456/37/403 457/37/547
f 389/37/422 471/62/539 455/50/543
f 471/62/539 472/70/540 454/37/544
f 472/70/540 473/51/399 453/37/401
f 530/37/476 531/58/468 512/60/460
f 529/37/473 530/37/476 511/52/507
f 528/52/474 529/37/473 510/37/505
f 386/39/471 525/67/471 528/29/471
f 413/29/552 527/29/470 526/39/30
f 512/60/460 531/58/468 527/37/470
usemtl Material.003
f 164/35/190 264/49/191 282/48/183
f 170/35/195 273/47/189 172/35/188
f 174/35/213 246/46/178 176/35/177
f 160/35/220 254/47/181 249/54/221
f 166/35/182 239/55/223 168/35/214
f 258/46/238 204/35/239 237/47/240
f 194/35/244 251/49/228 252/57/245
f 243/35/253 212/35/254 248/35/255
f 199/29/263 198/39/264 197/29/265
f 216/35/285 300/45/286 293/35/287
f 242/59/252 208/35/288 275/35/289
f 198/35/294 284/45/295 266/47/227
f 265/35/324 282/48/183 264/49/191
f 266/47/227 283/48/317 265/35/324
f 240/53/215 274/57/320 273/47/189
f 241/47/327 275/35/289 274/57/320
f 245/47/187 247/48/314 246/46/178
f 244/35/319 248/35/255 247/48/314
f 253/57/316 249/54/221 254/47/181
f 252/57/245 250/35/332 253/57/316
f 260/49/184 238/54/328 239/55/223
f 259/59/318 237/47/240 238/54/328
f 291/45/334 190/35/335 188/35/335
f 292/35/336 302/35/337 291/45/334
f 293/35/287 301/35/338 292/35/336
f 495/59/384 429/35/385 494/57/386
f 420/35/387 488/35/388 489/35/389
f 417/35/396 443/35/397 474/48/398
f 494/57/386 428/35/451 509/55/452
f 418/35/458 474/48/398 488/35/388
f 509/55/452 426/35/465 480/63/393
f 402/35/491 482/63/492 400/35/493
f 507/35/494 481/63/495 482/63/492
f 508/35/496 480/63/393 481/63/495
f 486/35/512 391/35/513 392/35/514
f 487/35/515 476/54/516 486/35/512
f 488/35/388 475/49/517 487/35/515
f 403/35/526 507/35/494 402/35/491
f 492/47/527 508/35/496 507/35/494
f 493/47/528 509/55/452 508/35/496
f 476/54/516 385/35/533 391/35/513
f 475/49/517 441/35/531 476/54/516
f 474/48/398 442/35/534 475/49/517
f 491/59/498 392/35/514 394/35/497
f 490/35/499 486/35/512 491/59/498
f 489/35/389 487/35/515 490/35/499
f 406/35/481 492/47/527 403/35/526
f 497/35/480 493/47/528 492/47/527
f 496/45/483 494/57/386 493/47/528
f 164/35/190 162/35/225 264/49/191
f 170/35/195 240/53/215 273/47/189
f 174/35/213 245/47/187 246/46/178
f 160/35/220 158/35/179 254/47/181
f 166/35/182 260/49/184 239/55/223
f 258/46/238 202/35/298 204/35/239
f 194/35/244 196/35/226 251/49/228
f 243/35/253 210/35/297 212/35/254
f 199/29/263 200/39/267 198/39/264
f 216/35/285 218/35/285 300/45/286
f 242/59/252 206/35/251 208/35/288
f 198/35/294 200/35/563 284/45/295
f 265/35/324 283/48/317 282/48/183
f 266/47/227 284/45/295 283/48/317
f 240/53/215 241/47/327 274/57/320
f 241/47/327 242/59/252 275/35/289
f 245/47/187 244/35/319 247/48/314
f 244/35/319 243/35/253 248/35/255
f 253/57/316 250/35/332 249/54/221
f 252/57/245 251/49/228 250/35/332
f 260/49/184 259/59/318 238/54/328
f 259/59/318 258/46/238 237/47/240
f 291/45/334 302/35/337 190/35/335
f 292/35/336 301/35/338 302/35/337
f 293/35/287 300/45/286 301/35/338
f 495/59/384 432/35/466 429/35/385
f 420/35/387 418/35/458 488/35/388
f 417/35/396 411/35/447 443/35/397
f 494/57/386 429/35/385 428/35/451
f 418/35/458 417/35/396 474/48/398
f 509/55/452 428/35/451 426/35/465
f 402/35/491 507/35/494 482/63/492
f 507/35/494 508/35/496 481/63/495
f 508/35/496 509/55/452 480/63/393
f 486/35/512 476/54/516 391/35/513
f 487/35/515 475/49/517 476/54/516
f 488/35/388 474/48/398 475/49/517
f 403/35/526 492/47/527 507/35/494
f 492/47/527 493/47/528 508/35/496
f 493/47/528 494/57/386 509/55/452
f 476/54/516 441/35/531 385/35/533
f 475/49/517 442/35/534 441/35/531
f 474/48/398 443/35/397 442/35/534
f 491/59/498 486/35/512 392/35/514
f 490/35/499 487/35/515 486/35/512
f 489/35/389 488/35/388 487/35/515
f 406/35/481 497/35/480 492/47/527
f 497/35/480 496/45/483 493/47/528
f 496/45/483 495/59/384 494/57/386
usemtl Material.004
f 146/32/15 27/33/16 132/34/17
f 26/35/18 35/33/19 27/33/16
f 31/33/25 150/32/26 148/34/27
f 39/33/32 46/35/33 38/35/34
f 31/33/25 38/35/34 30/35/42
f 34/35/49 43/33/50 35/33/19
f 47/33/53 54/35/60 46/35/33
f 42/35/61 51/33/57 43/33/50
f 58/35/68 67/33/69 59/33/70
f 55/33/59 62/35/74 54/35/60
f 50/35/76 59/33/70 51/33/57
f 71/33/80 78/35/81 70/35/82
f 63/33/58 70/35/82 62/35/74
f 66/35/95 75/33/96 67/33/69
f 79/33/98 86/35/103 78/35/81
f 74/35/104 83/33/99 75/33/96
f 90/35/107 99/33/108 91/33/109
f 103/33/113 94/35/114 95/33/100
f 87/33/101 94/35/114 86/35/103
f 82/35/119 91/33/109 83/33/99
f 111/33/120 102/35/121 103/33/113
f 98/35/134 107/33/131 99/33/108
f 114/35/141 123/33/142 115/33/137
f 119/33/132 110/35/143 111/33/120
f 106/35/145 115/33/137 107/33/131
f 127/33/138 118/35/152 119/33/132
f 136/33/162 143/35/163 135/35/164
f 122/35/168 140/33/169 123/33/142
f 227/45/176 176/35/177 246/46/178
f 158/35/179 285/47/180 254/47/181
f 166/35/182 282/48/183 260/49/184
f 245/47/187 172/35/188 273/47/189
f 168/35/214 240/53/215 170/35/195
f 162/35/225 249/54/221 264/49/191
f 196/35/226 266/47/227 251/49/228
f 237/47/240 206/35/251 242/59/252
f 275/35/289 210/35/297 243/35/253
f 284/45/295 202/35/298 258/46/238
f 192/35/299 252/57/245 287/35/300
f 248/35/255 213/35/301 225/35/302
f 246/46/178 226/35/313 227/45/176
f 247/48/314 225/35/302 226/35/313
f 286/35/315 254/47/181 285/47/180
f 287/35/300 253/57/316 286/35/315
f 283/48/317 260/49/184 282/48/183
f 283/48/317 258/46/238 259/59/318
f 273/47/189 244/35/319 245/47/187
f 274/57/320 243/35/253 244/35/319
f 239/55/223 241/47/327 240/53/215
f 238/54/328 242/59/252 241/47/327
f 250/35/332 264/49/191 249/54/221
f 251/49/228 265/35/324 250/35/332
f 461/35/390 434/35/391 485/35/392
f 480/63/393 425/35/394 479/47/395
f 411/35/447 503/48/448 443/35/397
f 534/35/453 438/35/454 525/35/455
f 419/35/463 489/35/389 516/35/464
f 479/47/395 419/35/463 516/35/464
f 485/35/392 432/35/466 495/59/384
f 408/35/479 497/35/480 406/35/481
f 483/35/482 496/45/483 497/35/480
f 484/48/484 495/59/384 496/45/483
f 399/35/485 518/35/486 393/35/487
f 477/35/488 517/35/489 518/35/486
f 478/35/490 516/35/464 517/35/489
f 518/35/486 394/35/497 393/35/487
f 517/35/489 491/59/498 518/35/486
f 516/35/464 490/35/499 517/35/489
f 526/35/520 521/35/521 532/59/522
f 532/59/522 520/35/523 533/69/524
f 533/69/524 519/35/525 534/35/453
f 441/35/531 386/35/532 385/35/533
f 442/35/534 501/45/535 441/35/531
f 443/35/397 502/49/536 442/35/534
f 400/35/493 477/35/488 399/35/485
f 482/63/492 478/35/490 477/35/488
f 481/63/495 479/47/395 478/35/490
f 410/35/548 483/35/482 408/35/479
f 459/35/549 484/48/484 483/35/482
f 460/35/550 485/35/392 484/48/484
f 502/49/536 534/35/453 501/45/535
f 503/48/448 533/69/524 502/49/536
f 412/35/551 532/59/522 503/48/448
f 501/45/535 525/35/455 386/35/532
f 146/32/15 26/35/18 27/33/16
f 26/35/18 34/35/49 35/33/19
f 31/33/25 30/35/42 150/32/26
f 39/33/32 47/33/53 46/35/33
f 31/33/25 39/33/32 38/35/34
f 34/35/49 42/35/61 43/33/50
f 47/33/53 55/33/59 54/35/60
f 42/35/61 50/35/76 51/33/57
f 58/35/68 66/35/95 67/33/69
f 55/33/59 63/33/58 62/35/74
f 50/35/76 58/35/68 59/33/70
f 71/33/80 79/33/98 78/35/81
f 63/33/58 71/33/80 70/35/82
f 66/35/95 74/35/104 75/33/96
f 79/33/98 87/33/101 86/35/103
f 74/35/104 82/35/119 83/33/99
f 90/35/107 98/35/134 99/33/108
f 103/33/113 102/35/121 94/35/114
f 87/33/101 95/33/100 94/35/114
f 82/35/119 90/35/107 91/33/109
f 111/33/120 110/35/143 102/35/121
f 98/35/134 106/35/145 107/33/131
f 114/35/141 122/35/168 123/33/142
f 119/33/132 118/35/152 110/35/143
f 106/35/145 114/35/141 115/33/137
f 127/33/138 126/35/555 118/35/152
f 136/33/162 144/33/167 143/35/163
f 122/35/168 139/35/557 140/33/169
f 227/45/176 177/35/558 176/35/177
f 158/35/179 156/35/559 285/47/180
f 166/35/182 164/35/190 282/48/183
f 245/47/187 174/35/213 172/35/188
f 168/35/214 239/55/223 240/53/215
f 162/35/225 160/35/220 249/54/221
f 196/35/226 198/35/294 266/47/227
f 237/47/240 204/35/239 206/35/251
f 275/35/289 208/35/288 210/35/297
f 284/45/295 200/35/563 202/35/298
f 192/35/299 194/35/244 252/57/245
f 248/35/255 212/35/254 213/35/301
f 246/46/178 247/48/314 226/35/313
f 247/48/314 248/35/255 225/35/302
f 286/35/315 253/57/316 254/47/181
f 287/35/300 252/57/245 253/57/316
f 283/48/317 259/59/318 260/49/184
f 283/48/317 284/45/295 258/46/238
f 273/47/189 274/57/320 244/35/319
f 274/57/320 275/35/289 243/35/253
f 239/55/223 238/54/328 241/47/327
f 238/54/328 237/47/240 242/59/252
f 250/35/332 265/35/324 264/49/191
f 251/49/228 266/47/227 265/35/324
f 461/35/390 436/35/564 434/35/391
f 480/63/393 426/35/465 425/35/394
f 411/35/447 412/35/551 503/48/448
f 534/35/453 519/35/525 438/35/454
f 419/35/463 420/35/387 489/35/389
f 479/47/395 425/35/394 419/35/463
f 485/35/392 434/35/391 432/35/466
f 408/35/479 483/35/482 497/35/480
f 483/35/482 484/48/484 496/45/483
f 484/48/484 485/35/392 495/59/384
f 399/35/485 477/35/488 518/35/486
f 477/35/488 478/35/490 517/35/489
f 478/35/490 479/47/395 516/35/464
f 518/35/486 491/59/498 394/35/497
f 517/35/489 490/35/499 491/59/498
f 516/35/464 489/35/389 490/35/499
f 526/35/520 440/35/17 521/35/521
f 532/59/522 521/35/521 520/35/523
f 533/69/524 520/35/523 519/35/525
f 441/35/531 501/45/535 386/35/532
f 442/35/534 502/49/536 501/45/535
f 443/35/397 503/48/448 502/49/536
f 400/35/493 482/63/492 477/35/488
f 482/63/492 481/63/495 478/35/490
f 481/63/495 480/63/393 479/47/395
f 410/35/548 459/35/549 483/35/482
f 459/35/549 460/35/550 484/48/484
f 460/35/550 461/35/390 485/35/392
f 502/49/536 533/69/524 534/35/453
f 503/48/448 532/59/522 533/69/524
f 412/35/551 526/35/520 532/59/522
f 501/45/535 534/35/453 525/35/455
o Cube.005
v -70.017784 74.257904 1.863247
v -70.017784 74.257904 2.065775
v -70.649956 52.902649 1.863249
v -70.649948 74.257904 2.065775
v -70.017784 52.902649 1.863249
v -70.017784 52.902649 2.065776
v -70.649956 52.902649 2.065776
v -70.649948 74.257904 1.863247
v -84.155373 74.257912 1.863247
v -84.155373 74.257912 2.065774
v -83.523209 52.902653 1.863248
v -83.523201 74.257912 2.065774
v -84.155373 52.902653 1.863248
v -84.155373 52.902653 2.065776
v -83.523209 52.902653 2.065776
v -83.523201 74.257912 1.863247
vn -0.0000 -0.0000 -1.0000
vn -0.0000 -1.0000 -0.0000
vn 1.0000 -0.0000 -0.0000
vn -0.0000 -0.0000 1.0000
vn -0.0000 1.0000 -0.0000
vn -1.0000 -0.0000 -0.0000
vt 0.375000 0.738821
vt 0.125000 0.738821
vt 0.375000 0.750000
vt 0.625000 0.738821
vt 0.375000 1.000000
vt 0.625000 0.750000
vt 0.125000 0.750000
vt 0.875000 0.738821
vt 0.625000 0.011179
vt 0.375000 0.011179
vt 0.625000 0.000000
vt 0.375000 0.000000
vt 0.625000 1.000000
vt 0.875000 0.750000
s 1
usemtl Material.001
f 537/71/568 550/72/568 542/72/568
f 539/73/569 541/74/569 537/71/569
f 535/75/570 540/76/570 539/73/570
f 535/77/568 537/71/568 542/72/568
f 546/79/572 542/80/572 550/80/572
f 542/80/572 536/81/572 535/82/572
f 541/74/569 545/71/569 537/71/569
f 549/74/569 547/73/569 545/71/569
f 548/76/573 543/75/573 547/73/573
f 545/71/568 543/77/568 550/72/568
f 544/81/572 550/80/572 543/82/572
f 538/78/571 549/74/571 541/74/571
f 537/71/568 545/71/568 550/72/568
f 539/73/569 540/76/569 541/74/569
f 535/75/570 536/83/570 540/76/570
f 535/77/568 539/73/568 537/71/568
f 546/79/572 538/79/572 542/80/572
f 542/80/572 538/79/572 536/81/572
f 541/74/569 549/74/569 545/71/569
f 549/74/569 548/76/569 547/73/569
f 548/76/573 544/83/573 543/75/573
f 545/71/568 547/73/568 543/77/568
f 544/81/572 546/79/572 550/80/572
f 538/78/571 546/78/571 549/74/571
usemtl Material.002
f 540/76/571 538/78/571 541/74/571
f 546/78/571 548/76/571 549/74/571
f 540/76/571 536/84/571 538/78/571
f 546/78/571 544/84/571 548/76/571
o Cube.006
v -117.254807 43.104679 1.863247
v -117.254807 43.104679 2.065774
v -95.899551 42.472519 1.863247
v -117.254807 42.472511 2.065774
v -95.899551 43.104687 1.863247
v -95.899551 43.104687 2.065774
v -95.899551 42.472519 2.065774
v -117.254807 42.472511 1.863247
v -117.254807 28.967091 1.863249
v -117.254807 28.967091 2.065776
v -95.899551 29.599266 1.863249
v -117.254807 29.599258 2.065776
v -95.899551 28.967098 1.863249
v -95.899551 28.967098 2.065776
v -95.899551 29.599266 2.065776
v -117.254807 29.599258 1.863249
vn -0.0000 -0.0000 -1.0000
vn 1.0000 -0.0000 -0.0000
vn -0.0000 1.0000 -0.0000
vn -0.0000 -0.0000 1.0000
vn -1.0000 -0.0000 -0.0000
vn -0.0000 -1.0000 -0.0000
vt 0.125000 0.738821
vt 0.375000 0.738821
vt 0.375000 0.750000
vt 0.625000 0.738821
vt 0.375000 1.000000
vt 0.625000 0.750000
vt 0.125000 0.750000
vt 0.875000 0.738821
vt 0.625000 0.011179
vt 0.375000 0.011179
vt 0.625000 0.000000
vt 0.375000 0.000000
vt 0.625000 1.000000
vt 0.875000 0.750000
s 1
usemtl Material.001
f 558/85/574 561/86/574 566/85/574
f 555/87/575 557/88/575 553/86/575
f 551/89/576 556/90/576 555/87/576
f 551/91/574 553/86/574 558/85/574
f 562/93/578 558/94/578 566/94/578
f 558/94/578 552/95/578 551/96/578
f 557/88/575 561/86/575 553/86/575
f 565/88/575 563/87/575 561/86/575
f 564/90/579 559/89/579 563/87/579
f 561/86/574 559/91/574 566/85/574
f 560/95/578 566/94/578 559/96/578
f 554/92/577 565/88/577 557/88/577
f 558/85/574 553/86/574 561/86/574
f 555/87/575 556/90/575 557/88/575
f 551/89/576 552/97/576 556/90/576
f 551/91/574 555/87/574 553/86/574
f 562/93/578 554/93/578 558/94/578
f 558/94/578 554/93/578 552/95/578
f 557/88/575 565/88/575 561/86/575
f 565/88/575 564/90/575 563/87/575
f 564/90/579 560/97/579 559/89/579
f 561/86/574 563/87/574 559/91/574
f 560/95/578 562/93/578 566/94/578
f 554/92/577 562/92/577 565/88/577
usemtl Material.002
f 556/90/577 554/92/577 557/88/577
f 562/92/577 564/90/577 565/88/577
f 556/90/577 552/98/577 554/92/577
f 562/92/577 560/98/577 564/90/577
o Cube.007
v -124.064476 43.108910 1.967206
v -124.064537 43.108795 2.170554
v -124.062813 42.482700 2.066077
v -124.062805 42.482716 1.863457
v -124.062805 28.977299 2.047280
v -124.062805 28.977299 2.249808
v -124.062805 29.609467 2.073243
v -124.062805 29.609467 1.870715
v -126.553772 42.946770 1.967206
v -126.553833 42.946651 2.170554
v -126.469681 42.325974 2.065774
v -126.469681 42.325974 1.863247
v -124.708595 28.935871 2.016791
v -124.708595 28.935871 2.219318
v -124.791031 29.562641 2.066841
v -124.791031 29.562641 1.864313
v -129.000687 42.461414 1.967206
v -129.000748 42.461296 2.170554
v -128.835556 41.856720 2.065774
v -128.835556 41.856720 1.863247
v -125.343468 28.810587 1.987719
v -125.343468 28.810587 2.190246
v -125.506920 29.421257 2.065776
v -125.506920 29.421257 1.863248
v -131.363403 41.661133 1.967206
v -131.363464 41.661015 2.170554
v -131.120041 41.082966 2.065774
v -131.120041 41.082966 1.863247
v -125.956573 28.603588 1.976063
v -125.956573 28.603588 2.178590
v -126.198273 29.187729 2.065776
v -126.198273 29.187729 1.863248
v -133.601593 40.559586 1.967206
v -133.601654 40.559471 2.170554
v -133.284134 40.017925 2.065774
v -133.284134 40.017925 1.863247
v -126.537468 28.318407 1.976063
v -126.537468 28.318407 2.178591
v -126.853264 28.866043 2.065776
v -126.853264 28.866043 1.863249
v -135.677032 39.175591 1.967207
v -135.677094 39.175472 2.170555
v -135.290863 38.679787 2.065775
v -135.290863 38.679787 1.863247
v -127.076202 27.959915 1.976063
v -127.076202 27.959915 2.178591
v -127.460724 28.461695 2.065776
v -127.460724 28.461695 1.863249
v -137.554291 37.532780 1.967207
v -137.554352 37.532661 2.170555
v -137.105972 37.091400 2.065775
v -137.105972 37.091400 1.863247
v -127.563599 27.534231 1.976063
v -127.563599 27.534231 2.178591
v -128.010254 27.981588 2.065776
v -128.010254 27.981588 1.863249
v -139.201294 35.659206 1.967207
v -139.201355 35.659088 2.170555
v -138.698456 35.279888 2.065775
v -138.698456 35.279888 1.863248
v -127.991318 27.048630 1.976063
v -127.991318 27.048630 2.178591
v -128.492508 27.433922 2.065776
v -128.492508 27.433922 1.863249
v -140.589920 33.586861 1.967207
v -140.589996 33.586742 2.170555
v -140.041122 33.276184 2.065775
v -140.041122 33.276184 1.863248
v -128.352066 26.511398 1.976063
v -128.352066 26.511398 2.178591
v -128.899216 26.828049 2.065777
v -128.899216 26.828049 1.863249
v -141.696472 31.351137 1.967208
v -141.696533 31.351019 2.170556
v -141.111038 31.114513 2.065776
v -141.111038 31.114513 1.863248
v -128.639679 25.931713 1.988867
v -128.639679 25.931713 2.191395
v -129.223450 26.174313 2.065777
v -129.223450 26.174313 1.863249
v -142.502029 28.990210 1.967208
v -142.502090 28.990091 2.170556
v -141.889954 28.831779 2.065776
v -141.889954 28.831779 1.863248
v -128.849258 25.319475 2.018016
v -128.849258 25.319475 2.220544
v -129.459671 25.483879 2.066982
v -129.459671 25.483879 1.864454
v -142.992859 26.544399 1.967209
v -142.992920 26.544281 2.170556
v -142.364563 26.466942 2.066168
v -142.364548 26.466957 1.863522
v -128.977203 24.685135 2.048541
v -128.977203 24.685135 2.251069
v -129.603851 24.768538 2.073637
v -129.603851 24.768538 1.871109
v -143.160553 24.055470 1.967209
v -143.160614 24.055351 2.170557
v -142.526764 24.060337 2.067788
v -142.526749 24.060377 1.864972
v -129.021332 24.039528 2.079350
v -129.021332 24.039528 2.281878
v -129.653503 24.040504 2.086591
v -129.653503 24.040504 1.884063
v -142.526749 24.060377 1.864972
v -143.160553 24.055470 1.967209
v -117.248230 42.482719 1.863247
v -117.248230 42.482719 2.065774
v -129.653503 24.040504 1.884063
v -129.021332 24.039528 2.079350
v -129.021332 24.039528 2.281878
v -129.653503 24.040504 2.086591
v -142.534378 19.129740 1.863250
v -143.166534 19.130722 1.863250
v -143.166534 19.130722 2.065778
v -142.534378 19.129740 2.065778
v -129.661148 19.109783 1.863250
v -129.028992 19.108805 1.863250
v -129.028992 19.108805 2.065778
v -129.661148 19.109783 2.065778
v -117.248230 43.114891 1.863246
v -117.248230 43.114891 2.065774
v -117.248222 29.609470 1.863248
v -117.248222 29.609470 2.065776
v -117.248222 28.977301 1.863249
v -117.248222 28.977301 2.065776
v -124.064476 43.108910 1.967206
v -124.064537 43.108795 2.170554
v -126.553772 42.946770 1.967206
v -126.553833 42.946651 2.170554
v -126.553772 42.946770 1.967206
v -126.553833 42.946651 2.170554
v -129.000687 42.461414 1.967206
v -129.000748 42.461296 2.170554
v -131.363403 41.661133 1.967206
v -131.363464 41.661015 2.170554
v -133.601593 40.559586 1.967206
v -133.601654 40.559471 2.170554
v -135.677032 39.175591 1.967207
v -135.677094 39.175472 2.170555
v -137.554291 37.532780 1.967207
v -137.554352 37.532661 2.170555
v -139.201294 35.659206 1.967207
v -139.201355 35.659088 2.170555
v -140.589920 33.586861 1.967207
v -140.589996 33.586742 2.170555
v -141.696472 31.351137 1.967208
v -141.696533 31.351019 2.170556
v -142.502029 28.990210 1.967208
v -142.502090 28.990091 2.170556
v -142.992859 26.544399 1.967209
v -142.992920 26.544281 2.170556
v -143.160614 24.055351 2.170557
v -143.160553 24.055470 1.967209
v -124.064476 43.108910 1.967206
v -124.064537 43.108795 2.170554
v -126.553772 42.946770 1.967206
v -126.553833 42.946651 2.170554
v -124.064476 43.108910 1.967206
v -124.064537 43.108795 2.170554
v -126.553772 42.946770 1.967206
v -126.553833 42.946651 2.170554
v -124.064476 43.108910 1.967206
v -124.064537 43.108795 2.170554
v -126.553772 42.946770 1.967206
v -126.553833 42.946651 2.170554
v -127.848663 44.434479 1.966890
v -127.848724 44.434361 2.170235
v -130.295563 43.949123 1.966890
v -130.295624 43.949005 2.170235
v -132.658295 43.148838 1.966890
v -132.658356 43.148720 2.170235
v -134.896484 42.047295 1.966890
v -134.896545 42.047176 2.170235
v -136.971924 40.663300 1.966890
v -136.971985 40.663181 2.170235
v -138.849182 39.020485 1.966890
v -138.849243 39.020370 2.170235
v -140.496185 37.146912 1.966891
v -140.496246 37.146793 2.170236
v -141.884811 35.074566 1.966891
v -141.884888 35.074448 2.170236
v -142.991364 32.838844 1.966891
v -142.991425 32.838726 2.170236
v -143.796921 30.477917 1.966892
v -143.796997 30.477798 2.170237
v -144.287750 28.032106 1.966892
v -144.287811 28.031988 2.170237
v -144.455505 25.543056 2.170237
v -144.455444 25.543175 1.966893
v -125.359360 44.596619 1.966890
v -125.359421 44.596500 2.170235
v -127.848663 44.434479 1.966890
v -127.848724 44.434361 2.170235
v -140.175217 36.765396 2.129722
v -139.852905 36.388519 2.214247
v -139.527771 36.021553 2.129825
v -137.880768 37.895126 2.129825
v -138.205902 38.262096 2.214247
v -138.528214 38.638973 2.129722
v -144.134491 25.161663 2.332252
v -143.812180 24.784784 2.416777
v -143.487030 24.417816 2.332355
v -143.487030 24.417816 2.129827
v -143.812180 24.784784 2.214249
v -144.134491 25.161663 2.129724
v -132.337326 42.767326 2.129722
v -132.015015 42.390446 2.214247
v -131.689880 42.023479 2.129825
v -129.327164 42.823765 2.129825
v -129.652298 43.190731 2.214247
v -129.974609 43.567608 2.129722
v -140.175217 36.765396 2.332250
v -139.852905 36.388519 2.416775
v -139.527771 36.021553 2.332353
v -140.916397 33.949207 2.332354
v -141.241547 34.316177 2.416775
v -141.563858 34.693054 2.332250
v -143.475952 30.096403 2.332251
v -143.153641 29.719526 2.416776
v -142.828506 29.352558 2.332354
v -143.319336 26.906746 2.332355
v -143.644470 27.273714 2.416777
v -143.966782 27.650593 2.332251
v -131.689880 42.023479 2.332352
v -132.015015 42.390446 2.416774
v -132.337326 42.767326 2.332249
v -129.974609 43.567608 2.332249
v -129.652298 43.190731 2.416774
v -129.327148 42.823765 2.332352
v -143.319336 26.906746 2.129827
v -143.644470 27.273714 2.214249
v -143.966782 27.650593 2.129723
v -138.528214 38.638973 2.332249
v -138.205902 38.262096 2.416775
v -137.880768 37.895126 2.332353
v -134.575516 41.665779 2.129722
v -134.253204 41.288902 2.214247
v -133.928070 40.921936 2.129825
v -133.928070 40.921936 2.332353
v -134.253204 41.288902 2.416774
v -134.575516 41.665779 2.332249
v -142.022949 31.713484 2.129826
v -142.348083 32.080452 2.214248
v -142.670395 32.457329 2.129723
v -143.475952 30.096403 2.129723
v -143.153641 29.719526 2.214248
v -142.828506 29.352558 2.129826
v -142.022949 31.713484 2.332354
v -142.348083 32.080452 2.416776
v -142.670395 32.457329 2.332251
v -136.003510 39.537941 2.129825
v -136.328659 39.904907 2.214247
v -136.650970 40.281784 2.129721
v -140.916397 33.949207 2.129826
v -141.241547 34.316174 2.214248
v -141.563858 34.693054 2.129722
v -136.003510 39.537941 2.332353
v -136.328659 39.904907 2.416775
v -136.650970 40.281784 2.332249
v -126.880249 43.309120 2.332352
v -127.205399 43.676086 2.416774
v -127.527702 44.052963 2.332249
v -127.527702 44.052963 2.129722
v -127.205391 43.676086 2.214246
v -126.880249 43.309120 2.129825
v -124.390945 43.471260 2.332352
v -124.716095 43.838226 2.416774
v -125.038399 44.215103 2.332249
v -125.038399 44.215103 2.129722
v -124.716095 43.838226 2.214247
v -124.390945 43.471260 2.129824
v -126.880249 43.309120 2.129825
v -127.205399 43.676086 2.214246
v -127.527702 44.052963 2.129722
v -127.527702 44.052963 2.332249
v -127.205391 43.676086 2.416774
v -126.880249 43.309120 2.332352
v -124.062805 28.977299 2.249808
v -124.708595 28.935871 2.219318
v -125.343468 28.810587 2.190246
v -125.956573 28.603588 2.178590
v -126.537468 28.318407 2.178591
v -127.076202 27.959915 2.178591
v -127.563599 27.534231 2.178591
v -127.991318 27.048630 2.178591
v -128.352066 26.511398 2.178591
v -128.639679 25.931713 2.191395
v -128.849258 25.319475 2.220544
v -128.977203 24.685135 2.251069
v -129.021332 24.039528 2.281878
v -129.021332 24.039528 2.281878
v -124.062805 28.977299 2.249808
v -124.708595 28.935871 2.219318
v -125.343468 28.810587 2.190246
v -125.956573 28.603588 2.178590
v -126.537468 28.318407 2.178591
v -127.076202 27.959915 2.178591
v -127.563599 27.534231 2.178591
v -127.991318 27.048630 2.178591
v -128.352066 26.511398 2.178591
v -128.639679 25.931713 2.191395
v -128.849258 25.319475 2.220544
v -128.977203 24.685135 2.251069
v -129.021332 24.039528 2.281878
v -129.021332 24.039528 2.281878
v -124.062805 28.977299 2.249808
v -124.708595 28.935871 2.219318
v -125.343468 28.810587 2.190246
v -125.956573 28.603588 2.178590
v -126.537468 28.318407 2.178591
v -127.076202 27.959915 2.178591
v -127.563599 27.534231 2.178591
v -127.991318 27.048630 2.178591
v -128.352066 26.511398 2.178591
v -128.639679 25.931713 2.191395
v -128.849258 25.319475 2.220544
v -128.977203 24.685135 2.251069
v -129.021332 24.039528 2.281878
v -129.021332 24.039528 2.281878
v -124.062805 28.977299 2.249808
v -124.708595 28.935871 2.219318
v -125.343468 28.810587 2.190246
v -125.956573 28.603588 2.178590
v -126.537468 28.318407 2.178591
v -127.076202 27.959915 2.178591
v -127.563599 27.534231 2.178591
v -127.991318 27.048630 2.178591
v -128.352066 26.511398 2.178591
v -128.639679 25.931713 2.191395
v -128.849258 25.319475 2.220544
v -128.977203 24.685135 2.251069
v -129.021332 24.039528 2.281878
v -129.021332 24.039528 2.281878
v -124.708595 28.935871 2.219318
v -124.062805 28.977299 2.249808
v -124.062805 28.977299 2.047280
v -124.708595 28.935871 2.016791
v -125.956573 28.603588 1.976063
v -125.343468 28.810587 1.987719
v -125.343468 28.810587 2.190246
v -125.956573 28.603588 2.178590
v -127.076202 27.959915 2.178591
v -126.537468 28.318407 2.178591
v -126.537468 28.318407 1.976063
v -127.076202 27.959915 1.976063
v -127.991318 27.048630 1.976063
v -127.563599 27.534231 1.976063
v -127.563599 27.534231 2.178591
v -127.991318 27.048630 2.178591
v -128.352066 26.511398 1.976063
v -128.352066 26.511398 2.178591
v -128.639679 25.931713 2.191395
v -128.639679 25.931713 1.988867
v -128.849258 25.319475 2.018016
v -128.849258 25.319475 2.220544
v -128.977203 24.685135 2.048541
v -128.977203 24.685135 2.251069
v -129.021332 24.039528 2.079350
v -129.021332 24.039528 2.281878
v -124.708595 28.935871 2.219318
v -124.062805 28.977299 2.249808
v -124.062805 28.977299 2.047280
v -124.708595 28.935871 2.016791
v -125.956573 28.603588 1.976063
v -125.343468 28.810587 1.987719
v -125.343468 28.810587 2.190246
v -125.956573 28.603588 2.178590
v -127.076202 27.959915 2.178591
v -126.537468 28.318407 2.178591
v -126.537468 28.318407 1.976063
v -127.076202 27.959915 1.976063
v -127.991318 27.048630 1.976063
v -127.563599 27.534231 1.976063
v -127.563599 27.534231 2.178591
v -127.991318 27.048630 2.178591
v -128.352066 26.511398 1.976063
v -128.352066 26.511398 2.178591
v -128.639679 25.931713 2.191395
v -128.639679 25.931713 1.988867
v -128.849258 25.319475 2.018016
v -128.849258 25.319475 2.220544
v -128.977203 24.685135 2.048541
v -128.977203 24.685135 2.251069
v -129.021332 22.560308 2.097715
v -129.021332 22.560308 2.300242
v -123.415161 27.446922 2.249808
v -122.769371 27.488350 2.264935
v -122.769371 27.488350 2.062407
v -123.415161 27.446922 2.047280
v -124.663147 27.114639 1.987719
v -124.050034 27.321638 2.016791
v -124.050034 27.321638 2.219319
v -124.663147 27.114639 2.190247
v -125.782768 26.470964 2.178590
v -125.244034 26.829456 2.178591
v -125.244034 26.829456 1.976063
v -125.782768 26.470964 1.976063
v -126.697891 25.559681 1.976063
v -126.270164 26.045284 1.976063
v -126.270164 26.045284 2.178591
v -126.697891 25.559681 2.178591
v -127.058640 25.022449 1.988867
v -127.058640 25.022449 2.191395
v -127.346252 24.442764 2.220544
v -127.346252 24.442764 2.018016
v -127.555824 23.830524 2.048541
v -127.555824 23.830524 2.251069
v -127.683769 23.196186 2.086047
v -127.683769 23.196186 2.288575
v -127.727905 22.550577 2.097714
v -127.727905 22.550577 2.300242
v -122.760361 28.977299 2.076255
v -122.760361 28.977299 2.241289
v -122.769371 27.488350 2.062407
v -122.769371 27.488350 2.264935
v -124.385239 28.563633 2.352306
v -124.061874 28.191397 2.442729
v -123.738518 27.819159 2.352306
v -128.007126 23.568422 2.149779
v -128.330490 23.940662 2.240201
v -128.653839 24.312897 2.149779
v -127.381996 25.394688 2.149778
v -127.705353 25.766924 2.240201
v -128.028717 26.139160 2.149779
v -128.316330 25.559475 2.149779
v -127.992966 25.187239 2.240201
v -127.669609 24.815002 2.149779
v -125.567390 27.201694 2.149778
v -125.890747 27.573933 2.240201
v -126.214104 27.946171 2.149778
v -128.051270 22.553009 2.197701
v -128.374619 22.555443 2.240202
v -128.697983 22.557877 2.197701
v -128.697983 22.557877 2.400229
v -128.374619 22.555443 2.442730
v -128.051270 22.553009 2.400228
v -126.106133 26.843203 2.149778
v -126.429489 27.215441 2.240201
v -126.752846 27.587677 2.149779
v -127.240242 27.161995 2.149778
v -126.916885 26.789757 2.240201
v -126.593521 26.417519 2.149778
v -124.373390 27.693874 2.149778
v -124.696747 28.066113 2.240201
v -125.020103 28.438349 2.149778
v -125.633217 28.231350 2.149778
v -125.309860 27.859112 2.240201
v -124.986504 27.486876 2.149778
v -124.373390 27.693874 2.352306
v -124.696747 28.066113 2.442729
v -125.020103 28.438349 2.352306
v -127.240242 27.161995 2.352306
v -126.916885 26.789757 2.442729
v -126.593521 26.417519 2.352306
v -127.021248 25.931917 2.352306
v -127.344604 26.304153 2.442729
v -127.667961 26.676392 2.352306
v -128.653839 24.312897 2.352307
v -128.330490 23.940660 2.442729
v -128.007126 23.568422 2.352307
v -125.633217 28.231350 2.352306
v -125.309860 27.859112 2.442729
v -124.986504 27.486876 2.352306
v -125.567390 27.201694 2.352306
v -125.890747 27.573933 2.442729
v -126.214104 27.946171 2.352306
v -128.316330 25.559475 2.352307
v -127.992966 25.187239 2.442729
v -127.669609 24.815002 2.352306
v -127.879181 24.202763 2.352306
v -128.202545 24.575001 2.442729
v -128.525894 24.947237 2.352307
v -123.738518 27.819159 2.149778
v -124.061874 28.191397 2.240201
v -124.385239 28.563633 2.149778
v -123.739449 28.605061 2.352306
v -123.416092 28.232824 2.442729
v -123.092735 27.860586 2.352306
v -128.525894 24.947237 2.149779
v -128.202545 24.575001 2.240201
v -127.879181 24.202761 2.149778
v -128.028717 26.139160 2.352306
v -127.705353 25.766922 2.442729
v -127.381996 25.394686 2.352306
v -123.739449 28.605061 2.149778
v -123.416092 28.232824 2.240201
v -123.092735 27.860586 2.149778
v -127.667961 26.676392 2.149779
v -127.344604 26.304153 2.240201
v -127.021248 25.931917 2.149778
v -126.106133 26.843203 2.352306
v -126.429489 27.215441 2.442729
v -126.752846 27.587677 2.352306
v -122.762619 28.605061 2.387786
v -122.764870 28.232824 2.442729
v -122.767120 27.860586 2.387786
v -122.762619 28.605061 2.185259
v -122.764870 28.232824 2.240201
v -122.767120 27.860586 2.185259
v -123.411583 28.977299 2.241396
v -122.769371 27.488350 2.264935
v -122.769371 27.488350 2.062407
v -123.411583 28.977299 2.065239
v -123.251030 28.605061 2.167519
v -123.090477 28.232824 2.240201
v -122.929924 27.860586 2.167519
v -122.929924 27.860586 2.370046
v -123.090477 28.232824 2.442729
v -123.251030 28.605061 2.370046
vn -0.0009 1.0000 0.0006
vn -0.0009 1.0000 -0.0000
vn 0.0009 -0.0097 1.0000
vn 0.0064 -0.0818 0.9966
vn -0.0000 -0.0000 1.0000
vn 0.0130 -0.1646 0.9863
vn 0.0111 -0.0854 0.9963
vn -0.0111 0.0848 -0.9963
vn 0.4212 -0.9066 0.0277
vn -0.0063 0.0811 -0.9967
vn 1.0000 -0.0000 -0.0000
vn -0.0000 -1.0000 -0.0000
vn -0.0063 0.1250 0.9921
vn 0.0026 0.0164 0.9999
vn 0.0009 0.0002 1.0000
vn -0.1187 -0.9910 -0.0615
vn -0.0000 -0.0000 -1.0000
vn 0.6728 0.1080 0.7319
vn -0.9327 -0.3568 -0.0517
vn -0.0236 0.1064 0.9940
vn -0.0705 0.1924 0.9788
vn -0.0651 0.2373 0.9693
vn 0.0260 -0.0872 -0.9958
vn 0.0236 -0.1064 -0.9940
vn 0.0064 -0.1249 -0.9921
vn -0.1159 0.8831 -0.4547
vn 0.8637 0.0901 -0.4959
vn -0.3855 -0.8946 0.2262
vn 0.1103 -0.6803 0.7246
vn -0.0191 0.2690 0.9630
vn 0.0322 -0.0782 -0.9964
vn -0.0221 0.0826 -0.9963
vn -0.0326 0.0789 -0.9963
vn 0.2370 -0.8520 -0.4669
vn -0.2383 -0.9558 0.1723
vn 0.4461 -0.7056 0.5506
vn 0.0215 -0.1636 0.9863
vn 0.0222 -0.0832 0.9963
vn -0.9646 0.2601 -0.0431
vn -0.9903 0.1321 -0.0431
vn -0.9903 0.1322 -0.0431
vn -0.0260 0.0872 0.9958
vn -0.0426 0.0740 -0.9964
vn 0.1618 -0.8978 -0.4097
vn -0.1778 -0.9639 0.1979
vn 0.0329 -0.0796 0.9963
vn -0.0422 0.0733 0.9964
vn -0.0322 0.0782 0.9964
vn -0.0722 0.1652 0.9836
vn 0.0426 -0.1593 0.9863
vn 0.7613 0.6229 -0.1801
vn -0.9277 0.3660 0.0731
vn 0.7247 -0.5378 0.4307
vn 0.9651 -0.0350 -0.2595
vn 0.7072 -0.7057 -0.0436
vn 0.5345 -0.8382 0.1082
vn 0.0822 -0.1426 0.9864
vn 0.0522 -0.0682 0.9963
vn 0.0429 -0.0745 0.9963
vn -0.6066 0.7938 -0.0431
vn -0.4980 0.8661 -0.0431
vn 0.0421 -0.0733 -0.9964
vn -0.0876 0.1523 0.9844
vn 0.5913 0.1343 0.7952
vn 0.0630 -0.1523 0.9863
vn 0.9576 0.0033 0.2879
vn -0.9869 0.1026 0.1247
vn 0.7413 -0.1959 0.6420
vn -0.0513 0.0672 0.9964
vn -0.1240 0.1245 0.9844
vn -0.1067 0.1396 0.9844
vn 0.0597 -0.0599 -0.9964
vn -0.0518 0.0677 -0.9964
vn 0.0513 -0.0672 -0.9964
vn -0.0601 0.0603 -0.9964
vn 0.4823 -0.5761 -0.6599
vn -0.1125 -0.9642 0.2401
vn 0.2076 -0.8665 -0.4540
vn 0.0670 -0.0516 -0.9964
vn -0.0674 0.0519 -0.9964
vn 0.7244 -0.2462 0.6439
vn -0.7912 0.6100 -0.0431
vn -0.7050 0.7079 -0.0431
vn 0.1000 -0.1306 0.9864
vn 0.0606 -0.0608 0.9963
vn -0.9225 0.3837 -0.0431
vn -0.9646 0.2602 -0.0431
vn -0.0597 0.0599 0.9964
vn 0.0679 -0.0523 0.9963
vn -0.0731 0.0424 0.9964
vn -0.0670 0.0516 0.9964
vn -0.9670 0.2363 0.0950
vn -0.1391 0.1073 0.9844
vn 0.1161 -0.1163 0.9864
vn -0.3816 0.9233 -0.0431
vn -0.4988 0.8656 -0.0431
vn -0.4987 0.8657 -0.0431
vn 0.1419 -0.0821 0.9865
vn 0.0789 -0.0329 0.9963
vn 0.0741 -0.0429 0.9963
vn -0.0941 -0.9944 0.0476
vn -0.1296 0.7385 0.6617
vn -0.5168 -0.7658 0.3828
vn -0.0833 0.0380 0.9958
vn -0.1542 0.0943 0.9835
vn -0.0735 0.0426 -0.9964
vn 0.0731 -0.0424 -0.9964
vn -0.2242 0.9742 -0.0255
vn -0.0810 0.9962 -0.0309
vn 0.1301 -0.1000 0.9864
vn -0.1025 0.0382 0.9940
vn -0.1824 0.0972 0.9784
vn 0.1025 -0.0382 -0.9940
vn -0.0783 0.0326 -0.9964
vn 0.0833 -0.0380 -0.9958
vn -0.0817 0.0219 -0.9964
vn 0.4910 -0.8698 -0.0495
vn 0.2510 -0.7971 -0.5492
vn -0.0833 0.0107 -0.9965
vn 0.2799 -0.1459 0.9489
vn 0.1229 -0.0339 -0.9918
vn 0.0823 -0.0221 0.9964
vn -0.1229 0.0339 0.9918
vn -0.0000 -0.0000 -0.0000
vn 0.1512 -0.0628 0.9865
vn -0.7919 0.6092 -0.0431
vn -0.8646 0.5007 -0.0431
vn -0.8645 0.5007 -0.0431
vn 0.0838 -0.0107 0.9964
vn -0.0904 0.0218 0.9957
vn -0.6074 0.7932 -0.0431
vn 0.1611 -0.0212 0.9867
vn 0.0816 -0.0031 0.9967
vn -0.2279 0.0970 0.9688
vn -0.9965 0.0642 -0.0530
vn 0.1578 -0.0424 0.9866
vn -0.8703 0.4890 0.0581
vn -0.9997 -0.0128 -0.0201
vn 0.2934 0.9444 -0.1485
vn -0.1945 -0.8637 0.4649
vn 0.9930 -0.0116 -0.1179
vn -0.4895 -0.6691 -0.5592
vn -0.2698 0.0739 0.9601
vn 0.0006 0.0038 -1.0000
vn -0.2097 0.9732 -0.0944
vn -0.0066 0.0099 -0.9999
vn 0.9987 -0.0154 -0.0493
vn 0.0251 0.0074 -0.9997
vn -1.0000 0.0012 -0.0003
vn -0.7118 0.0009 0.7024
vn -1.0000 0.0012 -0.0000
vn -0.0015 -1.0000 -0.0000
vn -0.0016 -1.0000 -0.0000
vn -0.0920 -0.0144 0.9957
vn -0.0251 -0.0074 0.9997
vn -0.2950 -0.0414 0.9546
vn 1.0000 -0.0016 -0.0000
vn -0.0026 -0.0164 -0.9999
vn -0.0006 -0.0038 1.0000
vn 0.1535 -0.0064 0.9881
vn 0.0066 -0.0100 0.9999
vn -0.0009 0.0097 -1.0000
vn -0.0002 -0.0002 -1.0000
vn -0.2580 0.9652 -0.0431
vn 0.0341 0.2535 -0.9667
vn -0.2180 0.1269 -0.9677
vn -0.1937 0.1494 -0.9696
vn 0.3721 -0.0251 0.9279
vn 0.4057 -0.0422 0.9130
vn 0.3049 -0.0420 0.9515
vn 0.0842 -0.3419 0.9359
vn 0.0595 -0.3001 0.9520
vn 0.0697 -0.2571 0.9639
vn 0.2231 -0.2227 0.9490
vn 0.1464 -0.1910 0.9706
vn 0.1697 -0.1702 0.9707
vn -0.2035 -0.3336 0.9205
vn -0.1230 0.2126 -0.9694
vn 0.2720 -0.0744 0.9594
vn 0.3232 -0.1275 0.9377
vn 0.2433 -0.1020 0.9646
vn 0.1912 -0.2514 0.9488
vn 0.1226 -0.2119 0.9696
vn -0.2440 0.1023 -0.9644
vn -0.8571 -0.0558 -0.5122
vn -0.0570 0.8749 -0.4810
vn 0.2881 -0.1619 0.9438
vn 0.8590 0.0559 0.5090
vn -0.0568 0.8733 0.4839
vn -0.1469 0.1915 -0.9704
vn -0.7056 0.7073 -0.0431
vn -0.7057 0.7072 -0.0431
vn 0.2385 -0.9681 -0.0774
vn 0.5671 0.1414 0.8114
vn -0.7918 0.6092 -0.0431
vn 0.2955 -0.9248 0.2396
vn 0.3681 -0.9278 -0.0609
vn -0.0558 0.8571 -0.5122
vn -0.0560 0.8589 0.5090
vn 0.0597 -0.9487 0.3104
vn 0.4908 -0.8616 -0.1296
vn -0.0597 0.3012 -0.9517
vn -0.3057 0.0421 -0.9512
vn -0.2727 0.0746 -0.9592
vn -0.0699 0.2578 -0.9637
vn 0.3618 -0.0884 0.9280
vn 0.2551 -0.1932 0.9474
vn 0.2173 -0.1265 0.9679
vn -0.7431 -0.6692 -0.0005
vn -0.7454 -0.6666 -0.0001
vn -0.7431 -0.6692 -0.0006
vn -0.1702 0.1707 -0.9705
vn 0.1230 -0.3100 0.9427
vn 0.0973 -0.2337 0.9674
vn -0.3734 0.0252 -0.9273
vn 0.1931 -0.1489 0.9698
vn -0.0976 0.2344 -0.9672
vn 0.1582 -0.2802 0.9468
vn -0.1263 0.2959 0.9468
vn -0.1222 0.2133 0.9693
vn -0.0958 0.2348 0.9673
vn -0.7651 -0.6439 -0.0005
vn -0.7629 -0.6465 -0.0001
vn -0.7621 -0.6474 -0.0000
vn 0.1225 -0.2139 -0.9691
vn 0.1269 -0.2972 -0.9464
vn 0.0961 -0.2355 -0.9671
vn 0.7629 0.6465 0.0001
vn 0.7651 0.6439 0.0005
vn 0.7621 0.6474 -0.0000
vn -0.1717 0.1717 0.9701
vn -0.2483 0.1942 0.9490
vn -0.1966 0.1502 0.9689
vn 0.4250 -0.0286 -0.9048
vn 0.3190 -0.0389 -0.9470
vn 0.2859 -0.0193 -0.9581
vn -0.0920 0.3228 0.9420
vn -0.0671 0.2577 0.9639
vn 0.2494 -0.1951 -0.9486
vn 0.1723 -0.1722 -0.9699
vn 0.1972 -0.1506 -0.9687
vn 0.0923 -0.3241 -0.9415
vn 0.0673 -0.2585 -0.9637
vn -0.2793 0.1666 0.9456
vn -0.2225 0.1273 0.9666
vn -0.2818 0.0732 0.9567
vn -0.3891 0.0628 0.9190
vn -0.3180 0.0388 0.9473
vn 0.7431 0.6692 0.0005
vn 0.7454 0.6666 0.0001
vn 0.7462 0.6657 -0.0000
vn -0.2582 0.9661 0.0005
vn -0.1946 0.9809 0.0005
vn -0.3820 0.9242 0.0004
vn -0.2583 0.9661 0.0005
vn -0.6080 0.7940 0.0003
vn -0.4993 0.8664 0.0003
vn -0.4992 0.8665 0.0003
vn -0.7063 0.7079 0.0002
vn -0.6080 0.7939 0.0003
vn -0.8653 0.5012 -0.0000
vn -0.7926 0.6097 0.0001
vn -0.7926 0.6098 0.0001
vn -0.9233 0.3841 -0.0001
vn -0.9655 0.2604 -0.0002
vn -0.9233 0.3840 -0.0001
vn -0.9977 0.0672 -0.0003
vn -0.9912 0.1322 -0.0002
vn -0.9912 0.1323 -0.0002
vn -0.0650 0.9979 0.0005
vn -0.0650 0.9979 0.0006
vn 0.0212 -0.3255 -0.9453
vn 0.0244 -0.3750 -0.9267
vn 0.0169 -0.2598 -0.9655
vn 0.3500 -0.1029 -0.9311
vn 0.2513 -0.1024 -0.9625
vn 0.2826 -0.0734 -0.9564
vn -0.0243 0.3734 0.9273
vn -0.0211 0.3244 0.9457
vn -0.0169 0.2593 0.9656
vn -0.3123 0.1365 0.9401
vn -0.2505 0.1021 0.9627
vn 0.2192 -0.2211 -0.9503
vn 0.1476 -0.1930 -0.9700
vn 0.3137 -0.1371 -0.9396
vn 0.2232 -0.1277 -0.9664
vn -0.1581 0.2703 0.9497
vn -0.1472 0.1925 0.9702
vn 0.1588 -0.2715 -0.9492
vn -0.3484 0.1025 0.9317
vn -0.2183 0.2201 0.9507
vn -0.0677 0.3413 0.9375
vn -0.0480 0.2418 0.9692
vn -0.4232 0.0285 0.9056
vn -0.2854 0.0192 0.9582
vn 0.0680 -0.3427 -0.9370
vn 0.0481 -0.2423 -0.9690
vn 0.3908 -0.0631 -0.9183
vn 0.2805 -0.1674 -0.9451
vn 0.0080 -0.0018 -1.0000
vn 0.0063 -0.0031 -1.0000
vn 0.0163 0.0047 -0.9999
vn 0.0127 0.0018 -0.9999
vn -0.0128 0.0646 -0.9978
vn -0.0014 -0.0084 -1.0000
vn 0.1181 -0.0080 0.9930
vn -0.0163 -0.0047 0.9999
vn 0.0128 -0.0646 0.9978
vn 0.0014 0.0084 1.0000
vn -0.0034 0.0051 1.0000
vn -0.0048 0.0041 1.0000
vn -0.0127 -0.0018 0.9999
vn -0.0101 0.0003 0.9999
vn 0.7543 0.6566 -0.0000
vn 0.0019 -0.0061 -1.0000
vn 0.0034 -0.0051 -1.0000
vn -0.0019 0.0061 1.0000
vn 0.0101 -0.0003 -0.9999
vn 0.0048 -0.0041 -1.0000
vn -0.0081 0.0018 1.0000
vn -0.0063 0.0031 1.0000
vn 0.0004 -0.0072 -1.0000
vn -0.7462 -0.6657 -0.0000
vn -0.7543 -0.6566 -0.0000
vn -0.0004 0.0072 1.0000
vn -0.1181 0.0080 -0.9930
vn 0.0220 -0.3377 0.9410
vn 0.0253 -0.3884 0.9211
vn 0.0058 -0.0892 0.9960
vn 0.0173 -0.2659 0.9639
vn -0.0056 0.0854 0.9963
vn -0.0221 0.3389 -0.9406
vn -0.0174 0.2664 -0.9637
vn -0.0058 0.0892 -0.9960
vn 0.0056 -0.0854 -0.9963
vn 0.7431 0.6692 0.0006
vn -0.0809 0.9962 -0.0309
vn -0.2242 0.9740 -0.0326
vn -0.9975 0.0644 -0.0302
vn -0.9337 -0.3570 -0.0282
vn -0.7049 0.7080 -0.0431
vn -0.7913 0.6099 -0.0431
vn -0.6067 0.7938 -0.0431
vn -0.5537 0.8321 -0.0325
vn -0.8007 -0.4812 0.3568
vn -0.9557 0.2927 -0.0324
vn -0.9144 0.4041 -0.0258
vn -0.3716 0.9276 -0.0387
vn -0.8758 0.4813 -0.0366
vn -0.8759 0.4812 -0.0353
vn -0.9556 0.2926 -0.0341
vn -0.0169 0.9979 -0.0629
vn -0.0809 0.9953 -0.0537
vn -0.2242 0.9739 -0.0344
vn -0.3717 0.9277 -0.0342
vn -0.1485 0.9884 -0.0318
vn 0.3169 -0.9027 0.2911
vn -0.9559 0.2927 -0.0250
vn -0.9814 0.1904 -0.0234
vn -0.4405 0.8974 -0.0265
vn 0.4589 0.0110 0.8884
vn 0.0151 0.0004 0.9999
vn -0.7501 0.6606 -0.0325
vn -0.1485 0.9886 -0.0236
vn -0.0808 0.9953 -0.0537
vn -0.8973 -0.4405 -0.0265
vn 0.4839 -0.8280 0.2833
vn -0.4405 0.8972 -0.0325
vn 0.4197 -0.8757 -0.2387
vn -0.4676 -0.0112 -0.8839
vn 0.8512 -0.4371 0.2905
vn 0.5841 -0.7607 0.2831
vn 0.5537 -0.8321 -0.0325
vn -1.0000 -0.0000 -0.0000
vn 0.6750 -0.6813 0.2831
vn -0.9554 0.2926 -0.0411
vn -0.8758 0.4812 -0.0382
vn 0.2356 -0.0550 0.9703
vn 0.2749 -0.0802 0.9581
vn 0.2355 -0.0908 0.9676
vn 0.1610 -0.2930 0.9425
vn 0.0971 -0.2412 0.9656
vn 0.1291 -0.2239 0.9660
vn 0.2016 0.0257 0.9791
vn 0.2354 0.0245 0.9716
vn 0.2322 -0.0063 0.9726
vn 0.2047 -0.1583 0.9660
vn 0.2357 -0.2353 0.9429
vn 0.1796 -0.1805 0.9670
vn 0.0430 -0.2848 0.9576
vn 0.0229 -0.2412 0.9702
vn 0.0585 -0.2460 0.9675
vn -0.0971 0.2412 -0.9656
vn -0.1610 0.2930 -0.9425
vn -0.1291 0.2239 -0.9660
vn -0.2354 -0.0245 -0.9716
vn -0.2016 -0.0257 -0.9791
vn -0.2322 0.0063 -0.9726
vn -0.2873 0.1416 -0.9473
vn -0.2355 0.0908 -0.9676
vn -0.2258 0.1283 -0.9657
vn -0.2015 0.2650 -0.9430
vn -0.1546 0.2022 -0.9671
vn -0.0075 -1.0000 -0.0000
vn -0.1796 0.1805 -0.9670
vn -0.0585 0.2460 -0.9675
vn -0.1028 0.3047 -0.9469
vn 0.8923 -0.3529 0.2815
vn -0.8759 0.4813 -0.0333
vn 0.1717 -0.6268 0.7600
vn 0.7552 -0.5911 0.2833
vn -0.2241 0.9737 -0.0411
vn 0.8108 -0.5085 0.2900
vn 0.2289 -0.9320 0.2811
vn 0.9431 0.0484 0.3289
vn 0.3930 -0.8728 0.2894
vn 0.1276 -0.9918 -0.0000
vn 0.0640 -0.9979 -0.0000
vn 0.2554 -0.9668 -0.0000
vn 0.1305 -0.9914 -0.0000
vn 0.3799 -0.9250 -0.0000
vn 0.2591 -0.9658 -0.0000
vn 0.6072 -0.7946 -0.0000
vn 0.4987 -0.8668 -0.0000
vn 0.4981 -0.8671 -0.0000
vn 0.3823 -0.9240 -0.0000
vn 0.7056 -0.7086 -0.0000
vn 0.7922 -0.6102 -0.0000
vn 0.8655 -0.5009 -0.0000
vn 0.9222 -0.3867 -0.0000
vn 0.8642 -0.5032 -0.0000
vn 0.7917 -0.6109 -0.0000
vn 0.9237 -0.3832 -0.0000
vn 0.9647 -0.2635 -0.0000
vn 0.9658 -0.2592 -0.0000
vn 0.9909 -0.1348 -0.0000
vn 0.9913 -0.1317 -0.0000
vn 0.9977 -0.0682 -0.0000
vn -0.0229 0.2412 -0.9702
vn -0.0430 0.2848 -0.9576
vn 0.0063 -0.2507 0.9680
vn -0.0379 -0.2470 0.9683
vn -0.2749 0.0803 -0.9581
vn -0.2356 0.0550 -0.9703
vn 0.2873 -0.1416 0.9473
vn 0.2258 -0.1283 0.9657
vn -0.0234 0.2618 0.9649
vn -0.0191 0.3493 0.9368
vn -0.0085 0.3080 0.9513
vn -0.2357 0.2353 -0.9429
vn -0.2047 0.1583 -0.9660
vn 0.1028 -0.3047 0.9469
vn -0.2689 0.1986 -0.9425
vn 0.0379 0.2470 -0.9683
vn -0.0063 0.2507 -0.9680
vn -0.2403 0.0295 -0.9702
vn 0.2015 -0.2650 0.9430
vn 0.1546 -0.2022 0.9671
vn 0.2689 -0.1986 0.9425
vn 0.2403 -0.0295 0.9702
vn 1.0000 -0.0060 -0.0000
vn 1.0000 -0.0061 -0.0000
vn 0.0912 0.2516 -0.9635
vn -0.3223 0.8661 0.3820
vn -0.9551 0.1404 0.2608
vn -0.0000 1.0000 -0.0000
vn 0.0270 -0.2714 -0.9621
vn 0.0269 -0.2262 -0.9737
vn 0.0258 -0.2516 -0.9675
vn 0.0272 -0.2223 -0.9746
vn 0.0135 0.0232 -0.9996
vn 0.0141 0.0164 -0.9998
vn -0.2600 0.0593 0.9638
vn -0.2375 0.0736 0.9686
vn -0.2833 0.1120 0.9525
vn -0.2455 0.0377 0.9687
vn -0.0134 -0.0019 0.9999
vn -0.0081 0.0011 1.0000
vn -0.2343 0.2365 0.9430
vn -0.1581 0.2073 0.9654
vn -0.2027 0.2640 0.9430
vn -0.1842 0.1846 0.9654
vn -0.0042 0.0063 1.0000
vn -0.0057 0.0050 1.0000
vn -0.2928 0.1836 0.9384
vn -0.2105 0.1612 0.9642
vn -0.2660 0.2082 0.9412
vn -0.2323 0.1375 0.9629
vn -0.0072 0.0036 1.0000
vn -0.0089 0.0021 1.0000
vn -0.1703 0.2914 0.9413
vn -0.1313 0.2300 0.9643
vn -0.0027 0.0076 1.0000
vn 0.2375 -0.0736 -0.9686
vn 0.0134 0.0019 -0.9999
vn 0.2455 -0.0377 -0.9687
vn 0.0081 -0.0011 -1.0000
vn 0.0410 -0.2459 -0.9684
vn 0.0232 -0.2341 -0.9719
vn -0.0037 -0.0129 -0.9999
vn 0.0034 0.0064 -1.0000
vn 0.2105 -0.1612 -0.9642
vn 0.0072 -0.0036 -1.0000
vn 0.2323 -0.1375 -0.9629
vn 0.0089 -0.0021 -1.0000
vn -0.1047 0.2488 0.9629
vn -0.1123 0.3200 0.9408
vn -0.1418 0.3148 0.9385
vn -0.0009 0.0091 1.0000
vn -0.0751 0.2538 0.9643
vn 0.0011 0.0108 0.9999
vn 0.1842 -0.1846 -0.9654
vn 0.0057 -0.0050 -1.0000
vn -0.0117 -0.0354 0.9993
vn -0.1055 -0.2270 0.9682
vn -0.0912 -0.2516 0.9635
vn -0.0141 -0.0164 0.9998
vn -0.0135 -0.0232 0.9996
vn -0.0268 0.2658 0.9637
vn -0.3007 0.1544 0.9411
vn -0.2408 0.1084 0.9645
vn -0.0109 0.0003 0.9999
vn 0.2408 -0.1084 -0.9645
vn 0.0109 -0.0003 -0.9999
vn -0.0410 0.2459 0.9684
vn -0.0215 0.2686 0.9630
vn -0.0731 0.2974 0.9519
vn 0.0037 0.0129 0.9999
vn -0.0144 0.2501 0.9681
vn -0.0034 -0.0064 1.0000
vn 0.0751 -0.2538 -0.9643
vn -0.0011 -0.0108 -0.9999
vn 0.1047 -0.2488 -0.9629
vn 0.0009 -0.0091 -1.0000
vn 0.1581 -0.2073 -0.9654
vn 0.0042 -0.0063 -1.0000
vn 0.1313 -0.2300 -0.9643
vn 0.0027 -0.0076 -1.0000
vn 0.2919 -0.0328 -0.9559
vn 0.2220 -0.0212 -0.9748
vn -0.0119 -0.0174 -0.9998
vn -0.2919 0.0328 0.9559
vn -0.2220 0.0212 0.9748
vn 0.0119 0.0174 0.9998
vn -0.0140 -0.1134 0.9935
vn -0.3834 -0.1911 0.9036
vn 0.6203 -0.0000 0.7843
vn 0.2934 0.9444 0.1485
vn -0.2944 0.0656 0.9534
vn -0.0000 0.0211 -0.9998
vn -0.0011 -0.0000 -1.0000
vn -0.0000 -0.0213 0.9998
vn 0.4186 -0.0282 0.9077
vn 0.0701 -0.3533 0.9329
vn -0.7651 -0.6439 -0.0006
vn 0.7651 0.6439 0.0006
vn 0.1893 -0.2464 -0.9505
vn -0.1885 0.2453 0.9509
vn 0.2954 -0.0029 0.9554
vn -0.2954 0.0029 -0.9554
vn -0.8956 -0.0316 0.4437
vn 0.1055 0.2270 -0.9682
vt 0.375000 1.000000
vt 0.625000 0.920224
vt 0.375000 0.920224
vt 0.795224 0.750000
vt 0.875000 0.738821
vt 0.795224 0.738821
vt 0.875000 0.750000
vt 0.125000 0.738821
vt 0.125000 0.750000
vt 0.204776 0.750000
vt 0.204776 0.738821
vt 0.625000 1.000000
vt 0.625000 0.011179
vt 0.375000 0.011179
vt 0.625000 0.000000
vt 0.375000 0.000000
vt 0.875000 0.750000
vt 0.875000 0.750000
vt 0.875000 0.750000
vt 0.875000 0.750000
vt 0.875000 0.750000
vt 0.125000 0.750000
vt 0.125000 0.750000
vt 0.125000 0.750000
vt 0.875000 0.750000
vt 0.875000 0.750000
vt 0.875000 0.750000
vt 0.625000 1.000000
vt 0.875000 0.750000
vt 0.125000 0.750000
vt 0.875000 0.750000
vt 0.125000 0.750000
vt 0.375000 1.000000
vt 0.125000 0.750000
vt 0.875000 0.750000
vt 0.125000 0.750000
vt 0.125000 0.750000
vt 0.125000 0.750000
vt 0.625000 1.000000
vt 0.125000 0.750000
vt 0.875000 0.750000
vt 0.125000 0.750000
s 1
usemtl Material.001
f 567/99/580 688/100/581 687/101/581
f 578/106/587 567/107/588 570/106/589
f 674/104/590 691/108/590 673/109/590
f 692/100/591 571/99/591 691/101/591
f 627/107/595 917/107/596 635/107/597
f 569/103/583 690/104/594 674/104/584
f 668/105/596 924/105/596 660/105/598
f 590/106/602 578/106/587 582/106/603
f 582/106/603 570/106/589 574/106/604
f 569/103/583 581/103/599 573/103/592
f 576/110/605 695/99/584 575/99/606
f 579/107/607 574/106/604 571/107/608
f 598/106/610 586/106/611 590/106/602
f 594/106/612 583/107/613 586/106/611
f 595/107/614 590/106/602 587/107/615
f 648/105/618 718/105/619 656/105/620
f 577/103/586 589/103/621 581/103/599
f 587/107/615 582/106/603 579/107/607
f 586/106/611 575/107/606 578/106/587
f 602/106/622 591/107/623 594/106/612
f 603/107/624 598/106/610 595/107/614
f 593/103/625 605/103/626 597/103/627
f 579/107/607 906/107/596 587/107/615
f 647/107/630 713/107/631 639/107/632
f 585/103/617 597/103/627 589/103/621
f 623/107/633 707/107/634 615/107/635
f 612/105/639 910/105/596 604/105/640
f 606/106/641 594/106/612 598/106/610
f 635/107/597 920/107/596 643/107/643
f 663/107/645 717/107/646 655/107/647
f 622/106/651 610/106/652 614/106/653
f 618/106/654 607/107/655 610/106/652
f 601/103/638 613/103/648 605/103/626
f 611/107/656 606/106/641 603/107/624
f 610/106/652 599/107/657 602/106/622
f 614/106/653 602/106/622 606/106/641
f 630/106/658 618/106/654 622/106/651
f 626/106/659 615/107/635 618/106/654
f 627/107/595 622/106/651 619/107/660
f 628/105/661 915/105/596 620/105/662
f 640/105/665 716/105/666 648/105/618
f 609/103/637 621/103/667 613/103/648
f 619/107/660 614/106/653 611/107/656
f 635/107/597 630/106/658 627/107/595
f 625/103/668 637/103/669 629/103/670
f 655/107/647 715/107/671 647/107/630
f 611/107/656 914/107/596 619/107/660
f 592/105/674 704/105/675 600/105/676
f 617/103/664 629/103/670 621/103/667
f 659/107/680 925/107/681 667/107/682
f 634/106/685 623/107/633 626/106/659
f 638/106/686 626/106/659 630/106/658
f 588/105/687 901/105/596 580/105/688
f 654/106/692 642/106/693 646/106/694
f 650/106/695 639/107/632 642/106/693
f 607/107/655 703/107/696 599/107/657
f 633/103/679 645/103/683 637/103/669
f 635/107/597 646/106/694 638/106/686
f 642/106/693 631/107/697 634/106/685
f 646/106/694 634/106/685 638/106/686
f 658/106/698 647/107/630 650/106/695
f 651/107/699 662/106/700 654/106/692
f 649/103/701 661/103/702 653/103/690
f 580/105/688 902/105/596 572/105/703
f 624/105/705 712/105/706 632/105/707
f 641/103/678 653/103/690 645/103/683
f 643/107/643 654/106/692 646/106/694
f 657/103/708 669/103/709 661/103/702
f 600/105/676 706/105/710 608/105/710
f 662/106/700 650/106/695 654/106/692
f 660/105/598 922/105/596 652/105/714
f 639/107/632 711/107/716 631/107/697
f 668/110/596 676/99/717 667/99/682
f 669/103/584 677/105/596 668/105/718
f 670/106/719 671/106/720 666/106/721
f 659/107/680 670/106/719 662/106/700
f 666/106/721 655/107/647 658/106/698
f 670/106/719 658/106/698 662/106/700
f 667/99/682 926/110/703 668/110/596
f 683/106/723 671/106/720 675/106/724
f 679/106/725 672/107/726 671/106/720
f 684/107/727 675/106/724 676/107/717
f 664/110/728 663/99/729 680/99/730
f 667/107/682 675/106/724 670/106/719
f 666/106/721 672/107/726 663/107/645
f 686/111/731 679/112/732 683/112/731
f 679/112/732 681/113/732 680/114/732
f 685/113/731 683/112/731 684/114/731
f 685/110/736 676/99/736 677/110/736
f 574/106/604 691/108/737 571/107/608
f 678/103/733 665/103/712 686/103/738
f 570/106/589 687/108/741 673/109/742
f 673/109/742 574/106/604 570/106/589
f 584/105/743 702/105/674 592/105/674
f 575/107/606 693/107/584 567/107/588
f 568/105/703 696/105/584 576/105/605
f 567/99/588 694/110/596 568/110/703
f 709/107/744 821/107/745 763/107/746
f 705/107/756 805/120/757 703/107/696
f 711/107/716 809/107/763 821/107/745
f 722/105/764 728/105/596 724/105/765
f 723/107/767 725/107/584 721/107/768
f 707/107/634 818/121/769 705/107/756
f 575/99/606 698/110/703 576/110/605
f 656/105/620 719/105/703 664/105/703
f 608/105/710 708/105/770 616/105/771
f 591/107/623 699/107/772 583/107/613
f 664/110/703 720/99/773 663/99/645
f 615/107/635 705/107/756 607/107/655
f 693/99/584 722/110/764 694/110/596
f 576/105/605 700/105/743 584/105/743
f 616/105/771 710/105/774 624/105/705
f 696/110/584 723/99/767 695/99/584
f 631/107/697 709/107/744 623/107/633
f 583/107/613 697/107/775 575/107/606
f 695/107/584 721/107/768 693/107/584
f 632/105/707 714/105/665 640/105/665
f 694/105/596 724/105/765 696/105/584
f 599/107/657 701/107/776 591/107/623
f 726/105/777 732/105/703 728/105/596
f 727/107/778 729/107/779 725/107/584
f 728/110/596 731/99/780 727/99/778
f 725/99/584 730/110/703 726/110/777
f 699/107/772 832/107/781 697/107/775
f 715/107/671 797/107/782 814/122/783
f 701/107/776 776/107/784 699/107/772
f 719/110/788 770/99/789 720/99/790
f 707/107/634 763/107/746 764/122/791
f 717/107/646 770/120/794 797/107/782
f 703/107/696 775/107/796 701/107/776
f 713/107/631 814/122/783 809/107/763
f 721/99/768 726/110/777 722/110/764
f 724/110/765 727/99/778 723/99/767
f 760/110/801 841/99/802 842/126/803
f 803/120/804 737/107/805 773/107/806
f 836/99/807 758/110/808 835/110/809
f 756/107/813 799/120/814 772/107/815
f 745/107/818 766/107/819 761/107/820
f 755/110/801 772/99/802 767/110/803
f 773/107/806 735/107/821 778/128/822
f 698/110/828 832/99/829 827/110/830
f 735/99/831 734/110/832 733/99/832
f 737/99/833 736/110/834 735/99/831
f 739/99/837 738/110/833 737/99/833
f 743/99/838 742/110/839 741/99/835
f 747/99/840 746/110/841 745/99/842
f 745/99/842 744/110/838 743/99/838
f 749/99/843 748/110/840 747/99/840
f 751/99/844 750/110/845 749/99/843
f 756/99/846 754/110/847 753/99/848
f 753/99/848 752/110/844 751/99/844
f 759/99/849 758/110/850 757/99/850
f 841/107/851 757/107/852 836/107/853
f 751/107/854 811/120/855 812/130/856
f 743/107/862 820/107/863 766/107/819
f 749/107/864 823/130/865 811/120/855
f 820/107/863 739/107/868 803/120/804
f 830/131/807 734/110/808 829/110/809
f 778/128/822 733/107/875 830/122/876
f 753/107/877 812/130/856 799/120/814
f 747/107/878 761/107/820 823/130/865
f 822/130/879 763/107/746 821/107/745
f 823/130/865 762/107/880 822/130/879
f 798/107/881 814/122/783 797/107/782
f 799/120/814 813/107/882 798/107/881
f 776/107/784 831/107/883 832/107/781
f 777/107/884 830/122/876 831/107/883
f 831/99/893 827/110/830 832/99/829
f 831/99/893 829/110/809 828/110/893
f 818/121/769 804/132/894 805/120/757
f 819/107/895 803/120/804 804/132/894
f 810/107/897 821/107/745 809/107/763
f 811/120/855 822/130/879 810/107/897
f 764/122/791 819/107/895 818/121/769
f 766/107/819 819/107/895 765/107/898
f 813/107/882 809/107/763 814/122/783
f 812/130/856 810/107/897 813/107/882
f 775/107/796 777/107/884 776/107/784
f 774/128/901 778/128/822 777/107/884
f 769/110/902 771/99/903 770/99/789
f 767/110/803 771/99/903 768/110/903
f 762/107/880 764/122/791 763/107/746
f 761/107/820 765/107/898 762/107/880
f 771/107/905 797/107/782 770/120/794
f 772/107/815 798/107/881 771/107/905
f 805/120/757 774/128/901 775/107/796
f 804/132/894 773/107/806 774/128/901
f 731/107/780 838/107/911 729/107/779
f 839/107/912 837/107/913 838/107/911
f 840/107/914 836/107/853 837/107/913
f 838/99/829 730/110/828 729/99/915
f 837/99/893 833/126/830 838/99/829
f 837/99/893 835/110/809 834/110/893
f 732/110/788 839/99/789 731/99/790
f 844/110/902 840/99/903 839/99/789
f 842/126/803 840/99/903 843/110/903
f 580/110/916 845/110/596 846/110/596
f 588/110/917 846/110/596 847/110/596
f 652/105/918 856/105/596 660/105/919
f 620/105/920 852/105/596 628/105/921
f 612/110/922 849/110/923 850/110/596
f 660/105/919 857/105/584 668/105/924
f 644/110/925 853/110/926 854/110/596
f 644/105/925 855/105/596 652/105/918
f 588/105/917 848/105/596 596/105/927
f 677/110/596 857/110/584 858/110/596
f 628/105/921 853/105/926 636/105/928
f 612/105/922 851/105/596 620/105/920
f 596/105/927 849/105/923 604/105/640
f 854/105/596 869/105/596 855/105/596
f 847/105/596 862/105/596 848/105/596
f 855/105/596 870/105/596 856/105/596
f 850/110/596 863/110/923 864/110/596
f 856/105/596 871/105/584 857/105/584
f 848/105/596 863/105/923 849/105/923
f 858/110/596 871/110/584 872/110/596
f 850/105/596 865/105/596 851/105/596
f 851/105/596 866/105/596 852/105/596
f 854/110/596 867/110/926 868/110/596
f 846/110/596 859/110/596 860/110/596
f 852/105/596 867/105/926 853/105/926
f 847/110/596 860/110/596 861/110/596
f 862/105/596 877/105/596 863/105/923
f 872/110/596 885/110/584 886/110/596
f 864/105/596 879/105/596 865/105/596
f 865/105/596 880/105/596 866/105/596
f 868/110/596 881/110/926 882/110/596
f 860/110/596 873/110/596 874/110/596
f 866/105/596 881/105/926 867/105/926
f 861/110/596 874/110/596 875/110/596
f 868/105/596 883/105/596 869/105/596
f 861/105/596 876/105/596 862/105/596
f 869/105/596 884/105/596 870/105/596
f 864/110/596 877/110/596 878/110/596
f 870/105/596 885/105/584 871/105/584
f 882/110/596 895/110/929 896/110/930
f 874/110/596 887/110/931 888/110/932
f 880/105/596 895/105/929 881/105/926
f 875/110/596 888/110/932 889/110/933
f 882/105/596 897/105/714 883/105/596
f 875/105/596 890/105/934 876/105/596
f 883/105/596 898/105/598 884/105/596
f 878/110/596 891/110/640 892/110/639
f 884/105/596 899/105/584 885/105/584
f 876/105/596 891/105/640 877/105/596
f 886/110/596 899/110/584 900/110/596
f 878/105/596 893/105/662 879/105/596
f 879/105/596 894/105/661 880/105/596
f 904/107/935 932/107/936 906/107/596
f 922/105/596 945/105/937 919/105/938
f 910/105/596 934/105/927 908/105/939
f 926/105/940 950/105/941 924/105/584
f 916/105/942 941/105/920 915/105/596
f 907/105/943 927/105/944 901/105/596
f 905/107/945 937/107/946 911/107/947
f 923/107/948 951/107/949 925/107/681
f 917/107/596 946/107/950 920/107/596
f 911/107/947 938/107/951 912/107/952
f 951/99/953 926/110/953 925/99/953
f 912/107/952 940/107/954 914/107/596
f 652/105/714 919/105/938 644/105/955
f 644/105/955 918/105/596 636/105/956
f 596/105/934 907/105/943 588/105/687
f 595/107/614 911/107/947 603/107/624
f 572/110/703 903/99/584 571/99/608
f 619/107/660 913/107/596 627/107/595
f 651/107/699 923/107/948 659/107/680
f 636/105/956 916/105/942 628/105/661
f 643/107/643 921/107/596 651/107/699
f 620/105/662 909/105/596 612/105/639
f 603/107/624 912/107/952 611/107/656
f 571/107/608 904/107/935 579/107/607
f 604/105/640 908/105/939 596/105/934
f 587/107/615 905/107/945 595/107/614
f 1015/121/972 963/107/973 995/107/974
f 975/107/975 998/107/976 986/107/977
f 969/107/978 994/132/979 989/122/980
f 995/107/974 964/107/981 1004/134/982
f 998/99/983 978/110/983 1003/110/983
f 964/107/981 1009/135/984 1004/134/982
f 1010/134/985 957/107/986 1015/121/972
f 901/105/596 928/105/703 902/105/596
f 920/107/596 947/107/987 921/107/596
f 919/105/938 944/105/988 918/105/596
f 902/110/596 929/99/989 903/99/584
f 914/107/596 939/107/990 913/107/596
f 908/105/939 933/105/991 907/105/943
f 913/107/596 943/107/992 917/107/596
f 903/107/584 930/107/993 904/107/935
f 921/107/596 949/107/994 923/107/948
f 909/105/596 936/105/640 910/105/596
f 918/105/596 942/105/921 916/105/942
f 915/105/596 935/105/922 909/105/596
f 924/105/596 948/105/918 922/105/596
f 906/107/596 931/107/995 905/107/945
f 953/110/996 955/99/997 954/110/997
f 959/110/998 956/99/999 953/110/996
f 960/110/1000 958/99/1001 959/110/998
f 961/110/1002 963/99/1003 962/110/1004
f 962/110/1004 957/99/1005 960/110/1000
f 961/110/1002 966/99/1006 964/99/1002
f 968/110/1007 966/99/1006 967/110/1006
f 970/110/1008 972/99/1009 969/99/1010
f 968/110/1007 969/99/1010 965/99/1011
f 971/110/1012 973/99/1013 972/99/1009
f 974/110/1014 975/99/1015 973/99/1013
f 976/110/1016 977/99/1017 975/99/1015
f 1040/107/1018 958/107/1019 1010/134/985
f 972/107/1022 1048/136/1023 994/132/979
f 966/107/1029 1057/128/1030 1009/135/984
f 965/107/1032 989/122/980 1057/128/1030
f 1054/130/1033 956/107/1034 1040/107/1018
f 973/107/1035 986/107/977 1048/136/1023
f 982/110/1040 1066/99/1040 1063/110/1041
f 1073/128/1042 981/107/1043 1069/107/1044
f 1069/99/1044 982/110/703 1068/110/596
f 1067/137/1045 979/99/1045 1070/99/1045
f 979/107/1046 1071/107/1047 1070/122/1048
f 1064/107/1049 1072/107/1050 1071/107/1047
f 1065/107/1051 1073/128/1042 1072/107/1050
f 980/110/1041 1064/99/1041 979/99/1041
f 1061/110/1041 1065/99/1041 1064/99/1041
f 1063/110/1041 1065/99/1041 1062/110/1040
f 1046/107/1073 949/107/994 947/107/987
f 1047/107/1074 988/135/1075 1046/107/1073
f 1048/136/1023 987/121/1076 1047/107/1074
f 929/107/989 1042/134/1077 930/107/993
f 1052/107/1078 1041/107/1079 1042/134/1077
f 1053/122/1080 1040/107/1018 1041/107/1079
f 1055/107/1081 943/107/992 939/107/990
f 1056/107/1082 991/122/1083 1055/107/1081
f 1057/128/1030 990/138/1084 1056/107/1082
f 1007/122/1091 939/107/990 940/107/954
f 1008/122/1092 1055/107/1081 1007/122/1091
f 1009/135/984 1056/107/1082 1008/122/1092
f 992/107/1102 947/107/987 946/107/950
f 993/134/1103 1046/107/1073 992/107/1102
f 994/132/979 1047/107/1074 993/134/1103
f 930/107/993 1012/107/1110 932/107/936
f 1042/134/1077 1011/132/1111 1012/107/1110
f 1041/107/1079 1010/134/985 1011/132/1111
f 932/107/936 1013/132/1112 931/107/995
f 1012/107/1110 1014/140/1113 1013/132/1112
f 1011/132/1111 1015/121/972 1014/140/1113
f 1006/134/1114 940/107/954 938/107/951
f 1005/134/1115 1007/122/1091 1006/134/1114
f 1004/134/982 1008/122/1092 1005/134/1115
f 1000/99/983 952/110/983 951/99/983
f 999/99/983 1001/110/983 1000/99/983
f 999/99/983 1003/110/983 1002/110/983
f 937/107/946 1006/134/1114 938/107/951
f 997/120/1116 1005/134/1115 1006/134/1114
f 996/107/1117 1004/134/982 1005/134/1115
f 991/122/1083 946/107/950 943/107/992
f 990/138/1084 992/107/1102 991/122/1083
f 989/122/980 993/134/1103 990/138/1084
f 988/135/1075 951/107/1118 949/107/994
f 987/121/1076 1000/107/1119 988/135/1075
f 986/107/977 999/107/1120 987/121/1076
f 931/107/995 997/120/1116 937/107/946
f 1013/132/1112 996/107/1117 997/120/1116
f 1014/140/1113 995/107/974 996/107/1117
f 1072/107/1050 1054/130/1033 1053/122/1080
f 1071/107/1047 1053/122/1080 1052/107/1078
f 1070/122/1048 1052/107/1078 929/107/989
f 928/110/1045 1070/99/1045 929/99/1045
f 955/99/1125 1068/110/596 954/110/703
f 1054/130/1033 1069/107/1044 955/107/1125
f 567/99/580 568/110/580 688/100/581
f 578/106/587 575/107/606 567/107/588
f 690/104/590 692/100/590 691/108/590
f 691/108/590 689/109/1126 673/109/590
f 673/109/590 687/101/590 688/102/590
f 674/104/590 690/104/590 691/108/590
f 673/109/590 688/102/590 674/104/590
f 692/100/591 572/110/591 571/99/591
f 627/107/595 913/107/596 917/107/596
f 569/103/583 573/103/592 690/104/594
f 668/105/596 926/105/703 924/105/596
f 590/106/602 586/106/611 578/106/587
f 582/106/603 578/106/587 570/106/589
f 569/103/583 577/103/586 581/103/599
f 576/110/605 696/110/584 695/99/584
f 579/107/607 582/106/603 574/106/604
f 598/106/610 594/106/612 586/106/611
f 594/106/612 591/107/623 583/107/613
f 595/107/614 598/106/610 590/106/602
f 648/105/618 716/105/666 718/105/619
f 577/103/586 585/103/617 589/103/621
f 587/107/615 590/106/602 582/106/603
f 586/106/611 583/107/613 575/107/606
f 602/106/622 599/107/657 591/107/623
f 603/107/624 606/106/641 598/106/610
f 593/103/625 601/103/638 605/103/626
f 579/107/607 904/107/935 906/107/596
f 647/107/630 715/107/671 713/107/631
f 585/103/617 593/103/625 597/103/627
f 623/107/633 709/107/744 707/107/634
f 612/105/639 909/105/596 910/105/596
f 606/106/641 602/106/622 594/106/612
f 635/107/597 917/107/596 920/107/596
f 663/107/645 720/107/773 717/107/646
f 622/106/651 618/106/654 610/106/652
f 618/106/654 615/107/635 607/107/655
f 601/103/638 609/103/637 613/103/648
f 611/107/656 614/106/653 606/106/641
f 610/106/652 607/107/655 599/107/657
f 614/106/653 610/106/652 602/106/622
f 630/106/658 626/106/659 618/106/654
f 626/106/659 623/107/633 615/107/635
f 627/107/595 630/106/658 622/106/651
f 628/105/661 916/105/942 915/105/596
f 640/105/665 714/105/665 716/105/666
f 609/103/637 617/103/664 621/103/667
f 619/107/660 622/106/651 614/106/653
f 635/107/597 638/106/686 630/106/658
f 625/103/668 633/103/679 637/103/669
f 655/107/647 717/107/646 715/107/671
f 611/107/656 912/107/952 914/107/596
f 592/105/674 702/105/674 704/105/675
f 617/103/664 625/103/668 629/103/670
f 659/107/680 923/107/948 925/107/681
f 634/106/685 631/107/697 623/107/633
f 638/106/686 634/106/685 626/106/659
f 588/105/687 907/105/943 901/105/596
f 654/106/692 650/106/695 642/106/693
f 650/106/695 647/107/630 639/107/632
f 607/107/655 705/107/756 703/107/696
f 633/103/679 641/103/678 645/103/683
f 635/107/597 643/107/643 646/106/694
f 642/106/693 639/107/632 631/107/697
f 646/106/694 642/106/693 634/106/685
f 658/106/698 655/107/647 647/107/630
f 651/107/699 659/107/680 662/106/700
f 649/103/701 657/103/708 661/103/702
f 580/105/688 901/105/596 902/105/596
f 624/105/705 710/105/774 712/105/706
f 641/103/678 649/103/701 653/103/690
f 643/107/643 651/107/699 654/106/692
f 657/103/708 665/103/712 669/103/709
f 600/105/676 704/105/675 706/105/710
f 662/106/700 658/106/698 650/106/695
f 660/105/598 924/105/596 922/105/596
f 639/107/632 713/107/631 711/107/716
f 668/110/596 677/110/703 676/99/717
f 669/103/584 678/103/1127 677/105/596
f 670/106/719 675/106/724 671/106/720
f 659/107/680 667/107/682 670/106/719
f 666/106/721 663/107/645 655/107/647
f 670/106/719 666/106/721 658/106/698
f 667/99/682 925/99/681 926/110/703
f 683/106/723 679/106/725 671/106/720
f 679/106/725 680/107/1129 672/107/726
f 684/107/727 683/106/723 675/106/724
f 680/99/730 681/110/730 664/110/728
f 663/99/729 672/99/584 680/99/730
f 667/107/682 676/107/717 675/106/724
f 666/106/721 671/106/720 672/107/726
f 686/111/731 682/111/732 679/112/732
f 679/112/732 682/111/732 681/113/732
f 685/113/731 686/111/731 683/112/731
f 685/110/736 684/99/736 676/99/736
f 574/106/604 689/109/1130 691/108/737
f 665/103/712 682/103/740 686/103/738
f 678/103/733 669/103/709 665/103/712
f 570/106/589 567/107/588 687/108/741
f 673/109/742 689/109/1130 574/106/604
f 584/105/743 700/105/743 702/105/674
f 575/107/606 695/107/584 693/107/584
f 568/105/703 694/105/596 696/105/584
f 567/99/588 693/99/584 694/110/596
f 709/107/744 711/107/716 821/107/745
f 705/107/756 818/121/769 805/120/757
f 711/107/716 713/107/631 809/107/763
f 722/105/764 726/105/777 728/105/596
f 723/107/767 727/107/778 725/107/584
f 707/107/634 764/122/791 818/121/769
f 575/99/606 697/99/775 698/110/703
f 656/105/620 718/105/619 719/105/703
f 608/105/710 706/105/710 708/105/770
f 591/107/623 701/107/776 699/107/772
f 664/110/703 719/110/703 720/99/773
f 615/107/635 707/107/634 705/107/756
f 693/99/584 721/99/768 722/110/764
f 576/105/605 698/105/703 700/105/743
f 616/105/771 708/105/770 710/105/774
f 696/110/584 724/110/765 723/99/767
f 631/107/697 711/107/716 709/107/744
f 583/107/613 699/107/772 697/107/775
f 695/107/584 723/107/767 721/107/768
f 632/105/707 712/105/706 714/105/665
f 694/105/596 722/105/764 724/105/765
f 599/107/657 703/107/696 701/107/776
f 726/105/777 730/105/703 732/105/703
f 727/107/778 731/107/780 729/107/779
f 728/110/596 732/110/703 731/99/780
f 725/99/584 729/99/779 730/110/703
f 699/107/772 776/107/784 832/107/781
f 715/107/671 717/107/646 797/107/782
f 701/107/776 775/107/796 776/107/784
f 719/110/788 769/110/902 770/99/789
f 707/107/634 709/107/744 763/107/746
f 717/107/646 720/107/773 770/120/794
f 703/107/696 805/120/757 775/107/796
f 713/107/631 715/107/671 814/122/783
f 721/99/768 725/99/584 726/110/777
f 724/110/765 728/110/596 727/99/778
f 760/110/801 759/99/1134 841/99/802
f 803/120/804 739/107/868 737/107/805
f 836/99/807 757/99/1135 758/110/808
f 756/107/813 753/107/877 799/120/814
f 745/107/818 743/107/862 766/107/819
f 755/110/801 756/99/1134 772/99/802
f 773/107/806 737/107/805 735/107/821
f 698/110/828 697/99/915 832/99/829
f 735/99/831 736/110/834 734/110/832
f 737/99/833 738/110/833 736/110/834
f 739/99/837 740/110/836 738/110/833
f 743/99/838 744/110/838 742/110/839
f 747/99/840 748/110/840 746/110/841
f 745/99/842 746/110/841 744/110/838
f 749/99/843 750/110/845 748/110/840
f 751/99/844 752/110/844 750/110/845
f 756/99/846 755/110/846 754/110/847
f 753/99/848 754/110/847 752/110/844
f 759/99/849 760/110/849 758/110/850
f 841/107/851 759/107/852 757/107/852
f 751/107/854 749/107/864 811/120/855
f 743/107/862 741/107/1136 820/107/863
f 749/107/864 747/107/878 823/130/865
f 820/107/863 741/107/1136 739/107/868
f 830/131/807 733/99/1135 734/110/808
f 778/128/822 735/107/821 733/107/875
f 753/107/877 751/107/854 812/130/856
f 747/107/878 745/107/818 761/107/820
f 822/130/879 762/107/880 763/107/746
f 823/130/865 761/107/820 762/107/880
f 798/107/881 813/107/882 814/122/783
f 799/120/814 812/130/856 813/107/882
f 776/107/784 777/107/884 831/107/883
f 777/107/884 778/128/822 830/122/876
f 831/99/893 828/110/893 827/110/830
f 831/99/893 830/131/807 829/110/809
f 818/121/769 819/107/895 804/132/894
f 819/107/895 820/107/863 803/120/804
f 810/107/897 822/130/879 821/107/745
f 811/120/855 823/130/865 822/130/879
f 764/122/791 765/107/898 819/107/895
f 766/107/819 820/107/863 819/107/895
f 813/107/882 810/107/897 809/107/763
f 812/130/856 811/120/855 810/107/897
f 775/107/796 774/128/901 777/107/884
f 774/128/901 773/107/806 778/128/822
f 769/110/902 768/110/903 771/99/903
f 767/110/803 772/99/802 771/99/903
f 762/107/880 765/107/898 764/122/791
f 761/107/820 766/107/819 765/107/898
f 771/107/905 798/107/881 797/107/782
f 772/107/815 799/120/814 798/107/881
f 805/120/757 804/132/894 774/128/901
f 804/132/894 803/120/804 773/107/806
f 731/107/780 839/107/912 838/107/911
f 839/107/912 840/107/914 837/107/913
f 840/107/914 841/107/851 836/107/853
f 838/99/829 833/126/830 730/110/828
f 837/99/893 834/110/893 833/126/830
f 837/99/893 836/99/807 835/110/809
f 732/110/788 844/110/902 839/99/789
f 844/110/902 843/110/903 840/99/903
f 842/126/803 841/99/802 840/99/903
f 580/110/916 572/110/596 845/110/596
f 588/110/917 580/110/916 846/110/596
f 652/105/918 855/105/596 856/105/596
f 620/105/920 851/105/596 852/105/596
f 612/110/922 604/110/640 849/110/923
f 660/105/919 856/105/596 857/105/584
f 644/110/925 636/110/928 853/110/926
f 644/105/925 854/105/596 855/105/596
f 588/105/917 847/105/596 848/105/596
f 677/110/596 668/110/924 857/110/584
f 628/105/921 852/105/596 853/105/926
f 612/105/922 850/105/596 851/105/596
f 596/105/927 848/105/596 849/105/923
f 854/105/596 868/105/596 869/105/596
f 847/105/596 861/105/596 862/105/596
f 855/105/596 869/105/596 870/105/596
f 850/110/596 849/110/923 863/110/923
f 856/105/596 870/105/596 871/105/584
f 848/105/596 862/105/596 863/105/923
f 858/110/596 857/110/584 871/110/584
f 850/105/596 864/105/596 865/105/596
f 851/105/596 865/105/596 866/105/596
f 854/110/596 853/110/926 867/110/926
f 846/110/596 845/110/596 859/110/596
f 852/105/596 866/105/596 867/105/926
f 847/110/596 846/110/596 860/110/596
f 862/105/596 876/105/596 877/105/596
f 872/110/596 871/110/584 885/110/584
f 864/105/596 878/105/596 879/105/596
f 865/105/596 879/105/596 880/105/596
f 868/110/596 867/110/926 881/110/926
f 860/110/596 859/110/596 873/110/596
f 866/105/596 880/105/596 881/105/926
f 861/110/596 860/110/596 874/110/596
f 868/105/596 882/105/596 883/105/596
f 861/105/596 875/105/596 876/105/596
f 869/105/596 883/105/596 884/105/596
f 864/110/596 863/110/923 877/110/596
f 870/105/596 884/105/596 885/105/584
f 882/110/596 881/110/926 895/110/929
f 874/110/596 873/110/596 887/110/931
f 880/105/596 894/105/661 895/105/929
f 875/110/596 874/110/596 888/110/932
f 882/105/596 896/105/930 897/105/714
f 875/105/596 889/105/933 890/105/934
f 883/105/596 897/105/714 898/105/598
f 878/110/596 877/110/596 891/110/640
f 884/105/596 898/105/598 899/105/584
f 876/105/596 890/105/934 891/105/640
f 886/110/596 885/110/584 899/110/584
f 878/105/596 892/105/639 893/105/662
f 879/105/596 893/105/662 894/105/661
f 904/107/935 930/107/993 932/107/936
f 922/105/596 948/105/918 945/105/937
f 910/105/596 936/105/640 934/105/927
f 926/105/940 952/105/940 950/105/941
f 916/105/942 942/105/921 941/105/920
f 907/105/943 933/105/991 927/105/944
f 905/107/945 931/107/995 937/107/946
f 923/107/948 949/107/994 951/107/949
f 917/107/596 943/107/992 946/107/950
f 911/107/947 937/107/946 938/107/951
f 951/99/953 952/110/953 926/110/953
f 912/107/952 938/107/951 940/107/954
f 652/105/714 922/105/596 919/105/938
f 644/105/955 919/105/938 918/105/596
f 596/105/934 908/105/939 907/105/943
f 595/107/614 905/107/945 911/107/947
f 572/110/703 902/110/596 903/99/584
f 619/107/660 914/107/596 913/107/596
f 651/107/699 921/107/596 923/107/948
f 636/105/956 918/105/596 916/105/942
f 643/107/643 920/107/596 921/107/596
f 620/105/662 915/105/596 909/105/596
f 603/107/624 911/107/947 912/107/952
f 571/107/608 903/107/584 904/107/935
f 604/105/640 910/105/596 908/105/939
f 587/107/615 906/107/596 905/107/945
f 1015/121/972 957/107/986 963/107/973
f 975/107/975 977/107/1139 998/107/976
f 969/107/978 972/107/1022 994/132/979
f 995/107/974 963/107/973 964/107/981
f 998/99/983 977/99/983 978/110/983
f 964/107/981 966/107/1029 1009/135/984
f 1010/134/985 958/107/1019 957/107/986
f 901/105/596 927/105/944 928/105/703
f 920/107/596 946/107/950 947/107/987
f 919/105/938 945/105/937 944/105/988
f 902/110/596 928/110/703 929/99/989
f 914/107/596 940/107/954 939/107/990
f 908/105/939 934/105/927 933/105/991
f 913/107/596 939/107/990 943/107/992
f 903/107/584 929/107/989 930/107/993
f 921/107/596 947/107/987 949/107/994
f 909/105/596 935/105/922 936/105/640
f 918/105/596 944/105/988 942/105/921
f 915/105/596 941/105/920 935/105/922
f 924/105/596 950/105/1140 948/105/918
f 906/107/596 932/107/936 931/107/995
f 953/110/996 956/99/999 955/99/997
f 959/110/998 958/99/1001 956/99/999
f 960/110/1000 957/99/1005 958/99/1001
f 961/110/1002 964/99/1002 963/99/1003
f 962/110/1004 963/99/1003 957/99/1005
f 961/110/1002 967/110/1006 966/99/1006
f 968/110/1007 965/99/1011 966/99/1006
f 970/110/1008 971/110/1012 972/99/1009
f 968/110/1007 970/110/1008 969/99/1010
f 971/110/1012 974/110/1014 973/99/1013
f 974/110/1014 976/110/1016 975/99/1015
f 976/110/1016 978/110/1017 977/99/1017
f 1040/107/1018 956/107/1034 958/107/1019
f 972/107/1022 973/107/1035 1048/136/1023
f 966/107/1029 965/107/1032 1057/128/1030
f 965/107/1032 969/107/978 989/122/980
f 1054/130/1033 955/107/1125 956/107/1034
f 973/107/1035 975/107/975 986/107/977
f 982/110/1040 981/99/1040 1066/99/1040
f 1073/128/1042 1066/107/1141 981/107/1043
f 1069/99/1044 981/99/1043 982/110/703
f 1067/137/1045 980/110/1045 979/99/1045
f 979/107/1046 1064/107/1049 1071/107/1047
f 1064/107/1049 1065/107/1051 1072/107/1050
f 1065/107/1051 1066/107/1141 1073/128/1042
f 980/110/1041 1061/110/1041 1064/99/1041
f 1061/110/1041 1062/110/1040 1065/99/1041
f 1063/110/1041 1066/99/1040 1065/99/1041
f 1046/107/1073 988/135/1075 949/107/994
f 1047/107/1074 987/121/1076 988/135/1075
f 1048/136/1023 986/107/977 987/121/1076
f 929/107/989 1052/107/1078 1042/134/1077
f 1052/107/1078 1053/122/1080 1041/107/1079
f 1053/122/1080 1054/130/1033 1040/107/1018
f 1055/107/1081 991/122/1083 943/107/992
f 1056/107/1082 990/138/1084 991/122/1083
f 1057/128/1030 989/122/980 990/138/1084
f 1007/122/1091 1055/107/1081 939/107/990
f 1008/122/1092 1056/107/1082 1055/107/1081
f 1009/135/984 1057/128/1030 1056/107/1082
f 992/107/1102 1046/107/1073 947/107/987
f 993/134/1103 1047/107/1074 1046/107/1073
f 994/132/979 1048/136/1023 1047/107/1074
f 930/107/993 1042/134/1077 1012/107/1110
f 1042/134/1077 1041/107/1079 1011/132/1111
f 1041/107/1079 1040/107/1018 1010/134/985
f 932/107/936 1012/107/1110 1013/132/1112
f 1012/107/1110 1011/132/1111 1014/140/1113
f 1011/132/1111 1010/134/985 1015/121/972
f 1006/134/1114 1007/122/1091 940/107/954
f 1005/134/1115 1008/122/1092 1007/122/1091
f 1004/134/982 1009/135/984 1008/122/1092
f 1000/99/983 1001/110/983 952/110/983
f 999/99/983 1002/110/983 1001/110/983
f 999/99/983 998/99/983 1003/110/983
f 937/107/946 997/120/1116 1006/134/1114
f 997/120/1116 996/107/1117 1005/134/1115
f 996/107/1117 995/107/974 1004/134/982
f 991/122/1083 992/107/1102 946/107/950
f 990/138/1084 993/134/1103 992/107/1102
f 989/122/980 994/132/979 993/134/1103
f 988/135/1075 1000/107/1119 951/107/1118
f 987/121/1076 999/107/1120 1000/107/1119
f 986/107/977 998/107/976 999/107/1120
f 931/107/995 1013/132/1112 997/120/1116
f 1013/132/1112 1014/140/1113 996/107/1117
f 1014/140/1113 1015/121/972 995/107/974
f 1072/107/1050 1073/128/1042 1054/130/1033
f 1071/107/1047 1072/107/1050 1053/122/1080
f 1070/122/1048 1071/107/1047 1052/107/1078
f 928/110/1045 1067/137/1045 1070/99/1045
f 955/99/1125 1069/99/1044 1068/110/596
f 1054/130/1033 1073/128/1042 1069/107/1044
usemtl Material.003
f 706/105/761 806/119/762 824/118/754
f 712/105/766 815/117/760 714/105/759
f 716/105/785 788/116/749 718/105/748
f 702/105/792 796/117/752 791/124/793
f 708/105/753 781/125/795 710/105/786
f 800/116/810 746/105/811 779/117/812
f 736/105/816 793/119/800 794/127/817
f 785/105/825 754/105/826 790/105/827
f 741/99/835 740/110/836 739/99/837
f 758/105/857 842/115/858 835/105/859
f 784/129/824 750/105/860 817/105/861
f 740/105/866 826/115/867 808/117/799
f 807/105/896 824/118/754 806/119/762
f 808/117/799 825/118/889 807/105/896
f 782/123/787 816/127/892 815/117/760
f 783/117/899 817/105/861 816/127/892
f 787/117/758 789/118/886 788/116/749
f 786/105/891 790/105/827 789/118/886
f 795/127/888 791/124/793 796/117/752
f 794/127/817 792/105/904 795/127/888
f 802/119/755 780/124/900 781/125/795
f 801/129/890 779/117/812 780/124/900
f 833/115/906 732/105/907 730/105/907
f 834/105/908 844/105/909 833/115/906
f 835/105/859 843/105/910 834/105/908
f 1037/129/957 971/105/958 1036/127/959
f 962/105/960 1030/105/961 1031/105/962
f 959/105/969 985/105/970 1016/118/971
f 1036/127/959 970/105/1024 1051/125/1025
f 960/105/1031 1016/118/971 1030/105/961
f 1051/125/1025 968/105/1038 1022/133/966
f 944/105/1064 1024/133/1065 942/105/1066
f 1049/105/1067 1023/133/1068 1024/133/1065
f 1050/105/1069 1022/133/966 1023/133/1068
f 1028/105/1085 933/105/1086 934/105/1087
f 1029/105/1088 1018/124/1089 1028/105/1085
f 1030/105/961 1017/119/1090 1029/105/1088
f 945/105/1099 1049/105/1067 944/105/1064
f 1034/117/1100 1050/105/1069 1049/105/1067
f 1035/117/1101 1051/125/1025 1050/105/1069
f 1018/124/1089 927/105/1106 933/105/1086
f 1017/119/1090 983/105/1104 1018/124/1089
f 1016/118/971 984/105/1107 1017/119/1090
f 1033/129/1071 934/105/1087 936/105/1070
f 1032/105/1072 1028/105/1085 1033/129/1071
f 1031/105/962 1029/105/1088 1032/105/1072
f 948/105/1054 1034/117/1100 945/105/1099
f 1039/105/1053 1035/117/1101 1034/117/1100
f 1038/115/1056 1036/127/959 1035/117/1101
f 706/105/761 704/105/797 806/119/762
f 712/105/766 782/123/787 815/117/760
f 716/105/785 787/117/758 788/116/749
f 702/105/792 700/105/750 796/117/752
f 708/105/753 802/119/755 781/125/795
f 800/116/810 744/105/870 746/105/811
f 736/105/816 738/105/798 793/119/800
f 785/105/825 752/105/869 754/105/826
f 741/99/835 742/110/839 740/110/836
f 758/105/857 760/105/857 842/115/858
f 784/129/824 748/105/823 750/105/860
f 740/105/866 742/105/1137 826/115/867
f 807/105/896 825/118/889 824/118/754
f 808/117/799 826/115/867 825/118/889
f 782/123/787 783/117/899 816/127/892
f 783/117/899 784/129/824 817/105/861
f 787/117/758 786/105/891 789/118/886
f 786/105/891 785/105/825 790/105/827
f 795/127/888 792/105/904 791/124/793
f 794/127/817 793/119/800 792/105/904
f 802/119/755 801/129/890 780/124/900
f 801/129/890 800/116/810 779/117/812
f 833/115/906 844/105/909 732/105/907
f 834/105/908 843/105/910 844/105/909
f 835/105/859 842/115/858 843/105/910
f 1037/129/957 974/105/1039 971/105/958
f 962/105/960 960/105/1031 1030/105/961
f 959/105/969 953/105/1020 985/105/970
f 1036/127/959 971/105/958 970/105/1024
f 960/105/1031 959/105/969 1016/118/971
f 1051/125/1025 970/105/1024 968/105/1038
f 944/105/1064 1049/105/1067 1024/133/1065
f 1049/105/1067 1050/105/1069 1023/133/1068
f 1050/105/1069 1051/125/1025 1022/133/966
f 1028/105/1085 1018/124/1089 933/105/1086
f 1029/105/1088 1017/119/1090 1018/124/1089
f 1030/105/961 1016/118/971 1017/119/1090
f 945/105/1099 1034/117/1100 1049/105/1067
f 1034/117/1100 1035/117/1101 1050/105/1069
f 1035/117/1101 1036/127/959 1051/125/1025
f 1018/124/1089 983/105/1104 927/105/1106
f 1017/119/1090 984/105/1107 983/105/1104
f 1016/118/971 985/105/970 984/105/1107
f 1033/129/1071 1028/105/1085 934/105/1087
f 1032/105/1072 1029/105/1088 1028/105/1085
f 1031/105/962 1030/105/961 1029/105/1088
f 948/105/1054 1039/105/1053 1034/117/1100
f 1039/105/1053 1038/115/1056 1035/117/1101
f 1038/115/1056 1037/129/957 1036/127/959
usemtl Material.004
f 688/102/582 569/103/583 674/104/584
f 568/105/585 577/103/586 569/103/583
f 573/103/592 692/102/593 690/104/594
f 581/103/599 588/105/600 580/105/601
f 573/103/592 580/105/601 572/105/609
f 576/105/616 585/103/617 577/103/586
f 589/103/621 596/105/628 588/105/600
f 584/105/629 593/103/625 585/103/617
f 600/105/636 609/103/637 601/103/638
f 597/103/627 604/105/642 596/105/628
f 592/105/644 601/103/638 593/103/625
f 613/103/648 620/105/649 612/105/650
f 605/103/626 612/105/650 604/105/642
f 608/105/663 617/103/664 609/103/637
f 621/103/667 628/105/672 620/105/649
f 616/105/673 625/103/668 617/103/664
f 632/105/677 641/103/678 633/103/679
f 645/103/683 636/105/684 637/103/669
f 629/103/670 636/105/684 628/105/672
f 624/105/689 633/103/679 625/103/668
f 653/103/690 644/105/691 645/103/683
f 640/105/704 649/103/701 641/103/678
f 656/105/711 665/103/712 657/103/708
f 661/103/702 652/105/713 653/103/690
f 648/105/715 657/103/708 649/103/701
f 669/103/709 660/105/722 661/103/702
f 678/103/733 685/105/734 677/105/735
f 664/105/739 682/103/740 665/103/712
f 769/115/747 718/105/748 788/116/749
f 700/105/750 827/117/751 796/117/752
f 708/105/753 824/118/754 802/119/755
f 787/117/758 714/105/759 815/117/760
f 710/105/786 782/123/787 712/105/766
f 704/105/797 791/124/793 806/119/762
f 738/105/798 808/117/799 793/119/800
f 779/117/812 748/105/823 784/129/824
f 817/105/861 752/105/869 785/105/825
f 826/115/867 744/105/870 800/116/810
f 734/105/871 794/127/817 829/105/872
f 790/105/827 755/105/873 767/105/874
f 788/116/749 768/105/885 769/115/747
f 789/118/886 767/105/874 768/105/885
f 828/105/887 796/117/752 827/117/751
f 829/105/872 795/127/888 828/105/887
f 825/118/889 802/119/755 824/118/754
f 825/118/889 800/116/810 801/129/890
f 815/117/760 786/105/891 787/117/758
f 816/127/892 785/105/825 786/105/891
f 781/125/795 783/117/899 782/123/787
f 780/124/900 784/129/824 783/117/899
f 792/105/904 806/119/762 791/124/793
f 793/119/800 807/105/896 792/105/904
f 1003/105/963 976/105/964 1027/105/965
f 1022/133/966 967/105/967 1021/117/968
f 953/105/1020 1045/118/1021 985/105/970
f 1076/105/1026 980/105/1027 1067/105/1028
f 961/105/1036 1031/105/962 1058/105/1037
f 1021/117/968 961/105/1036 1058/105/1037
f 1027/105/965 974/105/1039 1037/129/957
f 950/105/1052 1039/105/1053 948/105/1054
f 1025/105/1055 1038/115/1056 1039/105/1053
f 1026/118/1057 1037/129/957 1038/115/1056
f 941/105/1058 1060/105/1059 935/105/1060
f 1019/105/1061 1059/105/1062 1060/105/1059
f 1020/105/1063 1058/105/1037 1059/105/1062
f 1060/105/1059 936/105/1070 935/105/1060
f 1059/105/1062 1033/129/1071 1060/105/1059
f 1058/105/1037 1032/105/1072 1059/105/1062
f 1068/105/1093 1063/105/1094 1074/129/1095
f 1074/129/1095 1062/105/1096 1075/139/1097
f 1075/139/1097 1061/105/1098 1076/105/1026
f 983/105/1104 928/105/1105 927/105/1106
f 984/105/1107 1043/115/1108 983/105/1104
f 985/105/970 1044/119/1109 984/105/1107
f 942/105/1066 1019/105/1061 941/105/1058
f 1024/133/1065 1020/105/1063 1019/105/1061
f 1023/133/1068 1021/117/968 1020/105/1063
f 952/105/1121 1025/105/1055 950/105/1052
f 1001/105/1122 1026/118/1057 1025/105/1055
f 1002/105/1123 1027/105/965 1026/118/1057
f 1044/119/1109 1076/105/1026 1043/115/1108
f 1045/118/1021 1075/139/1097 1044/119/1109
f 954/105/1124 1074/129/1095 1045/118/1021
f 1043/115/1108 1067/105/1028 928/105/1105
f 688/102/582 568/105/585 569/103/583
f 568/105/585 576/105/616 577/103/586
f 573/103/592 572/105/609 692/102/593
f 581/103/599 589/103/621 588/105/600
f 573/103/592 581/103/599 580/105/601
f 576/105/616 584/105/629 585/103/617
f 589/103/621 597/103/627 596/105/628
f 584/105/629 592/105/644 593/103/625
f 600/105/636 608/105/663 609/103/637
f 597/103/627 605/103/626 604/105/642
f 592/105/644 600/105/636 601/103/638
f 613/103/648 621/103/667 620/105/649
f 605/103/626 613/103/648 612/105/650
f 608/105/663 616/105/673 617/103/664
f 621/103/667 629/103/670 628/105/672
f 616/105/673 624/105/689 625/103/668
f 632/105/677 640/105/704 641/103/678
f 645/103/683 644/105/691 636/105/684
f 629/103/670 637/103/669 636/105/684
f 624/105/689 632/105/677 633/103/679
f 653/103/690 652/105/713 644/105/691
f 640/105/704 648/105/715 649/103/701
f 656/105/711 664/105/739 665/103/712
f 661/103/702 660/105/722 652/105/713
f 648/105/715 656/105/711 657/103/708
f 669/103/709 668/105/1128 660/105/722
f 678/103/733 686/103/738 685/105/734
f 664/105/739 681/105/1131 682/103/740
f 769/115/747 719/105/1132 718/105/748
f 700/105/750 698/105/1133 827/117/751
f 708/105/753 706/105/761 824/118/754
f 787/117/758 716/105/785 714/105/759
f 710/105/786 781/125/795 782/123/787
f 704/105/797 702/105/792 791/124/793
f 738/105/798 740/105/866 808/117/799
f 779/117/812 746/105/811 748/105/823
f 817/105/861 750/105/860 752/105/869
f 826/115/867 742/105/1137 744/105/870
f 734/105/871 736/105/816 794/127/817
f 790/105/827 754/105/826 755/105/873
f 788/116/749 789/118/886 768/105/885
f 789/118/886 790/105/827 767/105/874
f 828/105/887 795/127/888 796/117/752
f 829/105/872 794/127/817 795/127/888
f 825/118/889 801/129/890 802/119/755
f 825/118/889 826/115/867 800/116/810
f 815/117/760 816/127/892 786/105/891
f 816/127/892 817/105/861 785/105/825
f 781/125/795 780/124/900 783/117/899
f 780/124/900 779/117/812 784/129/824
f 792/105/904 807/105/896 806/119/762
f 793/119/800 808/117/799 807/105/896
f 1003/105/963 978/105/1138 976/105/964
f 1022/133/966 968/105/1038 967/105/967
f 953/105/1020 954/105/1124 1045/118/1021
f 1076/105/1026 1061/105/1098 980/105/1027
f 961/105/1036 962/105/960 1031/105/962
f 1021/117/968 967/105/967 961/105/1036
f 1027/105/965 976/105/964 974/105/1039
f 950/105/1052 1025/105/1055 1039/105/1053
f 1025/105/1055 1026/118/1057 1038/115/1056
f 1026/118/1057 1027/105/965 1037/129/957
f 941/105/1058 1019/105/1061 1060/105/1059
f 1019/105/1061 1020/105/1063 1059/105/1062
f 1020/105/1063 1021/117/968 1058/105/1037
f 1060/105/1059 1033/129/1071 936/105/1070
f 1059/105/1062 1032/105/1072 1033/129/1071
f 1058/105/1037 1031/105/962 1032/105/1072
f 1068/105/1093 982/105/584 1063/105/1094
f 1074/129/1095 1063/105/1094 1062/105/1096
f 1075/139/1097 1062/105/1096 1061/105/1098
f 983/105/1104 1043/115/1108 928/105/1105
f 984/105/1107 1044/119/1109 1043/115/1108
f 985/105/970 1045/118/1021 1044/119/1109
f 942/105/1066 1024/133/1065 1019/105/1061
f 1024/133/1065 1023/133/1068 1020/105/1063
f 1023/133/1068 1022/133/966 1021/117/968
f 952/105/1121 1001/105/1122 1025/105/1055
f 1001/105/1122 1002/105/1123 1026/118/1057
f 1002/105/1123 1003/105/963 1027/105/965
f 1044/119/1109 1075/139/1097 1076/105/1026
f 1045/118/1021 1074/129/1095 1075/139/1097
f 954/105/1124 1068/105/1093 1074/129/1095
f 1043/115/1108 1076/105/1026 1067/105/1028
o Cube.008
v -143.166473 12.416611 1.967208
v -143.166351 12.416550 2.170555
v -142.540268 12.418270 2.066078
v -142.540283 12.418276 1.863458
v -129.034866 12.418282 2.047278
v -129.034866 12.418282 2.249806
v -129.667038 12.418281 2.073241
v -129.667038 12.418281 1.870714
v -143.004333 9.927308 1.967208
v -143.004211 9.927247 2.170555
v -142.383545 10.011406 2.065775
v -142.383545 10.011406 1.863248
v -128.993439 11.772494 2.016789
v -128.993439 11.772494 2.219317
v -129.620209 11.690060 2.066839
v -129.620209 11.690060 1.864312
v -142.518982 7.480404 1.967208
v -142.518860 7.480345 2.170556
v -141.914291 7.645527 2.065775
v -141.914291 7.645527 1.863248
v -128.868149 11.137623 1.987717
v -128.868149 11.137623 2.190245
v -129.478821 10.974164 2.065775
v -129.478821 10.974164 1.863247
v -141.718689 5.117682 1.967208
v -141.718582 5.117620 2.170556
v -141.140533 5.361038 2.065776
v -141.140533 5.361038 1.863248
v -128.661148 10.524509 1.976061
v -128.661148 10.524509 2.178589
v -129.245300 10.282814 2.065775
v -129.245300 10.282814 1.863247
v -140.617157 2.879490 1.967208
v -140.617035 2.879429 2.170555
v -140.075485 3.196953 2.065776
v -140.075485 3.196953 1.863248
v -128.375977 9.943623 1.976061
v -128.375977 9.943623 2.178589
v -128.923615 9.627821 2.065775
v -128.923615 9.627821 1.863247
v -139.233154 0.804049 1.967208
v -139.233032 0.803988 2.170556
v -138.737350 1.190224 2.065776
v -138.737350 1.190224 1.863248
v -128.017471 9.404882 1.976061
v -128.017471 9.404882 2.178589
v -128.519257 9.020367 2.065775
v -128.519257 9.020367 1.863247
v -137.590347 -1.073204 1.967208
v -137.590225 -1.073267 2.170556
v -137.148956 -0.624882 2.065776
v -137.148956 -0.624882 1.863248
v -127.591797 8.917490 1.976061
v -127.591797 8.917490 2.178589
v -128.039154 8.470827 2.065775
v -128.039154 8.470827 1.863247
v -135.716766 -2.720207 1.967208
v -135.716644 -2.720270 2.170556
v -135.337448 -2.217365 2.065776
v -135.337448 -2.217365 1.863248
v -127.106194 8.489767 1.976061
v -127.106194 8.489767 2.178589
v -127.491486 7.988583 2.065775
v -127.491486 7.988583 1.863247
v -133.644424 -4.108841 1.967208
v -133.644302 -4.108902 2.170556
v -133.333755 -3.560030 2.065776
v -133.333755 -3.560030 1.863248
v -126.568962 8.129017 1.976061
v -126.568962 8.129017 2.178589
v -126.885612 7.581871 2.065775
v -126.885612 7.581871 1.863247
v -131.408691 -5.215384 1.967208
v -131.408585 -5.215443 2.170556
v -131.172073 -4.629955 2.065776
v -131.172073 -4.629955 1.863248
v -125.989281 7.841402 1.988865
v -125.989281 7.841402 2.191393
v -126.231873 7.257637 2.065775
v -126.231873 7.257637 1.863247
v -129.047775 -6.020947 1.967208
v -129.047653 -6.021008 2.170556
v -128.889343 -5.408865 2.065776
v -128.889343 -5.408865 1.863248
v -125.377037 7.631832 2.018014
v -125.377037 7.631832 2.220541
v -125.541443 7.021416 2.066980
v -125.541443 7.021416 1.864452
v -126.601959 -6.511768 1.967208
v -126.601845 -6.511829 2.170556
v -126.524506 -5.883471 2.066168
v -126.524521 -5.883462 1.863522
v -124.742699 7.503885 2.048539
v -124.742699 7.503885 2.251067
v -124.826103 6.877245 2.073635
v -124.826103 6.877245 1.871107
v -124.113029 -6.679469 1.967208
v -124.112915 -6.679530 2.170556
v -124.117897 -6.045680 2.067787
v -124.117943 -6.045658 1.864971
v -124.097092 7.459749 2.079348
v -124.097092 7.459749 2.281876
v -124.098068 6.827583 2.086588
v -124.098068 6.827583 1.884061
v -124.117943 -6.045658 1.864971
v -124.113029 -6.679469 1.967208
v -142.540283 19.232857 1.863247
v -142.540283 19.232857 2.065774
v -124.098068 6.827583 1.884061
v -124.097092 7.459749 2.079348
v -124.097092 7.459749 2.281876
v -124.098068 6.827583 2.086588
v -119.187302 -6.053286 1.863248
v -119.188286 -6.685454 1.863248
v -119.188286 -6.685454 2.065776
v -119.187302 -6.053286 2.065776
v -119.167351 6.819939 1.863247
v -119.166367 7.452106 1.863247
v -119.166367 7.452106 2.065774
v -119.167351 6.819939 2.065775
v -143.172455 19.232857 1.863247
v -143.172455 19.232857 2.065775
v -129.667038 19.232864 1.863246
v -129.667038 19.232864 2.065774
v -129.034866 19.232864 1.863246
v -129.034866 19.232866 2.065774
v -143.166473 12.416611 1.967208
v -143.166351 12.416550 2.170555
v -143.004333 9.927308 1.967208
v -143.004211 9.927247 2.170555
v -143.004333 9.927308 1.967208
v -143.004211 9.927247 2.170555
v -142.518982 7.480404 1.967208
v -142.518860 7.480345 2.170556
v -141.718689 5.117682 1.967208
v -141.718582 5.117620 2.170556
v -140.617157 2.879490 1.967208
v -140.617035 2.879429 2.170555
v -139.233154 0.804049 1.967208
v -139.233032 0.803988 2.170556
v -137.590347 -1.073204 1.967208
v -137.590225 -1.073267 2.170556
v -135.716766 -2.720207 1.967208
v -135.716644 -2.720270 2.170556
v -133.644424 -4.108841 1.967208
v -133.644302 -4.108902 2.170556
v -131.408691 -5.215384 1.967208
v -131.408585 -5.215443 2.170556
v -129.047775 -6.020947 1.967208
v -129.047653 -6.021008 2.170556
v -126.601959 -6.511768 1.967208
v -126.601845 -6.511829 2.170556
v -124.112915 -6.679530 2.170556
v -124.113029 -6.679469 1.967208
v -143.166473 12.416611 1.967208
v -143.166351 12.416550 2.170555
v -143.004333 9.927308 1.967208
v -143.004211 9.927247 2.170555
v -143.166473 12.416611 1.967208
v -143.166351 12.416550 2.170555
v -143.004333 9.927308 1.967208
v -143.004211 9.927247 2.170555
v -143.166473 12.416611 1.967208
v -143.166351 12.416550 2.170555
v -143.004333 9.927308 1.967208
v -143.004211 9.927247 2.170555
v -144.492035 8.632420 1.966892
v -144.491928 8.632359 2.170237
v -144.006683 6.185514 1.966892
v -144.006561 6.185453 2.170237
v -143.206406 3.822794 1.966892
v -143.206284 3.822731 2.170237
v -142.104858 1.584599 1.966892
v -142.104736 1.584539 2.170237
v -140.720856 -0.490845 1.966892
v -140.720749 -0.490906 2.170236
v -139.078049 -2.368095 1.966892
v -139.077927 -2.368156 2.170237
v -137.204468 -4.015100 1.966892
v -137.204361 -4.015162 2.170237
v -135.132126 -5.403729 1.966892
v -135.132019 -5.403793 2.170237
v -132.896408 -6.510276 1.966892
v -132.896286 -6.510337 2.170237
v -130.535477 -7.315834 1.966892
v -130.535355 -7.315899 2.170237
v -128.089661 -7.806663 1.966892
v -128.089554 -7.806721 2.170237
v -125.600616 -7.974425 2.170237
v -125.600739 -7.974364 1.966892
v -144.654175 11.121721 1.966891
v -144.654068 11.121660 2.170236
v -144.492035 8.632420 1.966892
v -144.491928 8.632359 2.170237
v -136.822968 -3.694134 2.129723
v -136.446075 -3.371826 2.214248
v -136.079117 -3.046680 2.129826
v -137.952698 -1.399679 2.129827
v -138.319656 -1.724821 2.214248
v -138.696533 -2.047131 2.129723
v -125.219223 -7.653400 2.332251
v -124.842346 -7.331089 2.416776
v -124.475380 -7.005946 2.332354
v -124.475380 -7.005946 2.129826
v -124.842346 -7.331089 2.214248
v -125.219223 -7.653400 2.129723
v -142.824890 4.143759 2.129723
v -142.448013 4.466064 2.214248
v -142.081039 4.791208 2.129826
v -142.881332 7.153929 2.129826
v -143.248291 6.828787 2.214248
v -143.625168 6.506483 2.129724
v -136.822968 -3.694134 2.332251
v -136.446075 -3.371826 2.416776
v -136.079117 -3.046680 2.332354
v -134.006775 -4.435314 2.332355
v -134.373734 -4.760456 2.416776
v -134.750610 -5.082766 2.332251
v -130.153961 -6.994868 2.332251
v -129.777084 -6.672562 2.416776
v -129.410126 -6.347418 2.332354
v -126.964310 -6.838245 2.332354
v -127.331276 -7.163386 2.416776
v -127.708153 -7.485699 2.332251
v -142.081039 4.791208 2.332354
v -142.448013 4.466064 2.416776
v -142.824890 4.143759 2.332251
v -143.625168 6.506483 2.332251
v -143.248291 6.828789 2.416776
v -142.881332 7.153931 2.332354
v -126.964310 -6.838245 2.129827
v -127.331276 -7.163386 2.214248
v -127.708153 -7.485699 2.129723
v -138.696533 -2.047131 2.332251
v -138.319656 -1.724821 2.416776
v -137.952698 -1.399679 2.332354
v -141.723343 1.905563 2.129723
v -141.346466 2.227873 2.214248
v -140.979492 2.553015 2.129826
v -140.979492 2.553015 2.332354
v -141.346466 2.227873 2.416776
v -141.723343 1.905563 2.332251
v -131.771042 -5.541857 2.129827
v -132.138016 -5.866999 2.214248
v -132.514893 -6.189306 2.129724
v -130.153961 -6.994868 2.129723
v -129.777084 -6.672562 2.214248
v -129.410126 -6.347418 2.129826
v -131.771042 -5.541857 2.332354
v -132.138016 -5.866999 2.416776
v -132.514893 -6.189306 2.332252
v -139.595505 0.477573 2.129826
v -139.962463 0.152431 2.214248
v -140.339355 -0.169880 2.129723
v -134.006775 -4.435314 2.129827
v -134.373734 -4.760456 2.214248
v -134.750610 -5.082766 2.129723
v -139.595505 0.477573 2.332354
v -139.962463 0.152431 2.416776
v -140.339355 -0.169880 2.332251
v -143.366684 9.600833 2.332354
v -143.733658 9.275692 2.416775
v -144.110535 8.953384 2.332251
v -144.110535 8.953384 2.129724
v -143.733658 9.275694 2.214248
v -143.366684 9.600833 2.129826
v -143.528824 12.090136 2.332353
v -143.895798 11.764993 2.416775
v -144.272675 11.442688 2.332251
v -144.272675 11.442688 2.129723
v -143.895798 11.764994 2.214248
v -143.528824 12.090137 2.129826
v -143.366684 9.600833 2.129826
v -143.733658 9.275692 2.214248
v -144.110535 8.953384 2.129723
v -144.110535 8.953384 2.332251
v -143.733658 9.275694 2.416775
v -143.366684 9.600833 2.332354
v -129.034866 12.418282 2.249806
v -128.993439 11.772494 2.219317
v -128.868149 11.137623 2.190245
v -128.661148 10.524509 2.178589
v -128.375977 9.943623 2.178589
v -128.017471 9.404882 2.178589
v -127.591797 8.917490 2.178589
v -127.106194 8.489767 2.178589
v -126.568962 8.129017 2.178589
v -125.989281 7.841402 2.191393
v -125.377037 7.631832 2.220541
v -124.742699 7.503885 2.251067
v -124.097092 7.459749 2.281876
v -124.097092 7.459749 2.281876
v -129.034866 12.418282 2.249806
v -128.993439 11.772494 2.219317
v -128.868149 11.137623 2.190245
v -128.661148 10.524509 2.178589
v -128.375977 9.943623 2.178589
v -128.017471 9.404882 2.178589
v -127.591797 8.917490 2.178589
v -127.106194 8.489767 2.178589
v -126.568962 8.129017 2.178589
v -125.989281 7.841402 2.191393
v -125.377037 7.631832 2.220541
v -124.742699 7.503885 2.251067
v -124.097092 7.459749 2.281876
v -124.097092 7.459749 2.281876
v -129.034866 12.418282 2.249806
v -128.993439 11.772494 2.219317
v -128.868149 11.137623 2.190245
v -128.661148 10.524509 2.178589
v -128.375977 9.943623 2.178589
v -128.017471 9.404882 2.178589
v -127.591797 8.917490 2.178589
v -127.106194 8.489767 2.178589
v -126.568962 8.129017 2.178589
v -125.989281 7.841402 2.191393
v -125.377037 7.631832 2.220541
v -124.742699 7.503885 2.251067
v -124.097092 7.459749 2.281876
v -124.097092 7.459749 2.281876
v -129.034866 12.418282 2.249806
v -128.993439 11.772494 2.219317
v -128.868149 11.137623 2.190245
v -128.661148 10.524509 2.178589
v -128.375977 9.943623 2.178589
v -128.017471 9.404882 2.178589
v -127.591797 8.917490 2.178589
v -127.106194 8.489767 2.178589
v -126.568962 8.129017 2.178589
v -125.989281 7.841402 2.191393
v -125.377037 7.631832 2.220541
v -124.742699 7.503885 2.251067
v -124.097092 7.459749 2.281876
v -124.097092 7.459749 2.281876
v -128.993439 11.772494 2.219317
v -129.034866 12.418282 2.249806
v -129.034866 12.418282 2.047278
v -128.993439 11.772494 2.016789
v -128.661148 10.524509 1.976061
v -128.868149 11.137623 1.987717
v -128.868149 11.137623 2.190245
v -128.661148 10.524509 2.178589
v -128.017471 9.404882 2.178589
v -128.375977 9.943623 2.178589
v -128.375977 9.943623 1.976061
v -128.017471 9.404882 1.976061
v -127.106194 8.489767 1.976061
v -127.591797 8.917490 1.976061
v -127.591797 8.917490 2.178589
v -127.106194 8.489767 2.178589
v -126.568962 8.129017 1.976061
v -126.568962 8.129017 2.178589
v -125.989281 7.841402 2.191393
v -125.989281 7.841402 1.988865
v -125.377037 7.631832 2.018014
v -125.377037 7.631832 2.220541
v -124.742699 7.503885 2.048539
v -124.742699 7.503885 2.251067
v -124.097092 7.459749 2.079348
v -124.097092 7.459749 2.281876
v -128.993439 11.772494 2.219317
v -129.034866 12.418282 2.249806
v -129.034866 12.418282 2.047278
v -128.993439 11.772494 2.016789
v -128.661148 10.524509 1.976061
v -128.868149 11.137623 1.987717
v -128.868149 11.137623 2.190245
v -128.661148 10.524509 2.178589
v -128.017471 9.404882 2.178589
v -128.375977 9.943623 2.178589
v -128.375977 9.943623 1.976061
v -128.017471 9.404882 1.976061
v -127.106194 8.489767 1.976061
v -127.591797 8.917490 1.976061
v -127.591797 8.917490 2.178589
v -127.106194 8.489767 2.178589
v -126.568962 8.129017 1.976061
v -126.568962 8.129017 2.178589
v -125.989281 7.841402 2.191393
v -125.989281 7.841402 1.988865
v -125.377037 7.631832 2.018014
v -125.377037 7.631832 2.220541
v -124.742699 7.503885 2.048539
v -124.742699 7.503885 2.251067
v -122.617874 7.459751 2.097712
v -122.617874 7.459751 2.300240
v -127.504486 13.065926 2.249806
v -127.545914 13.711714 2.264933
v -127.545914 13.711714 2.062405
v -127.504486 13.065926 2.047278
v -127.172203 11.817942 1.987717
v -127.379204 12.431055 2.016789
v -127.379204 12.431055 2.219317
v -127.172203 11.817942 2.190245
v -126.528526 10.698317 2.178588
v -126.887024 11.237056 2.178589
v -126.887024 11.237056 1.976061
v -126.528526 10.698317 1.976061
v -125.617249 9.783200 1.976061
v -126.102844 10.210923 1.976061
v -126.102844 10.210923 2.178589
v -125.617249 9.783200 2.178589
v -125.080017 9.422451 1.988865
v -125.080017 9.422451 2.191393
v -124.500328 9.134834 2.220541
v -124.500328 9.134834 2.018014
v -123.888092 8.925264 2.048539
v -123.888092 8.925264 2.251067
v -123.253754 8.797318 2.086045
v -123.253754 8.797318 2.288573
v -122.608139 8.753181 2.097712
v -122.608139 8.753181 2.300239
v -129.034866 13.720726 2.076253
v -129.034866 13.720726 2.241288
v -127.545914 13.711714 2.062405
v -127.545914 13.711714 2.264933
v -128.621201 12.095850 2.352304
v -128.248962 12.419209 2.442727
v -127.876724 12.742567 2.352304
v -123.625984 8.473959 2.149777
v -123.998222 8.150602 2.240199
v -124.370461 7.827246 2.149777
v -125.452255 9.099094 2.149776
v -125.824486 8.775734 2.240199
v -126.196724 8.452377 2.149777
v -125.617043 8.164762 2.149777
v -125.244804 8.488119 2.240199
v -124.872566 8.811478 2.149776
v -127.259262 10.913698 2.149776
v -127.631500 10.590339 2.240199
v -128.003738 10.266981 2.149776
v -122.610573 8.429825 2.197698
v -122.613007 8.106466 2.240199
v -122.615440 7.783110 2.197698
v -122.615440 7.783110 2.400226
v -122.613007 8.106466 2.442727
v -122.610573 8.429825 2.400226
v -126.900764 10.374958 2.149776
v -127.273003 10.051600 2.240199
v -127.645241 9.728242 2.149777
v -127.219559 9.240847 2.149776
v -126.847321 9.564207 2.240199
v -126.475082 9.887566 2.149776
v -127.751442 12.107697 2.149776
v -128.123672 11.784339 2.240199
v -128.495911 11.460981 2.149777
v -128.288910 10.847868 2.149776
v -127.916679 11.171226 2.240199
v -127.544441 11.494584 2.149776
v -127.751442 12.107697 2.352304
v -128.123672 11.784339 2.442727
v -128.495911 11.460981 2.352304
v -127.219559 9.240847 2.352304
v -126.847321 9.564207 2.442727
v -126.475082 9.887566 2.352304
v -125.989487 9.459843 2.352304
v -126.361717 9.136484 2.442727
v -126.733955 8.813126 2.352304
v -124.370461 7.827246 2.352304
v -123.998222 8.150602 2.442727
v -123.625984 8.473959 2.352305
v -128.288910 10.847868 2.352304
v -127.916679 11.171226 2.442727
v -127.544441 11.494584 2.352304
v -127.259262 10.913698 2.352304
v -127.631500 10.590339 2.442727
v -128.003738 10.266981 2.352304
v -125.617043 8.164762 2.352304
v -125.244804 8.488119 2.442727
v -124.872566 8.811478 2.352304
v -124.260330 8.601908 2.352304
v -124.632568 8.278547 2.442727
v -125.004799 7.955191 2.352305
v -127.876724 12.742567 2.149776
v -128.248962 12.419209 2.240199
v -128.621201 12.095850 2.149777
v -128.662628 12.741639 2.352304
v -128.290390 13.064997 2.442727
v -127.918152 13.388355 2.352304
v -125.004799 7.955191 2.149777
v -124.632561 8.278547 2.240199
v -124.260323 8.601908 2.149776
v -126.196724 8.452377 2.352304
v -125.824486 8.775734 2.442727
v -125.452248 9.099094 2.352304
v -128.662628 12.741639 2.149776
v -128.290390 13.064997 2.240199
v -127.918152 13.388355 2.149776
v -126.733955 8.813126 2.149777
v -126.361717 9.136484 2.240199
v -125.989487 9.459843 2.149776
v -126.900764 10.374958 2.352304
v -127.273003 10.051600 2.442727
v -127.645241 9.728242 2.352304
v -128.662628 13.718472 2.387784
v -128.290390 13.716219 2.442727
v -127.918152 13.713966 2.387784
v -128.662628 13.718472 2.185257
v -128.290390 13.716219 2.240199
v -127.918152 13.713966 2.185257
v -129.034866 13.069504 2.241394
v -127.545914 13.711714 2.264933
v -127.545914 13.711714 2.062405
v -129.034866 13.069504 2.065238
v -128.662628 13.230056 2.167517
v -128.290390 13.390609 2.240199
v -127.918152 13.551161 2.167517
v -127.918152 13.551161 2.370044
v -128.290390 13.390609 2.442727
v -128.662628 13.230056 2.370044
vn -1.0000 -0.0009 0.0006
vn -1.0000 -0.0009 -0.0000
vn 0.0097 0.0009 1.0000
vn 0.0818 0.0064 0.9966
vn -0.0000 -0.0000 1.0000
vn 0.1646 0.0130 0.9863
vn 0.0854 0.0111 0.9963
vn -0.0848 -0.0111 -0.9963
vn 0.1868 0.6351 0.7495
vn -0.0811 -0.0063 -0.9967
vn -0.0000 1.0000 -0.0000
vn 1.0000 -0.0000 -0.0000
vn -0.1250 -0.0063 0.9921
vn -0.0164 0.0026 0.9999
vn -0.0002 0.0009 1.0000
vn 0.1809 -0.9788 0.0960
vn -0.2515 -0.6058 0.7548
vn -0.0000 -0.0000 -1.0000
vn 0.1782 0.9835 0.0310
vn -0.1064 -0.0236 0.9940
vn -0.1924 -0.0705 0.9788
vn -0.2373 -0.0651 0.9693
vn 0.0872 0.0260 -0.9958
vn 0.1064 0.0236 -0.9940
vn 0.1249 0.0064 -0.9921
vn 0.9072 0.1189 -0.4036
vn -0.8001 -0.5704 -0.1857
vn -0.0086 -0.8986 0.4387
vn -0.1264 0.7187 0.6837
vn -0.2690 -0.0191 0.9630
vn 0.0782 0.0322 -0.9964
vn -0.0826 -0.0221 -0.9963
vn -0.0789 -0.0326 -0.9963
vn -0.1671 0.0384 -0.9852
vn 0.0346 -0.8840 0.4662
vn -0.2095 -0.1020 0.9725
vn 0.1636 0.0215 0.9863
vn 0.0832 0.0222 0.9963
vn 0.2602 0.9646 0.0424
vn 0.1321 0.9903 0.0424
vn 0.1322 0.9903 0.0424
vn -0.0872 -0.0260 0.9958
vn -0.0740 -0.0426 -0.9964
vn 0.4564 -0.8880 0.0569
vn 0.0467 -0.8892 0.4552
vn 0.0796 0.0329 0.9963
vn -0.0733 -0.0421 0.9964
vn -0.0782 -0.0322 0.9964
vn -0.1652 -0.0722 0.9836
vn 0.1593 0.0426 0.9863
vn -0.9727 -0.1647 0.1634
vn -0.3660 -0.9277 0.0734
vn -0.2135 -0.0150 0.9768
vn -0.9263 0.3575 0.1187
vn -0.7057 -0.7072 0.0432
vn -0.1294 0.2515 0.9592
vn 0.1426 0.0822 0.9864
vn 0.0682 0.0522 0.9963
vn 0.0745 0.0429 0.9963
vn 0.7938 0.6067 0.0424
vn 0.8662 0.4979 0.0424
vn 0.0733 0.0421 -0.9964
vn -0.1523 -0.0876 0.9844
vn -0.2258 -0.6419 0.7328
vn 0.1523 0.0630 0.9863
vn 0.0710 0.9395 0.3351
vn -0.1026 -0.9869 0.1247
vn -0.1201 -0.1320 0.9839
vn -0.0672 -0.0513 0.9964
vn -0.1245 -0.1240 0.9844
vn -0.1396 -0.1067 0.9844
vn 0.0599 0.0597 -0.9964
vn -0.0677 -0.0518 -0.9964
vn 0.0672 0.0513 -0.9964
vn -0.0603 -0.0601 -0.9964
vn -0.3969 -0.2400 -0.8859
vn 0.0728 -0.8943 0.4415
vn 0.4929 -0.8574 0.1479
vn 0.0516 0.0670 -0.9964
vn -0.0519 -0.0674 -0.9964
vn -0.2232 -0.4884 0.8436
vn 0.6099 0.7913 0.0424
vn 0.7080 0.7050 0.0424
vn 0.1306 0.1000 0.9864
vn 0.0608 0.0606 0.9963
vn 0.3838 0.9224 0.0424
vn 0.2601 0.9646 0.0424
vn -0.0599 -0.0597 0.9964
vn 0.0523 0.0679 0.9963
vn -0.0424 -0.0731 0.9964
vn -0.0516 -0.0670 0.9964
vn -0.2363 -0.9670 0.0950
vn -0.1073 -0.1391 0.9844
vn 0.1163 0.1161 0.9864
vn 0.9233 0.3817 0.0424
vn 0.8657 0.4988 0.0424
vn 0.0821 0.1419 0.9865
vn 0.0329 0.0789 0.9963
vn 0.0430 0.0741 0.9963
vn 0.3324 -0.9429 0.0220
vn 0.0270 -0.5081 0.8609
vn 0.1446 0.9059 -0.3981
vn -0.0380 -0.0833 0.9958
vn -0.0943 -0.1542 0.9835
vn -0.0426 -0.0735 -0.9964
vn 0.0424 0.0731 -0.9964
vn 0.9178 0.3927 0.0584
vn 0.8219 0.5674 0.0511
vn 0.1000 0.1301 0.9864
vn -0.0382 -0.1025 0.9940
vn -0.0972 -0.1824 0.9784
vn 0.0382 0.1025 -0.9940
vn -0.0326 -0.0783 -0.9964
vn 0.0380 0.0833 -0.9958
vn -0.0219 -0.0817 -0.9964
vn -0.8698 -0.4910 0.0495
vn 0.6483 -0.7073 0.2819
vn -0.0107 -0.0833 -0.9965
vn -0.0382 -0.8160 0.5768
vn 0.0339 0.1229 -0.9918
vn 0.0221 0.0823 0.9964
vn -0.0339 -0.1229 0.9918
vn -0.0000 -0.0000 -0.0000
vn 0.0628 0.1512 0.9865
vn 0.6093 0.7918 0.0424
vn 0.5007 0.8646 0.0424
vn 0.5008 0.8645 0.0424
vn 0.0107 0.0838 0.9964
vn -0.0218 -0.0904 0.9957
vn 0.7932 0.6075 0.0424
vn 0.7933 0.6074 0.0424
vn 0.0212 0.1611 0.9867
vn 0.0031 0.0816 0.9967
vn -0.0970 -0.2279 0.9688
vn 0.3051 0.9518 0.0319
vn 0.0424 0.1578 0.9866
vn -0.4890 -0.8704 0.0576
vn 0.1435 -0.9638 -0.2247
vn -0.0026 0.7699 -0.6381
vn 0.2365 -0.9633 0.1267
vn -0.0116 -0.9930 0.1179
vn 0.4260 -0.8500 -0.3099
vn -0.0739 -0.2698 0.9601
vn -0.0038 0.0006 -1.0000
vn -0.7191 -0.6327 -0.2873
vn -0.0099 -0.0066 -0.9999
vn -0.0154 -0.9987 0.0493
vn -0.0074 0.0251 -0.9997
vn -0.0012 -1.0000 -0.0003
vn -0.0009 -0.7118 0.7024
vn -0.0012 -1.0000 -0.0000
vn 1.0000 -0.0015 -0.0000
vn 1.0000 -0.0016 -0.0000
vn 0.0144 -0.0920 0.9957
vn 0.0074 -0.0251 0.9997
vn 0.0414 -0.2950 0.9546
vn 0.0016 1.0000 -0.0000
vn 0.0164 -0.0026 -0.9999
vn 0.0038 -0.0006 1.0000
vn 0.0064 0.1535 0.9881
vn 0.0100 0.0066 0.9999
vn -0.0097 -0.0009 -1.0000
vn 0.0002 -0.0002 -1.0000
vn 0.9652 0.2579 0.0424
vn -0.2469 -0.7530 -0.6100
vn -0.1269 -0.2180 -0.9677
vn -0.1494 -0.1937 -0.9696
vn 0.0251 0.3721 0.9279
vn 0.0422 0.4057 0.9130
vn 0.0420 0.3049 0.9515
vn 0.3419 0.0842 0.9359
vn 0.3001 0.0595 0.9520
vn 0.2571 0.0697 0.9639
vn 0.2227 0.2231 0.9490
vn 0.1910 0.1465 0.9706
vn 0.1702 0.1697 0.9707
vn -0.6136 -0.1779 0.7693
vn -0.2126 -0.1230 -0.9694
vn 0.0744 0.2720 0.9594
vn 0.1275 0.3232 0.9377
vn 0.1020 0.2433 0.9646
vn 0.2514 0.1912 0.9488
vn 0.2119 0.1226 0.9696
vn -0.1023 -0.2440 -0.9644
vn 0.0437 -0.6711 -0.7400
vn 0.9909 0.0645 -0.1182
vn 0.1619 0.2881 0.9438
vn -0.0486 0.7464 0.6638
vn 0.9887 0.0644 0.1356
vn -0.1915 -0.1469 -0.9704
vn 0.7072 0.7057 0.0424
vn 0.7073 0.7056 0.0424
vn -0.9680 -0.2385 0.0777
vn 0.0376 0.8011 0.5974
vn 0.9652 0.2581 0.0424
vn 0.6092 0.7919 0.0424
vn 0.6154 0.7817 -0.1012
vn 0.3838 0.9225 0.0424
vn -0.9278 -0.3681 0.0609
vn 0.6711 0.0437 -0.7400
vn 0.7464 0.0486 0.6638
vn 0.7340 0.6643 -0.1408
vn -0.6145 -0.7881 0.0365
vn -0.3012 -0.0597 -0.9517
vn -0.0421 -0.3057 -0.9512
vn -0.0746 -0.2727 -0.9592
vn -0.2578 -0.0699 -0.9637
vn 0.0884 0.3619 0.9280
vn 0.1932 0.2551 0.9474
vn 0.1265 0.2173 0.9679
vn 0.6692 -0.7431 -0.0005
vn 0.6666 -0.7454 -0.0001
vn 0.6692 -0.7431 -0.0006
vn -0.1707 -0.1702 -0.9705
vn 0.3100 0.1230 0.9427
vn 0.2337 0.0973 0.9674
vn -0.0252 -0.3734 -0.9273
vn 0.1489 0.1931 0.9698
vn -0.2344 -0.0976 -0.9672
vn 0.2802 0.1582 0.9468
vn -0.2959 -0.1263 0.9468
vn -0.2133 -0.1222 0.9693
vn -0.2348 -0.0958 0.9673
vn 0.6439 -0.7651 -0.0004
vn 0.6465 -0.7629 -0.0001
vn 0.6474 -0.7621 -0.0000
vn 0.2139 0.1225 -0.9691
vn 0.2972 0.1269 -0.9464
vn 0.2355 0.0961 -0.9671
vn -0.6465 0.7629 0.0001
vn -0.6439 0.7651 0.0005
vn -0.6474 0.7621 -0.0000
vn -0.1717 -0.1717 0.9701
vn -0.1942 -0.2483 0.9490
vn -0.1502 -0.1966 0.9689
vn 0.0286 0.4250 -0.9048
vn 0.0389 0.3190 -0.9470
vn 0.0193 0.2859 -0.9581
vn -0.3228 -0.0920 0.9420
vn -0.2577 -0.0671 0.9639
vn 0.1951 0.2494 -0.9486
vn 0.1722 0.1723 -0.9699
vn 0.1506 0.1972 -0.9687
vn 0.6439 -0.7651 -0.0005
vn 0.3241 0.0923 -0.9415
vn 0.2585 0.0673 -0.9637
vn -0.1666 -0.2793 0.9456
vn -0.1273 -0.2225 0.9666
vn -0.0732 -0.2818 0.9567
vn -0.0628 -0.3892 0.9190
vn -0.0388 -0.3180 0.9473
vn -0.6692 0.7431 0.0005
vn -0.6666 0.7454 0.0001
vn -0.6657 0.7462 -0.0000
vn -0.9661 -0.2582 0.0005
vn -0.9809 -0.1946 0.0005
vn -0.9242 -0.3820 0.0004
vn -0.9661 -0.2583 0.0005
vn -0.7940 -0.6080 0.0002
vn -0.8664 -0.4993 0.0004
vn -0.8665 -0.4992 0.0004
vn -0.7079 -0.7063 0.0002
vn -0.7939 -0.6080 0.0002
vn -0.5012 -0.8653 -0.0000
vn -0.6097 -0.7926 0.0001
vn -0.6098 -0.7926 0.0001
vn -0.3841 -0.9233 -0.0000
vn -0.2604 -0.9655 -0.0002
vn -0.3840 -0.9233 -0.0000
vn -0.0672 -0.9977 -0.0003
vn -0.1323 -0.9912 -0.0002
vn -0.9979 -0.0650 0.0005
vn 0.3255 0.0212 -0.9453
vn 0.3750 0.0244 -0.9267
vn 0.2598 0.0169 -0.9655
vn 0.1029 0.3500 -0.9311
vn 0.1024 0.2513 -0.9625
vn 0.0734 0.2826 -0.9564
vn -0.3735 -0.0243 0.9273
vn -0.3244 -0.0211 0.9457
vn -0.2593 -0.0169 0.9656
vn -0.1365 -0.3123 0.9401
vn -0.1021 -0.2505 0.9627
vn 0.2211 0.2192 -0.9503
vn 0.1930 0.1476 -0.9700
vn 0.1371 0.3137 -0.9396
vn 0.1277 0.2232 -0.9664
vn -0.2703 -0.1581 0.9497
vn -0.1925 -0.1472 0.9702
vn 0.2715 0.1588 -0.9492
vn -0.6440 0.7651 0.0004
vn -0.1025 -0.3484 0.9317
vn -0.2201 -0.2183 0.9507
vn -0.3413 -0.0677 0.9375
vn -0.2418 -0.0480 0.9692
vn -0.0285 -0.4232 0.9056
vn -0.0192 -0.2854 0.9582
vn 0.3427 0.0680 -0.9370
vn 0.2423 0.0481 -0.9690
vn 0.0631 0.3908 -0.9183
vn 0.1674 0.2805 -0.9451
vn 0.0018 0.0080 -1.0000
vn 0.0031 0.0063 -1.0000
vn -0.0047 0.0163 -0.9999
vn -0.0018 0.0127 -0.9999
vn -0.0646 -0.0128 -0.9978
vn 0.0084 -0.0014 -1.0000
vn 0.0080 0.1181 0.9930
vn 0.0047 -0.0163 0.9999
vn 0.0646 0.0128 0.9978
vn -0.0084 0.0014 1.0000
vn -0.0051 -0.0034 1.0000
vn -0.0041 -0.0048 1.0000
vn 0.0018 -0.0127 0.9999
vn -0.0003 -0.0101 0.9999
vn -0.6566 0.7543 -0.0000
vn 0.0061 0.0019 -1.0000
vn 0.0051 0.0034 -1.0000
vn -0.0061 -0.0019 1.0000
vn 0.0003 0.0101 -0.9999
vn 0.0041 0.0048 -1.0000
vn -0.0018 -0.0080 1.0000
vn -0.0031 -0.0063 1.0000
vn 0.0072 0.0004 -1.0000
vn 0.6657 -0.7462 -0.0000
vn 0.6566 -0.7543 -0.0000
vn -0.0072 -0.0004 1.0000
vn -0.0080 -0.1181 -0.9930
vn 0.3376 0.0220 0.9410
vn 0.3884 0.0253 0.9211
vn 0.0892 0.0058 0.9960
vn 0.2659 0.0173 0.9639
vn -0.0854 -0.0056 0.9963
vn -0.3389 -0.0221 -0.9406
vn -0.2664 -0.0174 -0.9637
vn -0.0892 -0.0058 -0.9960
vn 0.0854 0.0056 -0.9963
vn -0.6692 0.7431 0.0006
vn 0.8219 0.5673 0.0511
vn 0.9181 0.3929 0.0514
vn 0.3048 0.9509 0.0543
vn 0.1785 0.9825 0.0540
vn 0.7079 0.7050 0.0424
vn 0.6100 0.7912 0.0424
vn 0.7939 0.6066 0.0424
vn 0.8321 0.5538 0.0320
vn 0.1157 0.9933 0.0068
vn 0.4152 0.9082 0.0523
vn 0.4637 0.8851 0.0385
vn 0.9127 0.4059 0.0466
vn 0.5106 0.8584 0.0488
vn 0.5105 0.8584 0.0501
vn 0.4152 0.9083 0.0506
vn 0.5998 0.5037 -0.6217
vn 0.8226 0.5679 0.0287
vn 0.9183 0.3929 0.0497
vn 0.9125 0.4058 0.0510
vn 0.9115 0.4102 0.0302
vn 0.9025 0.3169 0.2915
vn 0.4150 0.9079 0.0595
vn 0.3681 0.9289 0.0403
vn 0.8970 0.4404 0.0378
vn -0.0110 0.4588 0.8885
vn -0.0004 0.0151 0.9999
vn 0.6607 0.7500 0.0320
vn 0.9112 0.4100 0.0397
vn 0.8226 0.5678 0.0287
vn 0.4404 -0.8970 0.0378
vn 0.8279 0.4839 0.2836
vn 0.8972 0.4404 0.0320
vn 0.0890 0.9960 -0.0061
vn 0.0110 -0.4588 -0.8885
vn -0.4371 -0.8512 -0.2905
vn -0.7608 -0.5842 -0.2827
vn -0.8321 -0.5538 0.0320
vn -0.0000 -1.0000 -0.0000
vn -0.6814 -0.6751 -0.2827
vn 0.4153 0.9086 0.0438
vn 0.5106 0.8585 0.0472
vn 0.0550 0.2356 0.9703
vn 0.0802 0.2749 0.9581
vn 0.0908 0.2355 0.9676
vn 0.2930 0.1610 0.9425
vn 0.2412 0.0971 0.9656
vn 0.2239 0.1291 0.9660
vn -0.0257 0.2016 0.9791
vn -0.0245 0.2354 0.9716
vn 0.0063 0.2322 0.9726
vn 0.1582 0.2047 0.9660
vn 0.2353 0.2357 0.9429
vn 0.1805 0.1796 0.9670
vn 0.2848 0.0430 0.9576
vn 0.2412 0.0229 0.9702
vn 0.2460 0.0585 0.9675
vn -0.2412 -0.0971 -0.9656
vn -0.2930 -0.1610 -0.9425
vn -0.2239 -0.1291 -0.9660
vn 0.0245 -0.2354 -0.9716
vn 0.0257 -0.2016 -0.9791
vn -0.0063 -0.2322 -0.9726
vn -0.1416 -0.2873 -0.9473
vn -0.0908 -0.2355 -0.9676
vn -0.1283 -0.2258 -0.9657
vn -0.2651 -0.2015 -0.9430
vn -0.2022 -0.1546 -0.9671
vn 1.0000 -0.0075 -0.0000
vn -0.1805 -0.1796 -0.9670
vn -0.2460 -0.0585 -0.9675
vn -0.3047 -0.1028 -0.9469
vn -0.3529 -0.8923 -0.2815
vn 0.5105 0.8583 0.0520
vn 0.2164 0.6536 0.7252
vn -0.5910 -0.7551 -0.2836
vn 0.9185 0.3930 0.0431
vn -0.5084 -0.8107 -0.2903
vn 0.9320 0.2289 0.2811
vn 0.2127 0.7947 0.5685
vn 0.8728 0.3930 0.2894
vn 0.9918 0.1276 -0.0000
vn 0.9979 0.0640 -0.0000
vn 0.9668 0.2554 -0.0000
vn 0.9914 0.1305 -0.0000
vn 0.9250 0.3799 -0.0000
vn 0.9658 0.2592 -0.0000
vn 0.7946 0.6072 -0.0000
vn 0.8668 0.4987 -0.0000
vn 0.8671 0.4981 -0.0000
vn 0.9240 0.3823 -0.0000
vn 0.7086 0.7056 -0.0000
vn 0.6102 0.7922 -0.0000
vn 0.5009 0.8655 -0.0000
vn 0.3867 0.9222 -0.0000
vn 0.5032 0.8642 -0.0000
vn 0.6109 0.7917 -0.0000
vn 0.3832 0.9237 -0.0000
vn 0.2635 0.9647 -0.0000
vn 0.2592 0.9658 -0.0000
vn 0.1348 0.9909 -0.0000
vn 0.1317 0.9913 -0.0000
vn 0.0682 0.9977 -0.0000
vn -0.2412 -0.0229 -0.9702
vn -0.2848 -0.0430 -0.9576
vn 0.2507 0.0063 0.9680
vn 0.2470 -0.0379 0.9683
vn -0.0802 -0.2749 -0.9581
vn -0.0550 -0.2356 -0.9703
vn 0.1416 0.2873 0.9473
vn 0.1283 0.2258 0.9657
vn -0.2617 -0.0234 0.9649
vn -0.3493 -0.0191 0.9368
vn -0.3080 -0.0085 0.9513
vn -0.2353 -0.2357 -0.9429
vn -0.1582 -0.2047 -0.9660
vn 0.3047 0.1028 0.9469
vn -0.1986 -0.2689 -0.9425
vn -0.2470 0.0379 -0.9683
vn -0.2507 -0.0063 -0.9680
vn -0.0295 -0.2403 -0.9702
vn 0.2650 0.2015 0.9430
vn 0.2022 0.1546 0.9671
vn 0.1986 0.2689 0.9425
vn 0.0295 0.2403 0.9702
vn 0.0061 1.0000 -0.0000
vn -0.2516 0.0912 -0.9635
vn -0.8208 -0.1331 0.5555
vn -0.4466 -0.6954 0.5630
vn -1.0000 -0.0000 -0.0000
vn 0.2714 0.0270 -0.9621
vn 0.2262 0.0269 -0.9737
vn 0.2516 0.0258 -0.9675
vn 0.2223 0.0272 -0.9746
vn -0.0232 0.0135 -0.9996
vn -0.0164 0.0141 -0.9998
vn -0.0593 -0.2600 0.9638
vn -0.0736 -0.2375 0.9686
vn -0.1120 -0.2833 0.9525
vn -0.0377 -0.2455 0.9687
vn 0.0019 -0.0134 0.9999
vn -0.0011 -0.0081 1.0000
vn -0.2365 -0.2343 0.9430
vn -0.2073 -0.1581 0.9654
vn -0.2640 -0.2027 0.9430
vn -0.1846 -0.1842 0.9654
vn -0.0063 -0.0042 1.0000
vn -0.0050 -0.0057 1.0000
vn -0.1836 -0.2928 0.9384
vn -0.1612 -0.2104 0.9642
vn -0.2082 -0.2660 0.9412
vn -0.1375 -0.2323 0.9629
vn -0.0036 -0.0072 1.0000
vn -0.0021 -0.0089 1.0000
vn -0.2914 -0.1703 0.9413
vn -0.2300 -0.1313 0.9643
vn -0.0076 -0.0027 1.0000
vn 0.0736 0.2375 -0.9686
vn -0.0019 0.0134 -0.9999
vn 0.0377 0.2455 -0.9687
vn 0.0011 0.0081 -1.0000
vn 0.2459 0.0410 -0.9684
vn 0.2341 0.0232 -0.9719
vn 0.0129 -0.0037 -0.9999
vn -0.0064 0.0034 -1.0000
vn 0.1612 0.2104 -0.9642
vn 0.0036 0.0072 -1.0000
vn 0.1375 0.2323 -0.9629
vn 0.0021 0.0089 -1.0000
vn -0.2488 -0.1047 0.9629
vn -0.3200 -0.1123 0.9408
vn -0.3148 -0.1418 0.9385
vn -0.0091 -0.0009 1.0000
vn -0.2538 -0.0751 0.9643
vn -0.0108 0.0011 0.9999
vn 0.1846 0.1842 -0.9654
vn 0.0050 0.0057 -1.0000
vn 0.0355 -0.0117 0.9993
vn 0.2270 -0.1055 0.9682
vn 0.2516 -0.0912 0.9635
vn 0.0164 -0.0141 0.9998
vn 0.0232 -0.0135 0.9996
vn -0.2658 -0.0268 0.9637
vn -0.1544 -0.3007 0.9411
vn -0.1084 -0.2408 0.9645
vn -0.0003 -0.0109 0.9999
vn 0.1084 0.2408 -0.9645
vn 0.0003 0.0109 -0.9999
vn -0.2459 -0.0410 0.9684
vn -0.2686 -0.0215 0.9630
vn -0.2974 -0.0731 0.9519
vn -0.0129 0.0037 0.9999
vn -0.2501 -0.0144 0.9681
vn 0.0064 -0.0034 1.0000
vn 0.2538 0.0751 -0.9643
vn 0.0108 -0.0011 -0.9999
vn 0.2488 0.1047 -0.9629
vn 0.0091 0.0009 -1.0000
vn 0.2073 0.1581 -0.9654
vn 0.0063 0.0042 -1.0000
vn 1.0000 -0.0076 -0.0000
vn 0.2300 0.1313 -0.9643
vn 0.0076 0.0027 -1.0000
vn 0.0328 0.2919 -0.9559
vn 0.0212 0.2220 -0.9748
vn 0.0174 -0.0119 -0.9998
vn -0.0328 -0.2919 0.9559
vn -0.0212 -0.2220 0.9748
vn -0.0174 0.0119 0.9998
vn 0.1134 -0.0140 0.9935
vn -0.1189 0.4425 0.8888
vn 0.0013 0.8477 0.5305
vn -0.0656 -0.2944 0.9534
vn -0.0211 -0.0000 -0.9998
vn -0.0000 -0.0011 -1.0000
vn 0.0213 -0.0000 0.9998
vn 0.0282 0.4186 0.9077
vn 0.3533 0.0701 0.9329
vn 0.6439 -0.7651 -0.0006
vn -0.6439 0.7651 0.0006
vn 0.2464 0.1893 -0.9505
vn -0.2453 -0.1885 0.9509
vn -0.6440 0.7651 0.0006
vn 0.0029 0.2954 0.9554
vn -0.0029 -0.2954 -0.9554
vn 0.2439 0.9672 0.0713
vn -0.2271 0.1055 -0.9682
vt 0.375000 1.000000
vt 0.625000 0.920224
vt 0.375000 0.920224
vt 0.795224 0.750000
vt 0.875000 0.738821
vt 0.795224 0.738821
vt 0.875000 0.750000
vt 0.125000 0.738821
vt 0.125000 0.750000
vt 0.204776 0.750000
vt 0.204776 0.738821
vt 0.625000 1.000000
vt 0.625000 0.011179
vt 0.375000 0.011179
vt 0.625000 0.000000
vt 0.375000 0.000000
vt 0.875000 0.750000
vt 0.875000 0.750000
vt 0.875000 0.750000
vt 0.875000 0.750000
vt 0.875000 0.750000
vt 0.125000 0.750000
vt 0.125000 0.750000
vt 0.125000 0.750000
vt 0.875000 0.750000
vt 0.875000 0.750000
vt 0.875000 0.750000
vt 0.625000 1.000000
vt 0.875000 0.750000
vt 0.125000 0.750000
vt 0.875000 0.750000
vt 0.125000 0.750000
vt 0.375000 1.000000
vt 0.125000 0.750000
vt 0.875000 0.750000
vt 0.125000 0.750000
vt 0.125000 0.750000
vt 0.125000 0.750000
vt 0.625000 1.000000
vt 0.125000 0.750000
vt 0.875000 0.750000
vt 0.125000 0.750000
s 1
usemtl Material.001
f 1077/141/1142 1198/142/1143 1197/143/1143
f 1088/148/1149 1077/149/1150 1080/148/1151
f 1184/146/1152 1201/150/1152 1183/151/1152
f 1202/142/1153 1081/141/1153 1201/143/1153
f 1137/149/1157 1427/149/1146 1145/149/1158
f 1079/145/1145 1200/146/1156 1184/146/1146
f 1178/147/1159 1434/147/1146 1170/147/1160
f 1100/148/1164 1088/148/1149 1092/148/1165
f 1092/148/1165 1080/148/1151 1084/148/1166
f 1079/145/1145 1091/145/1161 1083/145/1154
f 1086/152/1167 1205/141/1146 1085/141/1168
f 1089/149/1169 1084/148/1166 1081/149/1170
f 1108/148/1172 1096/148/1173 1100/148/1164
f 1104/148/1174 1093/149/1175 1096/148/1173
f 1105/149/1176 1100/148/1164 1097/149/1177
f 1158/147/1180 1228/147/1181 1166/147/1182
f 1087/145/1148 1099/145/1183 1091/145/1161
f 1097/149/1177 1092/148/1165 1089/149/1169
f 1096/148/1173 1085/149/1168 1088/148/1149
f 1112/148/1184 1101/149/1185 1104/148/1174
f 1113/149/1186 1108/148/1172 1105/149/1176
f 1103/145/1187 1115/145/1188 1107/145/1189
f 1089/149/1169 1416/149/1146 1097/149/1177
f 1157/149/1192 1223/149/1193 1149/149/1194
f 1095/145/1179 1107/145/1189 1099/145/1183
f 1133/149/1195 1217/149/1196 1125/149/1197
f 1122/147/1201 1420/147/1146 1114/147/1202
f 1116/148/1203 1104/148/1174 1108/148/1172
f 1145/149/1158 1430/149/1146 1153/149/1205
f 1173/149/1207 1227/149/1208 1165/149/1209
f 1132/148/1213 1120/148/1214 1124/148/1215
f 1128/148/1216 1117/149/1217 1120/148/1214
f 1111/145/1200 1123/145/1210 1115/145/1188
f 1121/149/1218 1116/148/1203 1113/149/1186
f 1120/148/1214 1109/149/1219 1112/148/1184
f 1124/148/1215 1112/148/1184 1116/148/1203
f 1140/148/1220 1128/148/1216 1132/148/1213
f 1136/148/1221 1125/149/1197 1128/148/1216
f 1137/149/1157 1132/148/1213 1129/149/1222
f 1138/147/1223 1425/147/1146 1130/147/1224
f 1150/147/1227 1226/147/1228 1158/147/1180
f 1119/145/1199 1131/145/1229 1123/145/1210
f 1129/149/1222 1124/148/1215 1121/149/1218
f 1145/149/1158 1140/148/1220 1137/149/1157
f 1135/145/1230 1147/145/1231 1139/145/1232
f 1165/149/1209 1225/149/1233 1157/149/1192
f 1121/149/1218 1424/149/1146 1129/149/1222
f 1102/147/1236 1214/147/1237 1110/147/1237
f 1127/145/1226 1139/145/1232 1131/145/1229
f 1169/149/1241 1435/149/1242 1177/149/1243
f 1144/148/1246 1133/149/1195 1136/148/1221
f 1148/148/1247 1136/148/1221 1140/148/1220
f 1098/147/1248 1411/147/1146 1090/147/1249
f 1164/148/1253 1152/148/1254 1156/148/1255
f 1160/148/1256 1149/149/1194 1152/148/1254
f 1117/149/1217 1213/149/1257 1109/149/1219
f 1143/145/1240 1155/145/1244 1147/145/1231
f 1145/149/1158 1156/148/1255 1148/148/1247
f 1152/148/1254 1141/149/1258 1144/148/1246
f 1156/148/1255 1144/148/1246 1148/148/1247
f 1168/148/1259 1157/149/1192 1160/148/1256
f 1161/149/1260 1172/148/1261 1164/148/1253
f 1159/145/1262 1171/145/1263 1163/145/1251
f 1090/147/1249 1412/147/1159 1082/147/1264
f 1134/147/1266 1222/147/1267 1142/147/1268
f 1151/145/1239 1163/145/1251 1155/145/1244
f 1153/149/1205 1164/148/1253 1156/148/1255
f 1167/145/1269 1179/145/1270 1171/145/1263
f 1110/147/1237 1216/147/1271 1118/147/1272
f 1172/148/1261 1160/148/1256 1164/148/1253
f 1170/147/1160 1432/147/1146 1162/147/1276
f 1149/149/1194 1221/149/1278 1141/149/1258
f 1178/152/1159 1186/141/1279 1177/141/1243
f 1179/145/1146 1187/147/1159 1178/147/1280
f 1180/148/1281 1181/148/1282 1176/148/1283
f 1169/149/1241 1180/148/1281 1172/148/1261
f 1176/148/1283 1165/149/1209 1168/148/1259
f 1180/148/1281 1168/148/1259 1172/148/1261
f 1177/141/1243 1436/152/1264 1178/152/1159
f 1193/148/1285 1181/148/1282 1185/148/1286
f 1189/148/1287 1182/149/1288 1181/148/1282
f 1194/149/1289 1185/148/1286 1186/149/1279
f 1174/152/1290 1173/141/1291 1190/141/1292
f 1177/149/1243 1185/148/1286 1180/148/1281
f 1176/148/1283 1182/149/1288 1173/149/1207
f 1196/153/1293 1189/154/1293 1193/154/1294
f 1189/154/1293 1191/155/1293 1190/156/1293
f 1195/155/1294 1193/154/1294 1194/156/1294
f 1195/152/1298 1186/141/1298 1187/152/1298
f 1084/148/1166 1201/150/1299 1081/149/1170
f 1188/145/1295 1175/145/1274 1196/145/1300
f 1080/148/1151 1197/150/1303 1183/151/1304
f 1183/151/1304 1084/148/1166 1080/148/1151
f 1094/147/1305 1212/147/1236 1102/147/1236
f 1085/149/1168 1203/149/1146 1077/149/1150
f 1078/147/1264 1206/147/1146 1086/147/1167
f 1077/141/1150 1204/152/1159 1078/152/1264
f 1219/149/1306 1331/149/1307 1273/149/1308
f 1215/149/1318 1315/162/1319 1213/149/1257
f 1221/149/1278 1319/149/1325 1331/149/1307
f 1232/147/1326 1238/147/1159 1234/147/1327
f 1233/149/1329 1235/149/1146 1231/149/1330
f 1217/149/1196 1328/163/1331 1215/149/1318
f 1085/141/1168 1208/152/1264 1086/152/1167
f 1166/147/1182 1229/147/1264 1174/147/1264
f 1118/147/1272 1218/147/1332 1126/147/1333
f 1101/149/1185 1209/149/1334 1093/149/1175
f 1174/152/1264 1230/141/1335 1173/141/1207
f 1125/149/1197 1215/149/1318 1117/149/1217
f 1203/141/1146 1232/152/1326 1204/152/1159
f 1086/147/1167 1210/147/1336 1094/147/1305
f 1126/147/1333 1220/147/1337 1134/147/1266
f 1206/152/1146 1233/141/1329 1205/141/1146
f 1141/149/1258 1219/149/1306 1133/149/1195
f 1093/149/1175 1207/149/1338 1085/149/1168
f 1205/149/1146 1231/149/1330 1203/149/1146
f 1142/147/1268 1224/147/1339 1150/147/1227
f 1204/147/1159 1234/147/1327 1206/147/1146
f 1109/149/1219 1211/149/1340 1101/149/1185
f 1236/147/1341 1242/147/1264 1238/147/1159
f 1237/149/1342 1239/149/1343 1235/149/1146
f 1238/152/1159 1241/141/1344 1237/141/1342
f 1235/141/1146 1240/152/1264 1236/152/1341
f 1209/149/1334 1342/149/1345 1207/149/1338
f 1225/149/1233 1307/149/1346 1324/164/1347
f 1211/149/1340 1286/149/1348 1209/149/1334
f 1229/152/1352 1280/141/1353 1230/141/1354
f 1217/149/1196 1273/149/1308 1274/164/1355
f 1227/149/1208 1280/162/1358 1307/149/1346
f 1213/149/1257 1285/149/1360 1211/149/1340
f 1223/149/1193 1324/164/1347 1319/149/1325
f 1231/141/1330 1236/152/1341 1232/152/1326
f 1234/152/1327 1237/141/1342 1233/141/1329
f 1270/152/1365 1351/141/1366 1352/168/1367
f 1313/162/1368 1247/149/1369 1283/149/1370
f 1346/141/1371 1268/152/1372 1345/152/1373
f 1266/149/1377 1309/162/1378 1282/149/1379
f 1255/149/1382 1276/149/1383 1271/149/1384
f 1265/152/1385 1282/141/1366 1277/152/1367
f 1283/149/1370 1245/149/1386 1288/170/1387
f 1208/152/1393 1342/141/1394 1337/152/1395
f 1245/141/1396 1244/152/1397 1243/141/1397
f 1247/141/1398 1246/152/1399 1245/141/1396
f 1249/141/1402 1248/152/1398 1247/141/1398
f 1253/141/1403 1252/152/1404 1251/141/1400
f 1257/141/1405 1256/152/1406 1255/141/1407
f 1255/141/1407 1254/152/1403 1253/141/1403
f 1259/141/1408 1258/152/1405 1257/141/1405
f 1261/141/1409 1260/152/1410 1259/141/1408
f 1266/141/1411 1264/152/1412 1263/141/1412
f 1263/141/1412 1262/152/1409 1261/141/1409
f 1269/141/1413 1268/152/1413 1267/141/1413
f 1351/149/1414 1267/149/1415 1346/149/1416
f 1261/149/1417 1321/162/1418 1322/172/1419
f 1253/149/1425 1330/149/1426 1276/149/1383
f 1259/149/1427 1333/172/1428 1321/162/1418
f 1330/149/1426 1249/149/1431 1313/162/1368
f 1340/173/1371 1244/152/1432 1339/152/1373
f 1288/170/1387 1243/149/1439 1340/164/1440
f 1263/149/1441 1322/172/1419 1309/162/1378
f 1257/149/1442 1271/149/1384 1333/172/1428
f 1332/172/1443 1273/149/1308 1331/149/1307
f 1333/172/1428 1272/149/1444 1332/172/1443
f 1308/149/1445 1324/164/1347 1307/149/1346
f 1309/162/1378 1323/149/1446 1308/149/1445
f 1286/149/1348 1341/149/1447 1342/149/1345
f 1287/149/1448 1340/164/1440 1341/149/1447
f 1341/141/1457 1337/152/1395 1342/141/1394
f 1341/141/1457 1339/152/1373 1338/152/1457
f 1328/163/1331 1314/174/1458 1315/162/1319
f 1329/149/1459 1313/162/1368 1314/174/1458
f 1320/149/1461 1331/149/1307 1319/149/1325
f 1321/162/1418 1332/172/1443 1320/149/1461
f 1274/164/1355 1329/149/1459 1328/163/1331
f 1276/149/1383 1329/149/1459 1275/149/1462
f 1323/149/1446 1319/149/1325 1324/164/1347
f 1322/172/1419 1320/149/1461 1323/149/1446
f 1285/149/1360 1287/149/1448 1286/149/1348
f 1284/170/1465 1288/170/1387 1287/149/1448
f 1279/152/1466 1281/141/1467 1280/141/1353
f 1277/152/1367 1281/141/1467 1278/152/1467
f 1272/149/1444 1274/164/1355 1273/149/1308
f 1271/149/1384 1275/149/1462 1272/149/1444
f 1281/149/1469 1307/149/1346 1280/162/1358
f 1282/149/1379 1308/149/1445 1281/149/1469
f 1315/162/1319 1284/170/1465 1285/149/1360
f 1314/174/1458 1283/149/1370 1284/170/1465
f 1241/149/1344 1348/149/1475 1239/149/1343
f 1349/149/1476 1347/149/1477 1348/149/1475
f 1350/149/1478 1346/149/1416 1347/149/1477
f 1348/141/1394 1240/152/1393 1239/141/1479
f 1347/141/1457 1343/168/1395 1348/141/1394
f 1347/141/1457 1345/152/1373 1344/152/1457
f 1242/152/1352 1349/141/1353 1241/141/1354
f 1354/152/1466 1350/141/1467 1349/141/1353
f 1352/168/1367 1350/141/1467 1353/152/1467
f 1090/152/1480 1355/152/1159 1356/152/1146
f 1098/152/1481 1356/152/1146 1357/152/1146
f 1162/147/1482 1366/147/1146 1170/147/1483
f 1130/147/1484 1362/147/1146 1138/147/1485
f 1122/152/1486 1359/152/1487 1360/152/1146
f 1170/147/1483 1367/147/1146 1178/147/1488
f 1154/152/1489 1363/152/1490 1364/152/1146
f 1154/147/1489 1365/147/1146 1162/147/1482
f 1098/147/1481 1358/147/1146 1106/147/1491
f 1187/152/1159 1367/152/1146 1368/152/1159
f 1138/147/1485 1363/147/1490 1146/147/1492
f 1122/147/1486 1361/147/1146 1130/147/1484
f 1106/147/1491 1359/147/1487 1114/147/1202
f 1364/147/1146 1379/147/1146 1365/147/1146
f 1357/147/1146 1372/147/1146 1358/147/1146
f 1365/147/1146 1380/147/1146 1366/147/1146
f 1360/152/1146 1373/152/1487 1374/152/1146
f 1366/147/1146 1381/147/1146 1367/147/1146
f 1358/147/1146 1373/147/1487 1359/147/1487
f 1368/152/1159 1381/152/1146 1382/152/1159
f 1360/147/1146 1375/147/1146 1361/147/1146
f 1361/147/1146 1376/147/1146 1362/147/1146
f 1364/152/1146 1377/152/1490 1378/152/1146
f 1356/152/1146 1369/152/1159 1370/152/1146
f 1362/147/1146 1377/147/1490 1363/147/1490
f 1357/152/1146 1370/152/1146 1371/152/1146
f 1372/147/1146 1387/147/1146 1373/147/1487
f 1382/152/1159 1395/152/1146 1396/152/1159
f 1374/147/1146 1389/147/1146 1375/147/1146
f 1375/147/1146 1390/147/1146 1376/147/1146
f 1378/152/1146 1391/152/1490 1392/152/1146
f 1370/152/1146 1383/152/1159 1384/152/1146
f 1376/147/1146 1391/147/1490 1377/147/1490
f 1371/152/1146 1384/152/1146 1385/152/1146
f 1378/147/1146 1393/147/1146 1379/147/1146
f 1371/147/1146 1386/147/1146 1372/147/1146
f 1379/147/1146 1394/147/1146 1380/147/1146
f 1374/152/1146 1387/152/1146 1388/152/1146
f 1380/147/1146 1395/147/1146 1381/147/1146
f 1392/152/1146 1405/152/1493 1406/152/1494
f 1384/152/1146 1397/152/1495 1398/152/1496
f 1390/147/1146 1405/147/1493 1391/147/1490
f 1385/152/1146 1398/152/1496 1399/152/1497
f 1392/147/1146 1407/147/1276 1393/147/1146
f 1385/147/1146 1400/147/1498 1386/147/1146
f 1393/147/1146 1408/147/1160 1394/147/1146
f 1388/152/1146 1401/152/1202 1402/152/1201
f 1394/147/1146 1409/147/1146 1395/147/1146
f 1386/147/1146 1401/147/1202 1387/147/1146
f 1396/152/1159 1409/152/1146 1410/152/1159
f 1388/147/1146 1403/147/1224 1389/147/1146
f 1389/147/1146 1404/147/1223 1390/147/1146
f 1414/149/1499 1442/149/1500 1416/149/1146
f 1432/147/1146 1455/147/1501 1429/147/1502
f 1420/147/1146 1444/147/1491 1418/147/1503
f 1436/147/1504 1460/147/1505 1434/147/1146
f 1426/147/1506 1451/147/1484 1425/147/1146
f 1417/147/1507 1437/147/1508 1411/147/1146
f 1415/149/1509 1447/149/1510 1421/149/1511
f 1433/149/1512 1461/149/1513 1435/149/1242
f 1427/149/1146 1456/149/1514 1430/149/1146
f 1421/149/1511 1448/149/1515 1422/149/1516
f 1461/141/1517 1436/152/1517 1435/141/1517
f 1422/149/1516 1450/149/1518 1424/149/1146
f 1162/147/1276 1429/147/1502 1154/147/1519
f 1154/147/1519 1428/147/1146 1146/147/1520
f 1106/147/1498 1417/147/1507 1098/147/1248
f 1105/149/1176 1421/149/1511 1113/149/1186
f 1082/152/1264 1413/141/1146 1081/141/1170
f 1129/149/1222 1423/149/1146 1137/149/1157
f 1161/149/1260 1433/149/1512 1169/149/1241
f 1146/147/1520 1426/147/1506 1138/147/1223
f 1153/149/1205 1431/149/1146 1161/149/1260
f 1130/147/1224 1419/147/1146 1122/147/1201
f 1113/149/1186 1422/149/1516 1121/149/1218
f 1081/149/1170 1414/149/1499 1089/149/1169
f 1114/147/1202 1418/147/1503 1106/147/1498
f 1097/149/1177 1415/149/1509 1105/149/1176
f 1525/163/1536 1473/149/1537 1505/149/1538
f 1485/149/1539 1508/149/1540 1496/149/1541
f 1479/149/1542 1504/174/1543 1499/164/1544
f 1505/149/1538 1474/149/1545 1514/176/1546
f 1508/141/1547 1488/152/1547 1513/152/1547
f 1474/149/1545 1519/177/1548 1514/176/1546
f 1520/176/1549 1467/149/1550 1525/163/1536
f 1411/147/1146 1438/147/1264 1412/147/1159
f 1430/149/1146 1457/149/1551 1431/149/1146
f 1429/147/1502 1454/147/1552 1428/147/1146
f 1412/152/1159 1439/141/1553 1413/141/1146
f 1424/149/1146 1449/149/1554 1423/149/1146
f 1418/147/1503 1443/147/1555 1417/147/1507
f 1423/149/1146 1453/149/1556 1427/149/1146
f 1413/149/1146 1440/149/1557 1414/149/1499
f 1431/149/1146 1459/149/1558 1433/149/1512
f 1419/147/1146 1446/147/1202 1420/147/1146
f 1428/147/1146 1452/147/1485 1426/147/1506
f 1425/147/1146 1445/147/1486 1419/147/1146
f 1434/147/1146 1458/147/1482 1432/147/1146
f 1416/149/1146 1441/149/1559 1415/149/1509
f 1463/152/1560 1465/141/1561 1464/152/1561
f 1469/152/1562 1466/141/1563 1463/152/1560
f 1470/152/1564 1468/141/1565 1469/152/1562
f 1471/152/1566 1473/141/1567 1472/152/1568
f 1472/152/1568 1467/141/1569 1470/152/1564
f 1471/152/1566 1476/141/1570 1474/141/1566
f 1478/152/1571 1476/141/1570 1477/152/1570
f 1480/152/1572 1482/141/1573 1479/141/1574
f 1478/152/1571 1479/141/1574 1475/141/1575
f 1481/152/1576 1483/141/1577 1482/141/1573
f 1484/152/1578 1485/141/1579 1483/141/1577
f 1486/152/1580 1487/141/1581 1485/141/1579
f 1550/149/1582 1468/149/1583 1520/176/1549
f 1482/149/1586 1558/178/1587 1504/174/1543
f 1476/149/1593 1567/170/1594 1519/177/1548
f 1475/149/1596 1499/164/1544 1567/170/1594
f 1564/172/1597 1466/149/1598 1550/149/1582
f 1483/149/1599 1496/149/1541 1558/178/1587
f 1492/152/1604 1576/141/1604 1573/152/1604
f 1583/170/1605 1491/149/1606 1579/149/1607
f 1579/141/1607 1492/152/1264 1578/152/1159
f 1577/179/1608 1489/141/1608 1580/141/1608
f 1489/149/1609 1581/149/1610 1580/164/1611
f 1574/149/1612 1582/149/1613 1581/149/1610
f 1575/149/1614 1583/170/1605 1582/149/1613
f 1490/152/1604 1574/141/1604 1489/141/1604
f 1571/152/1604 1575/141/1604 1574/141/1604
f 1573/152/1604 1575/141/1604 1572/152/1604
f 1556/149/1636 1459/149/1558 1457/149/1551
f 1557/149/1637 1498/177/1638 1556/149/1636
f 1558/178/1587 1497/163/1639 1557/149/1637
f 1439/149/1553 1552/176/1640 1440/149/1557
f 1562/149/1641 1551/149/1642 1552/176/1640
f 1563/164/1643 1550/149/1582 1551/149/1642
f 1565/149/1644 1453/149/1556 1449/149/1554
f 1566/149/1645 1501/164/1646 1565/149/1644
f 1567/170/1594 1500/180/1647 1566/149/1645
f 1517/164/1654 1449/149/1554 1450/149/1518
f 1518/164/1655 1565/149/1644 1517/164/1654
f 1519/177/1548 1566/149/1645 1518/164/1655
f 1502/149/1665 1457/149/1551 1456/149/1514
f 1503/176/1666 1556/149/1636 1502/149/1665
f 1504/174/1543 1557/149/1637 1503/176/1666
f 1440/149/1557 1522/149/1673 1442/149/1500
f 1552/176/1640 1521/174/1674 1522/149/1673
f 1551/149/1642 1520/176/1549 1521/174/1674
f 1442/149/1500 1523/174/1675 1441/149/1559
f 1522/149/1673 1524/182/1676 1523/174/1675
f 1521/174/1674 1525/163/1536 1524/182/1676
f 1516/176/1677 1450/149/1518 1448/149/1515
f 1515/176/1678 1517/164/1654 1516/176/1677
f 1514/176/1546 1518/164/1655 1515/176/1678
f 1510/141/1547 1462/152/1547 1461/141/1547
f 1509/141/1547 1511/152/1547 1510/141/1547
f 1509/141/1547 1513/152/1547 1512/152/1679
f 1447/149/1510 1516/176/1677 1448/149/1515
f 1507/162/1680 1515/176/1678 1516/176/1677
f 1506/149/1681 1514/176/1546 1515/176/1678
f 1501/164/1646 1456/149/1514 1453/149/1556
f 1500/180/1647 1502/149/1665 1501/164/1646
f 1499/164/1544 1503/176/1666 1500/180/1647
f 1498/177/1638 1461/149/1682 1459/149/1558
f 1497/163/1639 1510/149/1683 1498/177/1638
f 1496/149/1541 1509/149/1684 1497/163/1639
f 1441/149/1559 1507/162/1680 1447/149/1510
f 1523/174/1675 1506/149/1681 1507/162/1680
f 1524/182/1676 1505/149/1538 1506/149/1681
f 1582/149/1613 1564/172/1597 1563/164/1643
f 1581/149/1610 1563/164/1643 1562/149/1641
f 1580/164/1611 1562/149/1641 1439/149/1553
f 1438/152/1608 1580/141/1608 1439/141/1608
f 1465/141/1689 1578/152/1159 1464/152/1264
f 1564/172/1597 1579/149/1607 1465/149/1689
f 1077/141/1142 1078/152/1142 1198/142/1143
f 1088/148/1149 1085/149/1168 1077/149/1150
f 1200/146/1152 1202/142/1152 1201/150/1152
f 1201/150/1152 1199/151/1152 1183/151/1152
f 1183/151/1152 1197/143/1152 1198/144/1152
f 1184/146/1152 1200/146/1152 1201/150/1152
f 1183/151/1152 1198/144/1152 1184/146/1152
f 1202/142/1153 1082/152/1153 1081/141/1153
f 1137/149/1157 1423/149/1146 1427/149/1146
f 1079/145/1145 1083/145/1154 1200/146/1156
f 1178/147/1159 1436/147/1264 1434/147/1146
f 1100/148/1164 1096/148/1173 1088/148/1149
f 1092/148/1165 1088/148/1149 1080/148/1151
f 1079/145/1145 1087/145/1148 1091/145/1161
f 1086/152/1167 1206/152/1146 1205/141/1146
f 1089/149/1169 1092/148/1165 1084/148/1166
f 1108/148/1172 1104/148/1174 1096/148/1173
f 1104/148/1174 1101/149/1185 1093/149/1175
f 1105/149/1176 1108/148/1172 1100/148/1164
f 1158/147/1180 1226/147/1228 1228/147/1181
f 1087/145/1148 1095/145/1179 1099/145/1183
f 1097/149/1177 1100/148/1164 1092/148/1165
f 1096/148/1173 1093/149/1175 1085/149/1168
f 1112/148/1184 1109/149/1219 1101/149/1185
f 1113/149/1186 1116/148/1203 1108/148/1172
f 1103/145/1187 1111/145/1200 1115/145/1188
f 1089/149/1169 1414/149/1499 1416/149/1146
f 1157/149/1192 1225/149/1233 1223/149/1193
f 1095/145/1179 1103/145/1187 1107/145/1189
f 1133/149/1195 1219/149/1306 1217/149/1196
f 1122/147/1201 1419/147/1146 1420/147/1146
f 1116/148/1203 1112/148/1184 1104/148/1174
f 1145/149/1158 1427/149/1146 1430/149/1146
f 1173/149/1207 1230/149/1335 1227/149/1208
f 1132/148/1213 1128/148/1216 1120/148/1214
f 1128/148/1216 1125/149/1197 1117/149/1217
f 1111/145/1200 1119/145/1199 1123/145/1210
f 1121/149/1218 1124/148/1215 1116/148/1203
f 1120/148/1214 1117/149/1217 1109/149/1219
f 1124/148/1215 1120/148/1214 1112/148/1184
f 1140/148/1220 1136/148/1221 1128/148/1216
f 1136/148/1221 1133/149/1195 1125/149/1197
f 1137/149/1157 1140/148/1220 1132/148/1213
f 1138/147/1223 1426/147/1506 1425/147/1146
f 1150/147/1227 1224/147/1339 1226/147/1228
f 1119/145/1199 1127/145/1226 1131/145/1229
f 1129/149/1222 1132/148/1213 1124/148/1215
f 1145/149/1158 1148/148/1247 1140/148/1220
f 1135/145/1230 1143/145/1240 1147/145/1231
f 1165/149/1209 1227/149/1208 1225/149/1233
f 1121/149/1218 1422/149/1516 1424/149/1146
f 1102/147/1236 1212/147/1236 1214/147/1237
f 1127/145/1226 1135/145/1230 1139/145/1232
f 1169/149/1241 1433/149/1512 1435/149/1242
f 1144/148/1246 1141/149/1258 1133/149/1195
f 1148/148/1247 1144/148/1246 1136/148/1221
f 1098/147/1248 1417/147/1507 1411/147/1146
f 1164/148/1253 1160/148/1256 1152/148/1254
f 1160/148/1256 1157/149/1192 1149/149/1194
f 1117/149/1217 1215/149/1318 1213/149/1257
f 1143/145/1240 1151/145/1239 1155/145/1244
f 1145/149/1158 1153/149/1205 1156/148/1255
f 1152/148/1254 1149/149/1194 1141/149/1258
f 1156/148/1255 1152/148/1254 1144/148/1246
f 1168/148/1259 1165/149/1209 1157/149/1192
f 1161/149/1260 1169/149/1241 1172/148/1261
f 1159/145/1262 1167/145/1269 1171/145/1263
f 1090/147/1249 1411/147/1146 1412/147/1159
f 1134/147/1266 1220/147/1337 1222/147/1267
f 1151/145/1239 1159/145/1262 1163/145/1251
f 1153/149/1205 1161/149/1260 1164/148/1253
f 1167/145/1269 1175/145/1274 1179/145/1270
f 1110/147/1237 1214/147/1237 1216/147/1271
f 1172/148/1261 1168/148/1259 1160/148/1256
f 1170/147/1160 1434/147/1146 1432/147/1146
f 1149/149/1194 1223/149/1193 1221/149/1278
f 1178/152/1159 1187/152/1264 1186/141/1279
f 1179/145/1146 1188/145/1690 1187/147/1159
f 1180/148/1281 1185/148/1286 1181/148/1282
f 1169/149/1241 1177/149/1243 1180/148/1281
f 1176/148/1283 1173/149/1207 1165/149/1209
f 1180/148/1281 1176/148/1283 1168/148/1259
f 1177/141/1243 1435/141/1242 1436/152/1264
f 1193/148/1285 1189/148/1287 1181/148/1282
f 1189/148/1287 1190/149/1692 1182/149/1288
f 1194/149/1289 1193/148/1285 1185/148/1286
f 1190/141/1292 1191/152/1292 1174/152/1290
f 1173/141/1291 1182/141/1146 1190/141/1292
f 1177/149/1243 1186/149/1279 1185/148/1286
f 1176/148/1283 1181/148/1282 1182/149/1288
f 1196/153/1293 1192/153/1293 1189/154/1293
f 1189/154/1293 1192/153/1293 1191/155/1293
f 1195/155/1294 1196/153/1293 1193/154/1294
f 1195/152/1298 1194/141/1298 1186/141/1298
f 1084/148/1166 1199/151/1693 1201/150/1299
f 1175/145/1274 1192/145/1302 1196/145/1300
f 1188/145/1295 1179/145/1270 1175/145/1274
f 1080/148/1151 1077/149/1150 1197/150/1303
f 1183/151/1304 1199/151/1693 1084/148/1166
f 1094/147/1305 1210/147/1336 1212/147/1236
f 1085/149/1168 1205/149/1146 1203/149/1146
f 1078/147/1264 1204/147/1159 1206/147/1146
f 1077/141/1150 1203/141/1146 1204/152/1159
f 1219/149/1306 1221/149/1278 1331/149/1307
f 1215/149/1318 1328/163/1331 1315/162/1319
f 1221/149/1278 1223/149/1193 1319/149/1325
f 1232/147/1326 1236/147/1341 1238/147/1159
f 1233/149/1329 1237/149/1342 1235/149/1146
f 1217/149/1196 1274/164/1355 1328/163/1331
f 1085/141/1168 1207/141/1338 1208/152/1264
f 1166/147/1182 1228/147/1181 1229/147/1264
f 1118/147/1272 1216/147/1271 1218/147/1332
f 1101/149/1185 1211/149/1340 1209/149/1334
f 1174/152/1264 1229/152/1264 1230/141/1335
f 1125/149/1197 1217/149/1196 1215/149/1318
f 1203/141/1146 1231/141/1330 1232/152/1326
f 1086/147/1167 1208/147/1264 1210/147/1336
f 1126/147/1333 1218/147/1332 1220/147/1337
f 1206/152/1146 1234/152/1327 1233/141/1329
f 1141/149/1258 1221/149/1278 1219/149/1306
f 1093/149/1175 1209/149/1334 1207/149/1338
f 1205/149/1146 1233/149/1329 1231/149/1330
f 1142/147/1268 1222/147/1267 1224/147/1339
f 1204/147/1159 1232/147/1326 1234/147/1327
f 1109/149/1219 1213/149/1257 1211/149/1340
f 1236/147/1341 1240/147/1264 1242/147/1264
f 1237/149/1342 1241/149/1344 1239/149/1343
f 1238/152/1159 1242/152/1264 1241/141/1344
f 1235/141/1146 1239/141/1343 1240/152/1264
f 1209/149/1334 1286/149/1348 1342/149/1345
f 1225/149/1233 1227/149/1208 1307/149/1346
f 1211/149/1340 1285/149/1360 1286/149/1348
f 1229/152/1352 1279/152/1466 1280/141/1353
f 1217/149/1196 1219/149/1306 1273/149/1308
f 1227/149/1208 1230/149/1335 1280/162/1358
f 1213/149/1257 1315/162/1319 1285/149/1360
f 1223/149/1193 1225/149/1233 1324/164/1347
f 1231/141/1330 1235/141/1146 1236/152/1341
f 1234/152/1327 1238/152/1159 1237/141/1342
f 1270/152/1365 1269/141/1697 1351/141/1366
f 1313/162/1368 1249/149/1431 1247/149/1369
f 1346/141/1371 1267/141/1698 1268/152/1372
f 1266/149/1377 1263/149/1441 1309/162/1378
f 1255/149/1382 1253/149/1425 1276/149/1383
f 1265/152/1385 1266/141/1697 1282/141/1366
f 1283/149/1370 1247/149/1369 1245/149/1386
f 1208/152/1393 1207/141/1479 1342/141/1394
f 1245/141/1396 1246/152/1399 1244/152/1397
f 1247/141/1398 1248/152/1398 1246/152/1399
f 1249/141/1402 1250/152/1401 1248/152/1398
f 1253/141/1403 1254/152/1403 1252/152/1404
f 1257/141/1405 1258/152/1405 1256/152/1406
f 1255/141/1407 1256/152/1406 1254/152/1403
f 1259/141/1408 1260/152/1410 1258/152/1405
f 1261/141/1409 1262/152/1409 1260/152/1410
f 1266/141/1411 1265/152/1411 1264/152/1412
f 1263/141/1412 1264/152/1412 1262/152/1409
f 1269/141/1413 1270/152/1413 1268/152/1413
f 1351/149/1414 1269/149/1415 1267/149/1415
f 1261/149/1417 1259/149/1427 1321/162/1418
f 1253/149/1425 1251/149/1699 1330/149/1426
f 1259/149/1427 1257/149/1442 1333/172/1428
f 1330/149/1426 1251/149/1699 1249/149/1431
f 1340/173/1371 1243/141/1701 1244/152/1432
f 1288/170/1387 1245/149/1386 1243/149/1439
f 1263/149/1441 1261/149/1417 1322/172/1419
f 1257/149/1442 1255/149/1382 1271/149/1384
f 1332/172/1443 1272/149/1444 1273/149/1308
f 1333/172/1428 1271/149/1384 1272/149/1444
f 1308/149/1445 1323/149/1446 1324/164/1347
f 1309/162/1378 1322/172/1419 1323/149/1446
f 1286/149/1348 1287/149/1448 1341/149/1447
f 1287/149/1448 1288/170/1387 1340/164/1440
f 1341/141/1457 1338/152/1457 1337/152/1395
f 1341/141/1457 1340/173/1371 1339/152/1373
f 1328/163/1331 1329/149/1459 1314/174/1458
f 1329/149/1459 1330/149/1426 1313/162/1368
f 1320/149/1461 1332/172/1443 1331/149/1307
f 1321/162/1418 1333/172/1428 1332/172/1443
f 1274/164/1355 1275/149/1462 1329/149/1459
f 1276/149/1383 1330/149/1426 1329/149/1459
f 1323/149/1446 1320/149/1461 1319/149/1325
f 1322/172/1419 1321/162/1418 1320/149/1461
f 1285/149/1360 1284/170/1465 1287/149/1448
f 1284/170/1465 1283/149/1370 1288/170/1387
f 1279/152/1466 1278/152/1467 1281/141/1467
f 1277/152/1367 1282/141/1366 1281/141/1467
f 1272/149/1444 1275/149/1462 1274/164/1355
f 1271/149/1384 1276/149/1383 1275/149/1462
f 1281/149/1469 1308/149/1445 1307/149/1346
f 1282/149/1379 1309/162/1378 1308/149/1445
f 1315/162/1319 1314/174/1458 1284/170/1465
f 1314/174/1458 1313/162/1368 1283/149/1370
f 1241/149/1344 1349/149/1476 1348/149/1475
f 1349/149/1476 1350/149/1478 1347/149/1477
f 1350/149/1478 1351/149/1414 1346/149/1416
f 1348/141/1394 1343/168/1395 1240/152/1393
f 1347/141/1457 1344/152/1457 1343/168/1395
f 1347/141/1457 1346/141/1371 1345/152/1373
f 1242/152/1352 1354/152/1466 1349/141/1353
f 1354/152/1466 1353/152/1467 1350/141/1467
f 1352/168/1367 1351/141/1366 1350/141/1467
f 1090/152/1480 1082/152/1159 1355/152/1159
f 1098/152/1481 1090/152/1480 1356/152/1146
f 1162/147/1482 1365/147/1146 1366/147/1146
f 1130/147/1484 1361/147/1146 1362/147/1146
f 1122/152/1486 1114/152/1202 1359/152/1487
f 1170/147/1483 1366/147/1146 1367/147/1146
f 1154/152/1489 1146/152/1492 1363/152/1490
f 1154/147/1489 1364/147/1146 1365/147/1146
f 1098/147/1481 1357/147/1146 1358/147/1146
f 1187/152/1159 1178/152/1488 1367/152/1146
f 1138/147/1485 1362/147/1146 1363/147/1490
f 1122/147/1486 1360/147/1146 1361/147/1146
f 1106/147/1491 1358/147/1146 1359/147/1487
f 1364/147/1146 1378/147/1146 1379/147/1146
f 1357/147/1146 1371/147/1146 1372/147/1146
f 1365/147/1146 1379/147/1146 1380/147/1146
f 1360/152/1146 1359/152/1487 1373/152/1487
f 1366/147/1146 1380/147/1146 1381/147/1146
f 1358/147/1146 1372/147/1146 1373/147/1487
f 1368/152/1159 1367/152/1146 1381/152/1146
f 1360/147/1146 1374/147/1146 1375/147/1146
f 1361/147/1146 1375/147/1146 1376/147/1146
f 1364/152/1146 1363/152/1490 1377/152/1490
f 1356/152/1146 1355/152/1159 1369/152/1159
f 1362/147/1146 1376/147/1146 1377/147/1490
f 1357/152/1146 1356/152/1146 1370/152/1146
f 1372/147/1146 1386/147/1146 1387/147/1146
f 1382/152/1159 1381/152/1146 1395/152/1146
f 1374/147/1146 1388/147/1146 1389/147/1146
f 1375/147/1146 1389/147/1146 1390/147/1146
f 1378/152/1146 1377/152/1490 1391/152/1490
f 1370/152/1146 1369/152/1159 1383/152/1159
f 1376/147/1146 1390/147/1146 1391/147/1490
f 1371/152/1146 1370/152/1146 1384/152/1146
f 1378/147/1146 1392/147/1146 1393/147/1146
f 1371/147/1146 1385/147/1146 1386/147/1146
f 1379/147/1146 1393/147/1146 1394/147/1146
f 1374/152/1146 1373/152/1487 1387/152/1146
f 1380/147/1146 1394/147/1146 1395/147/1146
f 1392/152/1146 1391/152/1490 1405/152/1493
f 1384/152/1146 1383/152/1159 1397/152/1495
f 1390/147/1146 1404/147/1223 1405/147/1493
f 1385/152/1146 1384/152/1146 1398/152/1496
f 1392/147/1146 1406/147/1494 1407/147/1276
f 1385/147/1146 1399/147/1497 1400/147/1498
f 1393/147/1146 1407/147/1276 1408/147/1160
f 1388/152/1146 1387/152/1146 1401/152/1202
f 1394/147/1146 1408/147/1160 1409/147/1146
f 1386/147/1146 1400/147/1498 1401/147/1202
f 1396/152/1159 1395/152/1146 1409/152/1146
f 1388/147/1146 1402/147/1201 1403/147/1224
f 1389/147/1146 1403/147/1224 1404/147/1223
f 1414/149/1499 1440/149/1557 1442/149/1500
f 1432/147/1146 1458/147/1482 1455/147/1501
f 1420/147/1146 1446/147/1202 1444/147/1491
f 1436/147/1504 1462/147/1504 1460/147/1505
f 1426/147/1506 1452/147/1485 1451/147/1484
f 1417/147/1507 1443/147/1555 1437/147/1508
f 1415/149/1509 1441/149/1559 1447/149/1510
f 1433/149/1512 1459/149/1558 1461/149/1513
f 1427/149/1146 1453/149/1556 1456/149/1514
f 1421/149/1511 1447/149/1510 1448/149/1515
f 1461/141/1517 1462/152/1517 1436/152/1517
f 1422/149/1516 1448/149/1515 1450/149/1518
f 1162/147/1276 1432/147/1146 1429/147/1502
f 1154/147/1519 1429/147/1502 1428/147/1146
f 1106/147/1498 1418/147/1503 1417/147/1507
f 1105/149/1176 1415/149/1509 1421/149/1511
f 1082/152/1264 1412/152/1159 1413/141/1146
f 1129/149/1222 1424/149/1146 1423/149/1146
f 1161/149/1260 1431/149/1146 1433/149/1512
f 1146/147/1520 1428/147/1146 1426/147/1506
f 1153/149/1205 1430/149/1146 1431/149/1146
f 1130/147/1224 1425/147/1146 1419/147/1146
f 1113/149/1186 1421/149/1511 1422/149/1516
f 1081/149/1170 1413/149/1146 1414/149/1499
f 1114/147/1202 1420/147/1146 1418/147/1503
f 1097/149/1177 1416/149/1146 1415/149/1509
f 1525/163/1536 1467/149/1550 1473/149/1537
f 1485/149/1539 1487/149/1703 1508/149/1540
f 1479/149/1542 1482/149/1586 1504/174/1543
f 1505/149/1538 1473/149/1537 1474/149/1545
f 1508/141/1547 1487/141/1547 1488/152/1547
f 1474/149/1545 1476/149/1593 1519/177/1548
f 1520/176/1549 1468/149/1583 1467/149/1550
f 1411/147/1146 1437/147/1508 1438/147/1264
f 1430/149/1146 1456/149/1514 1457/149/1551
f 1429/147/1502 1455/147/1501 1454/147/1552
f 1412/152/1159 1438/152/1264 1439/141/1553
f 1424/149/1146 1450/149/1518 1449/149/1554
f 1418/147/1503 1444/147/1491 1443/147/1555
f 1423/149/1146 1449/149/1554 1453/149/1556
f 1413/149/1146 1439/149/1553 1440/149/1557
f 1431/149/1146 1457/149/1551 1459/149/1558
f 1419/147/1146 1445/147/1486 1446/147/1202
f 1428/147/1146 1454/147/1552 1452/147/1485
f 1425/147/1146 1451/147/1484 1445/147/1486
f 1434/147/1146 1460/147/1704 1458/147/1482
f 1416/149/1146 1442/149/1500 1441/149/1559
f 1463/152/1560 1466/141/1563 1465/141/1561
f 1469/152/1562 1468/141/1565 1466/141/1563
f 1470/152/1564 1467/141/1569 1468/141/1565
f 1471/152/1566 1474/141/1566 1473/141/1567
f 1472/152/1568 1473/141/1567 1467/141/1569
f 1471/152/1566 1477/152/1570 1476/141/1570
f 1478/152/1571 1475/141/1575 1476/141/1570
f 1480/152/1572 1481/152/1576 1482/141/1573
f 1478/152/1571 1480/152/1572 1479/141/1574
f 1481/152/1576 1484/152/1578 1483/141/1577
f 1484/152/1578 1486/152/1580 1485/141/1579
f 1486/152/1580 1488/152/1581 1487/141/1581
f 1550/149/1582 1466/149/1598 1468/149/1583
f 1482/149/1586 1483/149/1599 1558/178/1587
f 1476/149/1593 1475/149/1596 1567/170/1594
f 1475/149/1596 1479/149/1542 1499/164/1544
f 1564/172/1597 1465/149/1689 1466/149/1598
f 1483/149/1599 1485/149/1539 1496/149/1541
f 1492/152/1604 1491/141/1604 1576/141/1604
f 1583/170/1605 1576/149/1705 1491/149/1606
f 1579/141/1607 1491/141/1606 1492/152/1264
f 1577/179/1608 1490/152/1608 1489/141/1608
f 1489/149/1609 1574/149/1612 1581/149/1610
f 1574/149/1612 1575/149/1614 1582/149/1613
f 1575/149/1614 1576/149/1705 1583/170/1605
f 1490/152/1604 1571/152/1604 1574/141/1604
f 1571/152/1604 1572/152/1604 1575/141/1604
f 1573/152/1604 1576/141/1604 1575/141/1604
f 1556/149/1636 1498/177/1638 1459/149/1558
f 1557/149/1637 1497/163/1639 1498/177/1638
f 1558/178/1587 1496/149/1541 1497/163/1639
f 1439/149/1553 1562/149/1641 1552/176/1640
f 1562/149/1641 1563/164/1643 1551/149/1642
f 1563/164/1643 1564/172/1597 1550/149/1582
f 1565/149/1644 1501/164/1646 1453/149/1556
f 1566/149/1645 1500/180/1647 1501/164/1646
f 1567/170/1594 1499/164/1544 1500/180/1647
f 1517/164/1654 1565/149/1644 1449/149/1554
f 1518/164/1655 1566/149/1645 1565/149/1644
f 1519/177/1548 1567/170/1594 1566/149/1645
f 1502/149/1665 1556/149/1636 1457/149/1551
f 1503/176/1666 1557/149/1637 1556/149/1636
f 1504/174/1543 1558/178/1587 1557/149/1637
f 1440/149/1557 1552/176/1640 1522/149/1673
f 1552/176/1640 1551/149/1642 1521/174/1674
f 1551/149/1642 1550/149/1582 1520/176/1549
f 1442/149/1500 1522/149/1673 1523/174/1675
f 1522/149/1673 1521/174/1674 1524/182/1676
f 1521/174/1674 1520/176/1549 1525/163/1536
f 1516/176/1677 1517/164/1654 1450/149/1518
f 1515/176/1678 1518/164/1655 1517/164/1654
f 1514/176/1546 1519/177/1548 1518/164/1655
f 1510/141/1547 1511/152/1547 1462/152/1547
f 1509/141/1547 1512/152/1679 1511/152/1547
f 1509/141/1547 1508/141/1547 1513/152/1547
f 1447/149/1510 1507/162/1680 1516/176/1677
f 1507/162/1680 1506/149/1681 1515/176/1678
f 1506/149/1681 1505/149/1538 1514/176/1546
f 1501/164/1646 1502/149/1665 1456/149/1514
f 1500/180/1647 1503/176/1666 1502/149/1665
f 1499/164/1544 1504/174/1543 1503/176/1666
f 1498/177/1638 1510/149/1683 1461/149/1682
f 1497/163/1639 1509/149/1684 1510/149/1683
f 1496/149/1541 1508/149/1540 1509/149/1684
f 1441/149/1559 1523/174/1675 1507/162/1680
f 1523/174/1675 1524/182/1676 1506/149/1681
f 1524/182/1676 1525/163/1536 1505/149/1538
f 1582/149/1613 1583/170/1605 1564/172/1597
f 1581/149/1610 1582/149/1613 1563/164/1643
f 1580/164/1611 1581/149/1610 1562/149/1641
f 1438/152/1608 1577/179/1608 1580/141/1608
f 1465/141/1689 1579/141/1607 1578/152/1159
f 1564/172/1597 1583/170/1605 1579/149/1607
usemtl Material.003
f 1216/147/1323 1316/161/1324 1334/160/1316
f 1222/147/1328 1325/159/1322 1224/147/1321
f 1226/147/1349 1298/158/1311 1228/147/1310
f 1212/147/1356 1306/159/1314 1301/166/1357
f 1218/147/1315 1291/167/1359 1220/147/1350
f 1310/158/1374 1256/147/1375 1289/159/1376
f 1246/147/1380 1303/161/1364 1304/169/1381
f 1295/147/1390 1264/147/1391 1300/147/1392
f 1251/141/1400 1250/152/1401 1249/141/1402
f 1268/147/1420 1352/157/1421 1345/147/1422
f 1294/171/1389 1260/147/1423 1327/147/1424
f 1250/147/1429 1336/157/1430 1318/159/1363
f 1317/147/1460 1334/160/1316 1316/161/1324
f 1318/159/1363 1335/160/1453 1317/147/1460
f 1292/165/1351 1326/169/1456 1325/159/1322
f 1293/159/1463 1327/147/1424 1326/169/1456
f 1297/159/1320 1299/160/1450 1298/158/1311
f 1296/147/1455 1300/147/1392 1299/160/1450
f 1305/169/1452 1301/166/1357 1306/159/1314
f 1304/169/1381 1302/147/1468 1305/169/1452
f 1312/161/1317 1290/166/1464 1291/167/1359
f 1311/171/1454 1289/159/1376 1290/166/1464
f 1343/157/1470 1242/147/1471 1240/147/1471
f 1344/147/1472 1354/147/1473 1343/157/1470
f 1345/147/1422 1353/147/1474 1344/147/1472
f 1547/171/1521 1481/147/1522 1546/169/1523
f 1472/147/1524 1540/147/1525 1541/147/1526
f 1469/147/1533 1495/147/1534 1526/160/1535
f 1546/169/1523 1480/147/1588 1561/167/1589
f 1470/147/1595 1526/160/1535 1540/147/1525
f 1561/167/1589 1478/147/1602 1532/175/1530
f 1454/147/1627 1534/175/1628 1452/147/1629
f 1559/147/1630 1533/175/1631 1534/175/1628
f 1560/147/1632 1532/175/1530 1533/175/1631
f 1538/147/1648 1443/147/1649 1444/147/1650
f 1539/147/1651 1528/166/1652 1538/147/1648
f 1540/147/1525 1527/161/1653 1539/147/1651
f 1455/147/1662 1559/147/1630 1454/147/1627
f 1544/159/1663 1560/147/1632 1559/147/1630
f 1545/159/1664 1561/167/1589 1560/147/1632
f 1528/166/1652 1437/147/1669 1443/147/1649
f 1527/161/1653 1493/147/1667 1528/166/1652
f 1526/160/1535 1494/147/1670 1527/161/1653
f 1543/171/1634 1444/147/1650 1446/147/1633
f 1542/147/1635 1538/147/1648 1543/171/1634
f 1541/147/1526 1539/147/1651 1542/147/1635
f 1458/147/1617 1544/159/1663 1455/147/1662
f 1549/147/1616 1545/159/1664 1544/159/1663
f 1548/157/1619 1546/169/1523 1545/159/1664
f 1216/147/1323 1214/147/1361 1316/161/1324
f 1222/147/1328 1292/165/1351 1325/159/1322
f 1226/147/1349 1297/159/1320 1298/158/1311
f 1212/147/1356 1210/147/1312 1306/159/1314
f 1218/147/1315 1312/161/1317 1291/167/1359
f 1310/158/1374 1254/147/1434 1256/147/1375
f 1246/147/1380 1248/147/1362 1303/161/1364
f 1295/147/1390 1262/147/1433 1264/147/1391
f 1251/141/1400 1252/152/1404 1250/152/1401
f 1268/147/1420 1270/147/1420 1352/157/1421
f 1294/171/1389 1258/147/1388 1260/147/1423
f 1250/147/1429 1252/147/1700 1336/157/1430
f 1317/147/1460 1335/160/1453 1334/160/1316
f 1318/159/1363 1336/157/1430 1335/160/1453
f 1292/165/1351 1293/159/1463 1326/169/1456
f 1293/159/1463 1294/171/1389 1327/147/1424
f 1297/159/1320 1296/147/1455 1299/160/1450
f 1296/147/1455 1295/147/1390 1300/147/1392
f 1305/169/1452 1302/147/1468 1301/166/1357
f 1304/169/1381 1303/161/1364 1302/147/1468
f 1312/161/1317 1311/171/1454 1290/166/1464
f 1311/171/1454 1310/158/1374 1289/159/1376
f 1343/157/1470 1354/147/1473 1242/147/1471
f 1344/147/1472 1353/147/1474 1354/147/1473
f 1345/147/1422 1352/157/1421 1353/147/1474
f 1547/171/1521 1484/147/1603 1481/147/1522
f 1472/147/1524 1470/147/1595 1540/147/1525
f 1469/147/1533 1463/147/1584 1495/147/1534
f 1546/169/1523 1481/147/1522 1480/147/1588
f 1470/147/1595 1469/147/1533 1526/160/1535
f 1561/167/1589 1480/147/1588 1478/147/1602
f 1454/147/1627 1559/147/1630 1534/175/1628
f 1559/147/1630 1560/147/1632 1533/175/1631
f 1560/147/1632 1561/167/1589 1532/175/1530
f 1538/147/1648 1528/166/1652 1443/147/1649
f 1539/147/1651 1527/161/1653 1528/166/1652
f 1540/147/1525 1526/160/1535 1527/161/1653
f 1455/147/1662 1544/159/1663 1559/147/1630
f 1544/159/1663 1545/159/1664 1560/147/1632
f 1545/159/1664 1546/169/1523 1561/167/1589
f 1528/166/1652 1493/147/1667 1437/147/1669
f 1527/161/1653 1494/147/1670 1493/147/1667
f 1526/160/1535 1495/147/1534 1494/147/1670
f 1543/171/1634 1538/147/1648 1444/147/1650
f 1542/147/1635 1539/147/1651 1538/147/1648
f 1541/147/1526 1540/147/1525 1539/147/1651
f 1458/147/1617 1549/147/1616 1544/159/1663
f 1549/147/1616 1548/157/1619 1545/159/1664
f 1548/157/1619 1547/171/1521 1546/169/1523
usemtl Material.004
f 1198/144/1144 1079/145/1145 1184/146/1146
f 1078/147/1147 1087/145/1148 1079/145/1145
f 1083/145/1154 1202/144/1155 1200/146/1156
f 1091/145/1161 1098/147/1162 1090/147/1163
f 1083/145/1154 1090/147/1163 1082/147/1171
f 1086/147/1178 1095/145/1179 1087/145/1148
f 1099/145/1183 1106/147/1190 1098/147/1162
f 1094/147/1191 1103/145/1187 1095/145/1179
f 1110/147/1198 1119/145/1199 1111/145/1200
f 1107/145/1189 1114/147/1204 1106/147/1190
f 1102/147/1206 1111/145/1200 1103/145/1187
f 1123/145/1210 1130/147/1211 1122/147/1212
f 1115/145/1188 1122/147/1212 1114/147/1204
f 1118/147/1225 1127/145/1226 1119/145/1199
f 1131/145/1229 1138/147/1234 1130/147/1211
f 1126/147/1235 1135/145/1230 1127/145/1226
f 1142/147/1238 1151/145/1239 1143/145/1240
f 1155/145/1244 1146/147/1245 1147/145/1231
f 1139/145/1232 1146/147/1245 1138/147/1234
f 1134/147/1250 1143/145/1240 1135/145/1230
f 1163/145/1251 1154/147/1252 1155/145/1244
f 1150/147/1265 1159/145/1262 1151/145/1239
f 1166/147/1273 1175/145/1274 1167/145/1269
f 1171/145/1263 1162/147/1275 1163/145/1251
f 1158/147/1277 1167/145/1269 1159/145/1262
f 1179/145/1270 1170/147/1284 1171/145/1263
f 1188/145/1295 1195/147/1296 1187/147/1297
f 1174/147/1301 1192/145/1302 1175/145/1274
f 1279/157/1309 1228/147/1310 1298/158/1311
f 1210/147/1312 1337/159/1313 1306/159/1314
f 1218/147/1315 1334/160/1316 1312/161/1317
f 1297/159/1320 1224/147/1321 1325/159/1322
f 1220/147/1350 1292/165/1351 1222/147/1328
f 1214/147/1361 1301/166/1357 1316/161/1324
f 1248/147/1362 1318/159/1363 1303/161/1364
f 1289/159/1376 1258/147/1388 1294/171/1389
f 1327/147/1424 1262/147/1433 1295/147/1390
f 1336/157/1430 1254/147/1434 1310/158/1374
f 1244/147/1435 1304/169/1381 1339/147/1436
f 1300/147/1392 1265/147/1437 1277/147/1438
f 1298/158/1311 1278/147/1449 1279/157/1309
f 1299/160/1450 1277/147/1438 1278/147/1449
f 1338/147/1451 1306/159/1314 1337/159/1313
f 1339/147/1436 1305/169/1452 1338/147/1451
f 1335/160/1453 1312/161/1317 1334/160/1316
f 1335/160/1453 1310/158/1374 1311/171/1454
f 1325/159/1322 1296/147/1455 1297/159/1320
f 1326/169/1456 1295/147/1390 1296/147/1455
f 1291/167/1359 1293/159/1463 1292/165/1351
f 1290/166/1464 1294/171/1389 1293/159/1463
f 1302/147/1468 1316/161/1324 1301/166/1357
f 1303/161/1364 1317/147/1460 1302/147/1468
f 1513/147/1527 1486/147/1528 1537/147/1529
f 1532/175/1530 1477/147/1531 1531/159/1532
f 1463/147/1584 1555/160/1585 1495/147/1534
f 1586/147/1590 1490/147/1591 1577/147/1592
f 1471/147/1600 1541/147/1526 1568/147/1601
f 1531/159/1532 1471/147/1600 1568/147/1601
f 1537/147/1529 1484/147/1603 1547/171/1521
f 1460/147/1615 1549/147/1616 1458/147/1617
f 1535/147/1618 1548/157/1619 1549/147/1616
f 1536/160/1620 1547/171/1521 1548/157/1619
f 1451/147/1621 1570/147/1622 1445/147/1623
f 1529/147/1624 1569/147/1625 1570/147/1622
f 1530/147/1626 1568/147/1601 1569/147/1625
f 1570/147/1622 1446/147/1633 1445/147/1623
f 1569/147/1625 1543/171/1634 1570/147/1622
f 1568/147/1601 1542/147/1635 1569/147/1625
f 1578/147/1656 1573/147/1657 1584/171/1658
f 1584/171/1658 1572/147/1659 1585/181/1660
f 1585/181/1660 1571/147/1661 1586/147/1590
f 1493/147/1667 1438/147/1668 1437/147/1669
f 1494/147/1670 1553/157/1671 1493/147/1667
f 1495/147/1534 1554/161/1672 1494/147/1670
f 1452/147/1629 1529/147/1624 1451/147/1621
f 1534/175/1628 1530/147/1626 1529/147/1624
f 1533/175/1631 1531/159/1532 1530/147/1626
f 1462/147/1685 1535/147/1618 1460/147/1615
f 1511/147/1686 1536/160/1620 1535/147/1618
f 1512/147/1687 1537/147/1529 1536/160/1620
f 1554/161/1672 1586/147/1590 1553/157/1671
f 1555/160/1585 1585/181/1660 1554/161/1672
f 1464/147/1688 1584/171/1658 1555/160/1585
f 1553/157/1671 1577/147/1592 1438/147/1668
f 1198/144/1144 1078/147/1147 1079/145/1145
f 1078/147/1147 1086/147/1178 1087/145/1148
f 1083/145/1154 1082/147/1171 1202/144/1155
f 1091/145/1161 1099/145/1183 1098/147/1162
f 1083/145/1154 1091/145/1161 1090/147/1163
f 1086/147/1178 1094/147/1191 1095/145/1179
f 1099/145/1183 1107/145/1189 1106/147/1190
f 1094/147/1191 1102/147/1206 1103/145/1187
f 1110/147/1198 1118/147/1225 1119/145/1199
f 1107/145/1189 1115/145/1188 1114/147/1204
f 1102/147/1206 1110/147/1198 1111/145/1200
f 1123/145/1210 1131/145/1229 1130/147/1211
f 1115/145/1188 1123/145/1210 1122/147/1212
f 1118/147/1225 1126/147/1235 1127/145/1226
f 1131/145/1229 1139/145/1232 1138/147/1234
f 1126/147/1235 1134/147/1250 1135/145/1230
f 1142/147/1238 1150/147/1265 1151/145/1239
f 1155/145/1244 1154/147/1252 1146/147/1245
f 1139/145/1232 1147/145/1231 1146/147/1245
f 1134/147/1250 1142/147/1238 1143/145/1240
f 1163/145/1251 1162/147/1275 1154/147/1252
f 1150/147/1265 1158/147/1277 1159/145/1262
f 1166/147/1273 1174/147/1301 1175/145/1274
f 1171/145/1263 1170/147/1284 1162/147/1275
f 1158/147/1277 1166/147/1273 1167/145/1269
f 1179/145/1270 1178/147/1691 1170/147/1284
f 1188/145/1295 1196/145/1300 1195/147/1296
f 1174/147/1301 1191/147/1694 1192/145/1302
f 1279/157/1309 1229/147/1695 1228/147/1310
f 1210/147/1312 1208/147/1696 1337/159/1313
f 1218/147/1315 1216/147/1323 1334/160/1316
f 1297/159/1320 1226/147/1349 1224/147/1321
f 1220/147/1350 1291/167/1359 1292/165/1351
f 1214/147/1361 1212/147/1356 1301/166/1357
f 1248/147/1362 1250/147/1429 1318/159/1363
f 1289/159/1376 1256/147/1375 1258/147/1388
f 1327/147/1424 1260/147/1423 1262/147/1433
f 1336/157/1430 1252/147/1700 1254/147/1434
f 1244/147/1435 1246/147/1380 1304/169/1381
f 1300/147/1392 1264/147/1391 1265/147/1437
f 1298/158/1311 1299/160/1450 1278/147/1449
f 1299/160/1450 1300/147/1392 1277/147/1438
f 1338/147/1451 1305/169/1452 1306/159/1314
f 1339/147/1436 1304/169/1381 1305/169/1452
f 1335/160/1453 1311/171/1454 1312/161/1317
f 1335/160/1453 1336/157/1430 1310/158/1374
f 1325/159/1322 1326/169/1456 1296/147/1455
f 1326/169/1456 1327/147/1424 1295/147/1390
f 1291/167/1359 1290/166/1464 1293/159/1463
f 1290/166/1464 1289/159/1376 1294/171/1389
f 1302/147/1468 1317/147/1460 1316/161/1324
f 1303/161/1364 1318/159/1363 1317/147/1460
f 1513/147/1527 1488/147/1702 1486/147/1528
f 1532/175/1530 1478/147/1602 1477/147/1531
f 1463/147/1584 1464/147/1688 1555/160/1585
f 1586/147/1590 1571/147/1661 1490/147/1591
f 1471/147/1600 1472/147/1524 1541/147/1526
f 1531/159/1532 1477/147/1531 1471/147/1600
f 1537/147/1529 1486/147/1528 1484/147/1603
f 1460/147/1615 1535/147/1618 1549/147/1616
f 1535/147/1618 1536/160/1620 1548/157/1619
f 1536/160/1620 1537/147/1529 1547/171/1521
f 1451/147/1621 1529/147/1624 1570/147/1622
f 1529/147/1624 1530/147/1626 1569/147/1625
f 1530/147/1626 1531/159/1532 1568/147/1601
f 1570/147/1622 1543/171/1634 1446/147/1633
f 1569/147/1625 1542/147/1635 1543/171/1634
f 1568/147/1601 1541/147/1526 1542/147/1635
f 1578/147/1656 1492/147/1146 1573/147/1657
f 1584/171/1658 1573/147/1657 1572/147/1659
f 1585/181/1660 1572/147/1659 1571/147/1661
f 1493/147/1667 1553/157/1671 1438/147/1668
f 1494/147/1670 1554/161/1672 1553/157/1671
f 1495/147/1534 1555/160/1585 1554/161/1672
f 1452/147/1629 1534/175/1628 1529/147/1624
f 1534/175/1628 1533/175/1631 1530/147/1626
f 1533/175/1631 1532/175/1530 1531/159/1532
f 1462/147/1685 1511/147/1686 1535/147/1618
f 1511/147/1686 1512/147/1687 1536/160/1620
f 1512/147/1687 1513/147/1527 1537/147/1529
f 1554/161/1672 1585/181/1660 1586/147/1590
f 1555/160/1585 1584/171/1658 1585/181/1660
f 1464/147/1688 1578/147/1656 1584/171/1658
f 1553/157/1671 1586/147/1590 1577/147/1592
o Cube.011
v 8.301022 79.118774 1.967207
v 8.300904 79.118835 2.170554
v 7.674812 79.117119 2.066078
v 7.674825 79.117111 1.863458
v -5.830592 79.117111 2.047278
v -5.830592 79.117111 2.249805
v -5.198423 79.117111 2.073241
v -5.198423 79.117111 1.870713
v 8.138883 81.608078 1.967207
v 8.138764 81.608139 2.170554
v 7.518087 81.523979 2.065774
v 7.518087 81.523979 1.863247
v -5.872018 79.762901 2.016788
v -5.872018 79.762901 2.219316
v -5.245248 79.845337 2.066839
v -5.245248 79.845337 1.864311
v 7.653529 84.054985 1.967206
v 7.653410 84.055046 2.170554
v 7.048834 83.889862 2.065774
v 7.048834 83.889862 1.863247
v -5.997302 80.397774 1.987716
v -5.997302 80.397774 2.190244
v -5.386632 80.561234 2.065774
v -5.386632 80.561234 1.863246
v 6.853246 86.417709 1.967206
v 6.853127 86.417770 2.170554
v 6.275080 86.174347 2.065774
v 6.275080 86.174347 1.863246
v -6.204301 81.010887 1.976060
v -6.204301 81.010887 2.178588
v -5.620159 81.252579 2.065774
v -5.620159 81.252579 1.863246
v 5.751702 88.655899 1.967206
v 5.751584 88.655960 2.170553
v 5.210041 88.338440 2.065774
v 5.210041 88.338440 1.863246
v -6.489482 81.591774 1.976060
v -6.489482 81.591774 2.178588
v -5.941844 81.907578 2.065774
v -5.941844 81.907578 1.863246
v 4.367708 90.731339 1.967206
v 4.367589 90.731400 2.170554
v 3.871902 90.345169 2.065773
v 3.871902 90.345169 1.863246
v -6.847974 82.130516 1.976060
v -6.847974 82.130516 2.178588
v -6.346193 82.515030 2.065774
v -6.346193 82.515030 1.863246
v 2.724897 92.608597 1.967206
v 2.724779 92.608658 2.170553
v 2.283515 92.160271 2.065773
v 2.283515 92.160271 1.863246
v -7.273656 82.617905 1.976060
v -7.273656 82.617905 2.178588
v -6.826299 83.064568 2.065774
v -6.826299 83.064568 1.863246
v 0.851322 94.255600 1.967205
v 0.851204 94.255661 2.170553
v 0.472004 93.752762 2.065773
v 0.472004 93.752762 1.863245
v -7.759259 83.045631 1.976060
v -7.759259 83.045631 2.178588
v -7.373965 83.546814 2.065773
v -7.373965 83.546814 1.863246
v -1.221021 95.644234 1.967205
v -1.221139 95.644295 2.170553
v -1.531696 95.095421 2.065773
v -1.531696 95.095421 1.863245
v -8.296490 83.406380 1.976060
v -8.296490 83.406380 2.178588
v -7.979840 83.953522 2.065773
v -7.979840 83.953522 1.863246
v -3.456745 96.750778 1.967205
v -3.456863 96.750839 2.170552
v -3.693369 96.165352 2.065773
v -3.693369 96.165352 1.863245
v -8.876174 83.694000 1.988864
v -8.876174 83.694000 2.191392
v -8.633575 84.277763 2.065773
v -8.633575 84.277763 1.863246
v -5.817671 97.556343 1.967205
v -5.817789 97.556404 2.170553
v -5.976102 96.944260 2.065773
v -5.976102 96.944260 1.863245
v -9.488414 83.903564 2.018013
v -9.488414 83.903564 2.220540
v -9.324009 84.513985 2.066978
v -9.324009 84.513985 1.864450
v -8.263481 98.047165 1.967204
v -8.263599 98.047226 2.170552
v -8.340940 97.418869 2.066164
v -8.340923 97.418854 1.863518
v -10.122753 84.031509 2.048538
v -10.122753 84.031509 2.251065
v -10.039350 84.658157 2.073633
v -10.039350 84.658157 1.871105
v -10.752412 98.214874 1.967204
v -10.752528 98.214935 2.170552
v -10.747544 97.581078 2.067784
v -10.747504 97.581055 1.864967
v -10.768361 84.075653 2.079346
v -10.768361 84.075653 2.281874
v -10.767382 84.707817 2.086587
v -10.767382 84.707817 1.884059
v -10.747504 97.581055 1.864967
v -10.752412 98.214874 1.967204
v 7.674828 72.302528 1.863248
v 7.674828 72.302528 2.065775
v -10.767382 84.707817 1.884059
v -10.768361 84.075653 2.079346
v -10.768361 84.075653 2.281874
v -10.767382 84.707817 2.086587
v -15.678142 97.588692 1.863244
v -15.677157 98.220856 1.863244
v -15.677157 98.220856 2.065772
v -15.678142 97.588692 2.065772
v -15.698105 84.715469 1.863245
v -15.699083 84.083298 1.863245
v -15.699083 84.083298 2.065773
v -15.698105 84.715469 2.065773
v 8.306997 72.302528 1.863248
v 8.306997 72.302528 2.065775
v -5.198423 72.302528 1.863247
v -5.198423 72.302528 2.065774
v -5.830592 72.302528 1.863247
v -5.830592 72.302528 2.065774
v 8.301022 79.118774 1.967207
v 8.300904 79.118835 2.170554
v 8.138883 81.608078 1.967207
v 8.138764 81.608139 2.170554
v 8.138883 81.608078 1.967207
v 8.138764 81.608139 2.170554
v 7.653529 84.054985 1.967206
v 7.653410 84.055046 2.170554
v 6.853246 86.417709 1.967206
v 6.853127 86.417770 2.170554
v 5.751702 88.655899 1.967206
v 5.751584 88.655960 2.170553
v 4.367708 90.731339 1.967206
v 4.367589 90.731400 2.170554
v 2.724897 92.608597 1.967206
v 2.724779 92.608658 2.170553
v 0.851322 94.255600 1.967205
v 0.851204 94.255661 2.170553
v -1.221021 95.644234 1.967205
v -1.221139 95.644295 2.170553
v -3.456745 96.750778 1.967205
v -3.456863 96.750839 2.170552
v -5.817671 97.556343 1.967205
v -5.817789 97.556404 2.170553
v -8.263481 98.047165 1.967204
v -8.263599 98.047226 2.170552
v -10.752528 98.214935 2.170552
v -10.752412 98.214874 1.967204
v 8.301022 79.118774 1.967207
v 8.300904 79.118835 2.170554
v 8.138883 81.608078 1.967207
v 8.138764 81.608139 2.170554
v 8.301022 79.118774 1.967207
v 8.300904 79.118835 2.170554
v 8.138883 81.608078 1.967207
v 8.138764 81.608139 2.170554
v 8.301022 79.118774 1.967207
v 8.300904 79.118835 2.170554
v 8.138883 81.608078 1.967207
v 8.138764 81.608139 2.170554
v 9.626590 82.902969 1.966891
v 9.626472 82.903030 2.170235
v 9.141236 85.349869 1.966891
v 9.141117 85.349930 2.170235
v 8.340953 87.712593 1.966890
v 8.340835 87.712662 2.170235
v 7.239409 89.950790 1.966890
v 7.239292 89.950851 2.170235
v 5.855415 92.026230 1.966889
v 5.855298 92.026291 2.170234
v 4.212604 93.903488 1.966889
v 4.212486 93.903549 2.170234
v 2.339030 95.550491 1.966889
v 2.338912 95.550552 2.170234
v 0.266686 96.939117 1.966889
v 0.266568 96.939186 2.170233
v -1.969038 98.045670 1.966888
v -1.969156 98.045731 2.170233
v -4.329963 98.851227 1.966888
v -4.330081 98.851295 2.170233
v -6.775774 99.342056 1.966888
v -6.775892 99.342117 2.170233
v -9.264823 99.509827 2.170233
v -9.264705 99.509766 1.966888
v 9.788728 80.413666 1.966891
v 9.788610 80.413727 2.170235
v 9.626590 82.902969 1.966891
v 9.626472 82.903030 2.170235
v 1.957515 95.229523 2.129720
v 1.580637 94.907219 2.214246
v 1.213670 94.582077 2.129823
v 3.087244 92.935074 2.129824
v 3.454211 93.260208 2.214246
v 3.831090 93.582520 2.129720
v -9.646217 99.188797 2.332247
v -10.023096 98.866486 2.416772
v -10.390065 98.541351 2.332350
v -10.390065 98.541351 2.129823
v -10.023096 98.866486 2.214245
v -9.646217 99.188797 2.129719
v 7.959439 87.391632 2.129722
v 7.582561 87.069321 2.214247
v 7.215593 86.744179 2.129824
v 8.015877 84.381462 2.129825
v 8.382843 84.706604 2.214247
v 8.759722 85.028900 2.129722
v 1.957515 95.229523 2.332248
v 1.580637 94.907219 2.416773
v 1.213670 94.582077 2.332351
v -0.858674 95.970703 2.332351
v -0.491706 96.295853 2.416773
v -0.114828 96.618156 2.332248
v -4.711477 98.530266 2.332248
v -5.088355 98.207962 2.416773
v -5.455323 97.882812 2.332351
v -7.901134 98.373642 2.332351
v -7.534167 98.698784 2.416773
v -7.157288 99.021095 2.332247
v 7.215593 86.744179 2.332352
v 7.582561 87.069321 2.416774
v 7.959439 87.391632 2.332249
v 8.759722 85.028900 2.332249
v 8.382843 84.706604 2.416774
v 8.015877 84.381454 2.332352
v -7.901134 98.373642 2.129823
v -7.534167 98.698784 2.214245
v -7.157288 99.021095 2.129719
v 3.831090 93.582520 2.332248
v 3.454212 93.260208 2.416773
v 3.087244 92.935074 2.332351
v 6.857896 89.629822 2.129721
v 6.481018 89.307518 2.214246
v 6.114050 88.982376 2.129824
v 6.114050 88.982376 2.332352
v 6.481017 89.307518 2.416774
v 6.857896 89.629822 2.332249
v -3.094398 97.077255 2.129823
v -2.727430 97.402390 2.214245
v -2.350552 97.724701 2.129720
v -4.711477 98.530266 2.129720
v -5.088355 98.207962 2.214245
v -5.455323 97.882812 2.129823
v -3.094398 97.077255 2.332351
v -2.727430 97.402390 2.416773
v -2.350552 97.724701 2.332248
v 4.730055 91.057816 2.129824
v 5.097023 91.382957 2.214246
v 5.473901 91.705269 2.129720
v -0.858674 95.970703 2.129824
v -0.491706 96.295853 2.214245
v -0.114828 96.618156 2.129720
v 4.730055 91.057816 2.332352
v 5.097023 91.382957 2.416774
v 5.473901 91.705269 2.332248
v 8.501230 81.934555 2.332353
v 8.868197 82.259697 2.416775
v 9.245076 82.582001 2.332250
v 9.245076 82.582001 2.129722
v 8.868197 82.259697 2.214247
v 8.501230 81.934555 2.129825
v 8.663368 79.445251 2.332353
v 9.030336 79.770393 2.416775
v 9.407214 80.092697 2.332250
v 9.407214 80.092697 2.129722
v 9.030336 79.770393 2.214247
v 8.663368 79.445251 2.129825
v 8.501230 81.934555 2.129825
v 8.868197 82.259697 2.214247
v 9.245076 82.582001 2.129722
v 9.245076 82.582001 2.332250
v 8.868197 82.259697 2.416775
v 8.501230 81.934555 2.332353
v -5.830592 79.117111 2.249805
v -5.872018 79.762901 2.219316
v -5.997302 80.397774 2.190244
v -6.204301 81.010887 2.178588
v -6.489482 81.591774 2.178588
v -6.847974 82.130516 2.178588
v -7.273656 82.617905 2.178588
v -7.759259 83.045631 2.178588
v -8.296490 83.406380 2.178588
v -8.876174 83.694000 2.191392
v -9.488414 83.903564 2.220540
v -10.122753 84.031509 2.251065
v -10.768361 84.075653 2.281874
v -10.768361 84.075653 2.281874
v -5.830592 79.117111 2.249805
v -5.872018 79.762901 2.219316
v -5.997302 80.397774 2.190244
v -6.204301 81.010887 2.178588
v -6.489482 81.591774 2.178588
v -6.847974 82.130516 2.178588
v -7.273656 82.617905 2.178588
v -7.759259 83.045631 2.178588
v -8.296490 83.406380 2.178588
v -8.876174 83.694000 2.191392
v -9.488414 83.903564 2.220540
v -10.122753 84.031509 2.251065
v -10.768361 84.075653 2.281874
v -10.768361 84.075653 2.281874
v -5.830592 79.117111 2.249805
v -5.872018 79.762901 2.219316
v -5.997302 80.397774 2.190244
v -6.204301 81.010887 2.178588
v -6.489482 81.591774 2.178588
v -6.847974 82.130516 2.178588
v -7.273656 82.617905 2.178588
v -7.759259 83.045631 2.178588
v -8.296490 83.406380 2.178588
v -8.876174 83.694000 2.191392
v -9.488414 83.903564 2.220540
v -10.122753 84.031509 2.251065
v -10.768361 84.075653 2.281874
v -10.768361 84.075653 2.281874
v -5.830592 79.117111 2.249805
v -5.872018 79.762901 2.219316
v -5.997302 80.397774 2.190244
v -6.204301 81.010887 2.178588
v -6.489482 81.591774 2.178588
v -6.847974 82.130516 2.178588
v -7.273656 82.617905 2.178588
v -7.759259 83.045631 2.178588
v -8.296490 83.406380 2.178588
v -8.876174 83.694000 2.191392
v -9.488414 83.903564 2.220540
v -10.122753 84.031509 2.251065
v -10.768361 84.075653 2.281874
v -10.768361 84.075653 2.281874
v -5.872018 79.762901 2.219316
v -5.830592 79.117111 2.249805
v -5.830592 79.117111 2.047278
v -5.872018 79.762901 2.016788
v -6.204301 81.010887 1.976060
v -5.997302 80.397774 1.987716
v -5.997302 80.397774 2.190244
v -6.204301 81.010887 2.178588
v -6.847974 82.130516 2.178588
v -6.489482 81.591774 2.178588
v -6.489482 81.591774 1.976060
v -6.847974 82.130516 1.976060
v -7.759259 83.045631 1.976060
v -7.273656 82.617905 1.976060
v -7.273656 82.617905 2.178588
v -7.759259 83.045631 2.178588
v -8.296490 83.406380 1.976060
v -8.296490 83.406380 2.178588
v -8.876174 83.694000 2.191392
v -8.876174 83.694000 1.988864
v -9.488414 83.903564 2.018013
v -9.488414 83.903564 2.220540
v -10.122753 84.031509 2.048538
v -10.122753 84.031509 2.251065
v -10.768361 84.075653 2.079346
v -10.768361 84.075653 2.281874
v -5.872018 79.762901 2.219316
v -5.830592 79.117111 2.249805
v -5.830592 79.117111 2.047278
v -5.872018 79.762901 2.016788
v -6.204301 81.010887 1.976060
v -5.997302 80.397774 1.987716
v -5.997302 80.397774 2.190244
v -6.204301 81.010887 2.178588
v -6.847974 82.130516 2.178588
v -6.489482 81.591774 2.178588
v -6.489482 81.591774 1.976060
v -6.847974 82.130516 1.976060
v -7.759259 83.045631 1.976060
v -7.273656 82.617905 1.976060
v -7.273656 82.617905 2.178588
v -7.759259 83.045631 2.178588
v -8.296490 83.406380 1.976060
v -8.296490 83.406380 2.178588
v -8.876174 83.694000 2.191392
v -8.876174 83.694000 1.988864
v -9.488414 83.903564 2.018013
v -9.488414 83.903564 2.220540
v -10.122753 84.031509 2.048538
v -10.122753 84.031509 2.251065
v -12.247580 84.075653 2.097711
v -12.247580 84.075653 2.300239
v -7.360969 78.469475 2.249805
v -7.319541 77.823685 2.264932
v -7.319541 77.823685 2.062405
v -7.360969 78.469475 2.047278
v -7.693251 79.717453 1.987717
v -7.486252 79.104340 2.016789
v -7.486252 79.104340 2.219316
v -7.693251 79.717453 2.190244
v -8.336925 80.837082 2.178588
v -7.978432 80.298340 2.178588
v -7.978432 80.298340 1.976060
v -8.336925 80.837082 1.976060
v -9.248209 81.752197 1.976060
v -8.762606 81.324478 1.976060
v -8.762606 81.324478 2.178588
v -9.248209 81.752197 2.178588
v -9.785439 82.112946 1.988864
v -9.785439 82.112946 2.191392
v -10.365124 82.400566 2.220540
v -10.365124 82.400566 2.018013
v -10.977364 82.610138 2.048538
v -10.977364 82.610138 2.251065
v -11.611702 82.738083 2.086044
v -11.611702 82.738083 2.288571
v -12.257310 82.782219 2.097710
v -12.257310 82.782219 2.300238
v -5.830592 77.814667 2.076253
v -5.830592 77.814667 2.241287
v -7.319541 77.823685 2.062405
v -7.319541 77.823685 2.264932
v -6.244256 79.439545 2.352304
v -6.616494 79.116188 2.442726
v -6.988730 78.792831 2.352304
v -11.239466 83.061440 2.149776
v -10.867227 83.384796 2.240198
v -10.494989 83.708153 2.149776
v -9.413201 82.436302 2.149775
v -9.040964 82.759666 2.240198
v -8.668727 83.083023 2.149776
v -9.248412 83.370636 2.149776
v -9.620649 83.047279 2.240198
v -9.992887 82.723923 2.149775
v -7.606194 80.621704 2.149776
v -7.233957 80.945061 2.240199
v -6.861719 81.268417 2.149776
v -12.254877 83.105576 2.197697
v -12.252445 83.428932 2.240198
v -12.250011 83.752289 2.197697
v -12.250011 83.752289 2.400225
v -12.252445 83.428932 2.442726
v -12.254877 83.105576 2.400225
v -7.964686 81.160439 2.149776
v -7.592449 81.483795 2.240199
v -7.220211 81.807159 2.149776
v -7.645893 82.294548 2.149775
v -8.018131 81.971191 2.240198
v -8.390369 81.647835 2.149776
v -7.114014 79.427704 2.149776
v -6.741777 79.751060 2.240199
v -6.369540 80.074417 2.149776
v -6.576539 80.687531 2.149776
v -6.948777 80.364174 2.240199
v -7.321014 80.040817 2.149776
v -7.114014 79.427704 2.352304
v -6.741777 79.751060 2.442726
v -6.369540 80.074417 2.352304
v -7.645893 82.294548 2.352303
v -8.018131 81.971191 2.442726
v -8.390369 81.647835 2.352303
v -8.875971 82.075554 2.352303
v -8.503734 82.398911 2.442726
v -8.131495 82.722275 2.352304
v -10.494990 83.708153 2.352303
v -10.867229 83.384796 2.442726
v -11.239466 83.061440 2.352304
v -6.576539 80.687531 2.352303
v -6.948777 80.364174 2.442726
v -7.321014 80.040817 2.352303
v -7.606194 80.621704 2.352303
v -7.233957 80.945061 2.442726
v -6.861719 81.268417 2.352303
v -9.248412 83.370636 2.352303
v -9.620649 83.047279 2.442726
v -9.992887 82.723923 2.352303
v -10.605126 82.933487 2.352303
v -10.232887 83.256851 2.442726
v -9.860652 83.580208 2.352304
v -6.988730 78.792831 2.149776
v -6.616494 79.116188 2.240199
v -6.244256 79.439545 2.149776
v -6.202829 78.793762 2.352304
v -6.575067 78.470398 2.442726
v -6.947303 78.147041 2.352304
v -9.860652 83.580208 2.149776
v -10.232889 83.256851 2.240198
v -10.605127 82.933487 2.149775
v -8.668727 83.083023 2.352304
v -9.040965 82.759666 2.442726
v -9.413202 82.436302 2.352303
v -6.202829 78.793762 2.149776
v -6.575067 78.470398 2.240199
v -6.947303 78.147041 2.149776
v -8.131495 82.722275 2.149776
v -8.503735 82.398911 2.240198
v -8.875971 82.075554 2.149776
v -7.964686 81.160439 2.352303
v -7.592449 81.483795 2.442726
v -7.220211 81.807159 2.352304
v -6.202829 77.816925 2.387784
v -6.575067 77.819176 2.442726
v -6.947303 77.821434 2.387784
v -6.202829 77.816925 2.185257
v -6.575067 77.819176 2.240199
v -6.947303 77.821434 2.185256
v -5.830592 78.465897 2.241394
v -7.319541 77.823685 2.264932
v -7.319541 77.823685 2.062405
v -5.830592 78.465897 2.065237
v -6.202829 78.305344 2.167516
v -6.575067 78.144791 2.240199
v -6.947303 77.984238 2.167516
v -6.947303 77.984238 2.370044
v -6.575067 78.144791 2.442726
v -6.202829 78.305344 2.370044
vn 1.0000 0.0009 0.0006
vn 1.0000 0.0009 -0.0000
vn -0.0097 -0.0009 1.0000
vn -0.0818 -0.0064 0.9966
vn -0.0000 -0.0000 1.0000
vn -0.1646 -0.0130 0.9863
vn -0.0854 -0.0111 0.9963
vn 0.0848 0.0111 -0.9963
vn -0.3448 0.8313 0.4360
vn 0.0811 0.0063 -0.9967
vn -0.0000 -1.0000 -0.0000
vn -1.0000 -0.0000 -0.0000
vn 0.1250 0.0063 0.9921
vn 0.0164 -0.0026 0.9999
vn 0.0002 -0.0009 1.0000
vn -0.9951 -0.0572 -0.0811
vn -0.0000 -0.0000 -1.0000
vn -0.6395 -0.5144 0.5714
vn 0.0838 0.9950 -0.0547
vn 0.1064 0.0236 0.9940
vn 0.1924 0.0705 0.9788
vn 0.2373 0.0651 0.9693
vn -0.0872 -0.0260 -0.9958
vn -0.1064 -0.0236 -0.9940
vn -0.1249 -0.0064 -0.9921
vn 0.8830 0.1158 -0.4548
vn -0.9979 0.0644 -0.0090
vn -0.3977 0.9154 0.0619
vn -0.1091 0.8606 0.4975
vn 0.2690 0.0191 0.9630
vn -0.0782 -0.0322 -0.9964
vn 0.0826 0.0221 -0.9963
vn 0.0789 0.0326 -0.9963
vn -0.3326 0.0437 -0.9420
vn -0.6898 0.7239 -0.0059
vn -0.4505 0.2365 0.8609
vn -0.1636 -0.0215 0.9863
vn -0.0832 -0.0222 0.9963
vn 0.2601 0.9646 -0.0431
vn 0.1322 0.9903 -0.0431
vn 0.0872 0.0260 0.9958
vn 0.0740 0.0426 -0.9964
vn -0.9368 0.3495 0.0186
vn -0.8174 0.5753 -0.0283
vn -0.0796 -0.0329 0.9963
vn 0.0733 0.0421 0.9964
vn 0.0782 0.0322 0.9964
vn 0.1652 0.0722 0.9836
vn -0.1593 -0.0426 0.9863
vn -0.0963 -0.9424 -0.3202
vn -0.3660 -0.9277 -0.0731
vn -0.2782 -0.9498 -0.1431
vn -0.2335 -0.9264 -0.2953
vn -0.7057 -0.7071 -0.0438
vn -0.4764 -0.8768 0.0651
vn -0.1426 -0.0822 0.9864
vn -0.0682 -0.0522 0.9963
vn -0.0745 -0.0429 0.9963
vn 0.7938 0.6066 -0.0431
vn 0.8661 0.4980 -0.0431
vn -0.0733 -0.0421 -0.9964
vn 0.1523 0.0876 0.9844
vn -0.5813 -0.5809 0.5698
vn -0.1523 -0.0630 0.9863
vn -0.0708 -0.9408 -0.3315
vn -0.1026 -0.9869 -0.1247
vn -0.1002 -0.9689 -0.2261
vn 0.0672 0.0513 0.9964
vn 0.1245 0.1240 0.9844
vn 0.1396 0.1067 0.9844
vn -0.0599 -0.0597 -0.9964
vn 0.0677 0.0518 -0.9964
vn -0.0672 -0.0513 -0.9964
vn 0.0603 0.0601 -0.9964
vn -0.5437 -0.2832 -0.7900
vn -0.9275 0.3716 -0.0398
vn -0.9948 0.1007 0.0141
vn -0.0516 -0.0670 -0.9964
vn 0.0519 0.0674 -0.9964
vn -0.7687 -0.1903 0.6107
vn 0.6100 0.7912 -0.0431
vn 0.7079 0.7050 -0.0431
vn -0.1306 -0.1000 0.9864
vn -0.0608 -0.0606 0.9963
vn 0.3837 0.9225 -0.0431
vn 0.2602 0.9646 -0.0431
vn 0.0599 0.0597 0.9964
vn -0.0523 -0.0679 0.9963
vn 0.0424 0.0731 0.9964
vn 0.0516 0.0670 0.9964
vn -0.2363 -0.9670 -0.0951
vn 0.1073 0.1391 0.9844
vn -0.1163 -0.1161 0.9864
vn 0.9233 0.3816 -0.0431
vn 0.8656 0.4988 -0.0431
vn 0.8657 0.4987 -0.0431
vn -0.0821 -0.1419 0.9865
vn -0.0329 -0.0789 0.9963
vn -0.0429 -0.0741 0.9963
vn -0.8385 -0.5438 0.0360
vn -0.6857 -0.6975 0.2082
vn 0.0133 0.8893 0.4571
vn 0.0380 0.0833 0.9958
vn 0.0943 0.1542 0.9835
vn 0.0426 0.0735 -0.9964
vn -0.0424 -0.0731 -0.9964
vn 0.9943 0.1035 -0.0239
vn 0.9259 -0.3768 -0.0276
vn -0.1000 -0.1301 0.9864
vn 0.0382 0.1025 0.9940
vn 0.0972 0.1824 0.9784
vn -0.0382 -0.1025 -0.9940
vn 0.0326 0.0783 -0.9964
vn -0.0380 -0.0833 -0.9958
vn 0.0219 0.0817 -0.9964
vn 0.8698 0.4910 0.0495
vn -0.6964 -0.6961 -0.1748
vn 0.0107 0.0833 -0.9965
vn -0.6535 -0.5420 0.5284
vn -0.0339 -0.1229 -0.9918
vn -0.0221 -0.0823 0.9964
vn 0.0339 0.1229 0.9918
vn -0.0000 -0.0000 -0.0000
vn -0.0628 -0.1512 0.9865
vn 0.6092 0.7918 -0.0431
vn 0.5008 0.8645 -0.0431
vn -0.0107 -0.0838 0.9964
vn 0.0218 0.0904 0.9957
vn 0.7932 0.6074 -0.0431
vn -0.0212 -0.1611 0.9867
vn -0.0031 -0.0816 0.9967
vn 0.0970 0.2279 0.9688
vn 0.2127 0.9756 -0.0537
vn -0.0424 -0.1578 0.9866
vn -0.4890 -0.8704 -0.0576
vn -0.0870 0.7695 0.6327
vn -0.0062 -0.9408 0.3390
vn -0.8389 -0.3034 0.4518
vn -0.0116 -0.9930 -0.1179
vn -0.7223 -0.4448 -0.5295
vn 0.0739 0.2698 0.9601
vn 0.0038 -0.0006 -1.0000
vn 0.7345 -0.6766 -0.0520
vn 0.0099 0.0066 -0.9999
vn -0.0154 -0.9987 -0.0493
vn 0.0074 -0.0251 -0.9997
vn 0.0012 1.0000 -0.0002
vn 0.0009 0.7118 0.7024
vn 0.0012 1.0000 -0.0000
vn -1.0000 0.0016 -0.0000
vn -1.0000 0.0015 -0.0000
vn -0.0144 0.0920 0.9957
vn -0.0074 0.0251 0.9997
vn -0.0414 0.2950 0.9546
vn -0.0016 -1.0000 -0.0000
vn -0.0164 0.0026 -0.9999
vn -0.0038 0.0006 1.0000
vn -0.0064 -0.1535 0.9881
vn -0.0100 -0.0066 0.9999
vn 0.0097 0.0009 -1.0000
vn -0.0002 0.0002 -1.0000
vn 0.9652 0.2580 -0.0431
vn -0.2318 0.0782 -0.9696
vn 0.1269 0.2180 -0.9677
vn 0.1494 0.1937 -0.9696
vn -0.0251 -0.3721 0.9279
vn -0.0422 -0.4057 0.9130
vn -0.0420 -0.3049 0.9515
vn -0.3419 -0.0842 0.9359
vn -0.3001 -0.0595 0.9520
vn -0.2571 -0.0697 0.9639
vn -0.2227 -0.2231 0.9490
vn -0.1910 -0.1465 0.9706
vn -0.1702 -0.1697 0.9707
vn 0.0537 -0.0361 0.9979
vn 0.2126 0.1230 -0.9694
vn -0.0744 -0.2720 0.9594
vn -0.1275 -0.3232 0.9377
vn -0.1020 -0.2433 0.9646
vn -0.2514 -0.1912 0.9488
vn -0.2119 -0.1226 0.9696
vn 0.1023 0.2440 -0.9644
vn -0.0645 0.9909 -0.1183
vn 0.6710 0.0437 -0.7401
vn -0.1619 -0.2881 0.9438
vn 0.0644 -0.9886 0.1358
vn 0.7463 0.0486 0.6638
vn 0.1915 0.1469 -0.9704
vn 0.7073 0.7056 -0.0431
vn 0.9681 0.2385 0.0774
vn -0.0929 -0.8267 0.5549
vn -0.7681 0.1482 0.6230
vn 0.3837 0.9224 -0.0431
vn 0.9278 0.3681 0.0606
vn 0.9909 0.0645 -0.1183
vn 0.9886 0.0644 0.1358
vn -0.7423 0.2037 0.6383
vn -0.4084 0.7911 0.4553
vn 0.3012 0.0597 -0.9517
vn 0.0421 0.3057 -0.9512
vn 0.0746 0.2727 -0.9592
vn 0.2578 0.0699 -0.9637
vn -0.0884 -0.3619 0.9280
vn -0.1932 -0.2551 0.9474
vn -0.1265 -0.2173 0.9679
vn -0.6692 0.7431 -0.0004
vn -0.6666 0.7454 -0.0001
vn -0.6692 0.7431 -0.0005
vn 0.1707 0.1702 -0.9705
vn -0.3100 -0.1230 0.9427
vn -0.2337 -0.0973 0.9674
vn 0.0252 0.3734 -0.9273
vn -0.1489 -0.1931 0.9698
vn 0.2344 0.0976 -0.9672
vn -0.2802 -0.1582 0.9468
vn 0.2959 0.1263 0.9468
vn 0.2133 0.1222 0.9693
vn 0.2348 0.0958 0.9673
vn -0.6439 0.7651 -0.0005
vn -0.6465 0.7629 -0.0001
vn -0.6474 0.7621 -0.0000
vn -0.2139 -0.1225 -0.9691
vn -0.2972 -0.1269 -0.9464
vn -0.2355 -0.0961 -0.9671
vn 0.6465 -0.7629 0.0001
vn 0.6439 -0.7651 0.0005
vn 0.6474 -0.7621 -0.0000
vn 0.1717 0.1717 0.9701
vn 0.1942 0.2483 0.9490
vn 0.1502 0.1966 0.9689
vn -0.0286 -0.4250 -0.9048
vn -0.0389 -0.3190 -0.9470
vn -0.0193 -0.2860 -0.9580
vn 0.3228 0.0920 0.9420
vn 0.2577 0.0671 0.9639
vn -0.1951 -0.2494 -0.9486
vn -0.1722 -0.1723 -0.9699
vn -0.1506 -0.1972 -0.9687
vn -0.3241 -0.0923 -0.9415
vn -0.2585 -0.0673 -0.9637
vn 0.1666 0.2793 0.9456
vn 0.1273 0.2225 0.9666
vn 0.0732 0.2818 0.9567
vn 0.0628 0.3892 0.9190
vn 0.0388 0.3180 0.9473
vn 0.6692 -0.7431 0.0005
vn 0.6666 -0.7454 0.0001
vn 0.6657 -0.7462 -0.0000
vn 0.9661 0.2582 0.0005
vn 0.9809 0.1946 0.0005
vn 0.9242 0.3820 0.0004
vn 0.9661 0.2583 0.0005
vn 0.7940 0.6080 0.0003
vn 0.8664 0.4993 0.0003
vn 0.8665 0.4992 0.0003
vn 0.7079 0.7063 0.0002
vn 0.7939 0.6080 0.0003
vn 0.5012 0.8653 -0.0000
vn 0.6097 0.7926 0.0001
vn 0.6098 0.7926 0.0001
vn 0.3841 0.9233 -0.0001
vn 0.2604 0.9655 -0.0002
vn 0.3840 0.9233 -0.0001
vn 0.0672 0.9977 -0.0003
vn 0.1322 0.9912 -0.0002
vn 0.1323 0.9912 -0.0002
vn 0.9979 0.0650 0.0006
vn -0.3255 -0.0212 -0.9453
vn -0.3750 -0.0244 -0.9267
vn -0.2598 -0.0169 -0.9655
vn -0.1029 -0.3500 -0.9311
vn -0.1024 -0.2513 -0.9625
vn -0.0734 -0.2827 -0.9564
vn 0.3735 0.0243 0.9273
vn 0.3244 0.0211 0.9457
vn 0.2593 0.0169 0.9656
vn 0.1365 0.3123 0.9401
vn 0.1021 0.2505 0.9627
vn -0.2211 -0.2192 -0.9503
vn -0.1930 -0.1476 -0.9700
vn -0.1371 -0.3137 -0.9396
vn -0.1277 -0.2232 -0.9664
vn 0.2703 0.1581 0.9497
vn 0.1925 0.1472 0.9702
vn -0.2715 -0.1588 -0.9492
vn 0.1025 0.3484 0.9317
vn 0.2201 0.2183 0.9507
vn 0.3413 0.0677 0.9375
vn 0.2418 0.0480 0.9692
vn 0.0285 0.4232 0.9056
vn 0.0192 0.2855 0.9582
vn -0.3427 -0.0680 -0.9370
vn -0.2423 -0.0481 -0.9690
vn -0.0631 -0.3908 -0.9183
vn -0.1674 -0.2805 -0.9451
vn -0.0018 -0.0081 -1.0000
vn -0.0031 -0.0063 -1.0000
vn 0.0047 -0.0163 -0.9999
vn 0.0018 -0.0127 -0.9999
vn 0.0646 0.0128 -0.9978
vn -0.0084 0.0014 -1.0000
vn -0.0080 -0.1181 0.9930
vn -0.0047 0.0163 0.9999
vn -0.0646 -0.0128 0.9978
vn 0.0084 -0.0014 1.0000
vn 0.0051 0.0034 1.0000
vn 0.0041 0.0048 1.0000
vn -0.0018 0.0127 0.9999
vn 0.0003 0.0101 0.9999
vn 0.6566 -0.7543 -0.0000
vn -0.0061 -0.0019 -1.0000
vn -0.0051 -0.0034 -1.0000
vn 0.0061 0.0019 1.0000
vn -0.0003 -0.0101 -0.9999
vn -0.0041 -0.0048 -1.0000
vn 0.0018 0.0081 1.0000
vn 0.0031 0.0063 1.0000
vn -0.0072 -0.0004 -1.0000
vn -0.6657 0.7462 -0.0000
vn -0.6566 0.7543 -0.0000
vn 0.0072 0.0004 1.0000
vn 0.0080 0.1181 -0.9930
vn -0.3376 -0.0220 0.9410
vn -0.3884 -0.0253 0.9211
vn -0.0892 -0.0058 0.9960
vn -0.2659 -0.0173 0.9639
vn 0.0854 0.0056 0.9963
vn 0.3389 0.0221 -0.9406
vn 0.2664 0.0174 -0.9637
vn 0.0892 0.0058 -0.9960
vn -0.0854 -0.0056 -0.9963
vn 0.6692 -0.7431 0.0006
vn -0.6692 0.7431 -0.0006
vn 0.9942 0.1033 -0.0310
vn 0.2129 0.9766 -0.0309
vn 0.0834 0.9960 -0.0313
vn 0.7080 0.7049 -0.0431
vn 0.6099 0.7913 -0.0431
vn 0.7938 0.6067 -0.0431
vn 0.8321 0.5537 -0.0325
vn 0.0206 0.9991 -0.0383
vn 0.3509 0.9358 -0.0333
vn 0.4245 0.9051 -0.0260
vn 0.9348 0.3531 -0.0385
vn 0.4917 0.8700 -0.0366
vn 0.4917 0.8700 -0.0353
vn 0.3508 0.9358 -0.0350
vn 0.7449 -0.4779 0.4657
vn 0.9251 -0.3765 -0.0504
vn 0.9941 0.1035 -0.0328
vn 0.9349 0.3532 -0.0341
vn 0.9990 -0.0332 -0.0292
vn -0.9027 -0.3169 0.2911
vn 0.3509 0.9360 -0.0259
vn 0.2785 0.9601 -0.0242
vn 0.8974 0.4405 -0.0264
vn 0.0110 -0.4589 0.8884
vn 0.0004 -0.0151 0.9999
vn 0.6606 0.7500 -0.0325
vn 0.9992 -0.0331 -0.0225
vn 0.9250 -0.3765 -0.0504
vn -0.4405 0.8973 -0.0264
vn -0.8280 -0.4839 0.2833
vn 0.8972 0.4405 -0.0325
vn -0.0086 0.8338 -0.5521
vn -0.0112 0.4650 -0.8853
vn -0.4371 -0.8512 0.2905
vn -0.7608 -0.5842 0.2827
vn -0.8321 -0.5537 -0.0325
vn -0.0000 1.0000 -0.0000
vn -0.6813 -0.6750 0.2831
vn 0.3507 0.9355 -0.0419
vn 0.4917 0.8699 -0.0382
vn -0.0550 -0.2356 0.9703
vn -0.0803 -0.2749 0.9581
vn -0.0908 -0.2355 0.9676
vn -0.2930 -0.1610 0.9425
vn -0.2412 -0.0971 0.9656
vn -0.2239 -0.1291 0.9660
vn 0.0257 -0.2016 0.9791
vn 0.0245 -0.2354 0.9716
vn -0.0063 -0.2323 0.9726
vn -0.1582 -0.2047 0.9660
vn -0.2353 -0.2357 0.9429
vn -0.1805 -0.1796 0.9670
vn -0.2848 -0.0430 0.9576
vn -0.2412 -0.0229 0.9702
vn -0.2460 -0.0585 0.9675
vn 0.2412 0.0971 -0.9656
vn 0.2930 0.1610 -0.9425
vn 0.2239 0.1291 -0.9660
vn -0.0245 0.2354 -0.9716
vn -0.0257 0.2016 -0.9791
vn 0.0063 0.2322 -0.9726
vn 0.1416 0.2873 -0.9473
vn 0.0908 0.2355 -0.9676
vn 0.1283 0.2258 -0.9657
vn 0.2651 0.2015 -0.9430
vn 0.2022 0.1546 -0.9671
vn -1.0000 0.0075 -0.0000
vn 0.1805 0.1796 -0.9670
vn 0.2460 0.0585 -0.9675
vn 0.3047 0.1028 -0.9469
vn -0.3529 -0.8925 0.2810
vn 0.4918 0.8701 -0.0333
vn -0.4163 0.6661 0.6189
vn -0.5911 -0.7552 0.2833
vn 0.9939 0.1033 -0.0395
vn -0.5084 -0.8107 0.2904
vn -0.9320 -0.2289 0.2811
vn -0.2404 -0.9692 0.0534
vn -0.8728 -0.3930 0.2894
vn -0.9918 -0.1276 -0.0000
vn -0.9979 -0.0640 -0.0000
vn -0.9668 -0.2554 -0.0000
vn -0.9914 -0.1305 -0.0000
vn -0.9250 -0.3799 -0.0000
vn -0.9658 -0.2591 -0.0000
vn -0.7946 -0.6072 -0.0000
vn -0.8668 -0.4987 -0.0000
vn -0.8671 -0.4981 -0.0000
vn -0.9240 -0.3823 -0.0000
vn -0.7086 -0.7056 -0.0000
vn -0.6102 -0.7922 -0.0000
vn -0.5009 -0.8655 -0.0000
vn -0.3868 -0.9222 -0.0000
vn -0.5032 -0.8642 -0.0000
vn -0.6109 -0.7917 -0.0000
vn -0.3832 -0.9237 -0.0000
vn -0.2635 -0.9647 -0.0000
vn -0.2592 -0.9658 -0.0000
vn -0.1348 -0.9909 -0.0000
vn -0.1317 -0.9913 -0.0000
vn -0.0682 -0.9977 -0.0000
vn 0.2412 0.0229 -0.9702
vn 0.2848 0.0430 -0.9576
vn -0.2507 -0.0063 0.9680
vn -0.2470 0.0379 0.9683
vn 0.0803 0.2749 -0.9581
vn 0.0550 0.2356 -0.9703
vn -0.1416 -0.2873 0.9473
vn -0.1283 -0.2258 0.9657
vn 0.2617 0.0234 0.9649
vn 0.3493 0.0191 0.9368
vn 0.3080 0.0085 0.9513
vn 0.2353 0.2357 -0.9429
vn 0.1582 0.2047 -0.9660
vn -0.3047 -0.1028 0.9469
vn 0.1986 0.2689 -0.9425
vn 0.2470 -0.0379 -0.9683
vn 0.2507 0.0063 -0.9680
vn 0.0295 0.2403 -0.9702
vn -0.2651 -0.2015 0.9430
vn -0.2022 -0.1546 0.9671
vn -0.1986 -0.2689 0.9425
vn -0.0295 -0.2403 0.9702
vn -0.0060 -1.0000 -0.0000
vn -0.0061 -1.0000 -0.0000
vn 0.2516 -0.0912 -0.9635
vn 0.6625 0.1609 0.7316
vn 0.4358 0.4534 0.7775
vn 1.0000 -0.0000 -0.0000
vn -0.2714 -0.0270 -0.9621
vn -0.2262 -0.0269 -0.9737
vn -0.2516 -0.0258 -0.9675
vn -0.2223 -0.0272 -0.9746
vn 0.0232 -0.0135 -0.9996
vn 0.0164 -0.0141 -0.9998
vn 0.0593 0.2600 0.9638
vn 0.0736 0.2375 0.9686
vn 0.1120 0.2833 0.9525
vn 0.0377 0.2455 0.9687
vn -0.0019 0.0134 0.9999
vn 0.0011 0.0081 1.0000
vn 0.2365 0.2343 0.9430
vn 0.2073 0.1581 0.9654
vn 0.2640 0.2027 0.9430
vn 0.1846 0.1842 0.9654
vn 0.0063 0.0042 1.0000
vn 0.0050 0.0057 1.0000
vn 0.1836 0.2928 0.9384
vn 0.1612 0.2104 0.9642
vn 0.2082 0.2660 0.9412
vn 0.1375 0.2323 0.9629
vn 0.0036 0.0072 1.0000
vn 0.0021 0.0089 1.0000
vn 0.2914 0.1703 0.9413
vn 0.2300 0.1313 0.9643
vn 0.0076 0.0027 1.0000
vn -0.0736 -0.2375 -0.9686
vn 0.0019 -0.0134 -0.9999
vn -0.0377 -0.2455 -0.9687
vn -0.0011 -0.0081 -1.0000
vn -0.2459 -0.0410 -0.9684
vn -0.2341 -0.0232 -0.9719
vn -0.0129 0.0037 -0.9999
vn 0.0064 -0.0034 -1.0000
vn -0.1612 -0.2104 -0.9642
vn -0.0036 -0.0072 -1.0000
vn -0.1375 -0.2323 -0.9629
vn -0.0021 -0.0089 -1.0000
vn 0.2488 0.1047 0.9629
vn 0.3200 0.1123 0.9408
vn 0.3148 0.1418 0.9385
vn 0.0091 0.0009 1.0000
vn 0.2539 0.0751 0.9643
vn 0.0108 -0.0011 0.9999
vn -0.1846 -0.1842 -0.9654
vn -0.0050 -0.0057 -1.0000
vn -0.0354 0.0117 0.9993
vn -0.2270 0.1055 0.9682
vn -0.2516 0.0912 0.9635
vn -0.0164 0.0141 0.9998
vn -0.0232 0.0135 0.9996
vn 0.2658 0.0268 0.9637
vn 0.1544 0.3007 0.9411
vn 0.1084 0.2408 0.9645
vn 0.0003 0.0109 0.9999
vn -0.1084 -0.2408 -0.9645
vn -0.0003 -0.0109 -0.9999
vn 0.2459 0.0410 0.9684
vn 0.2686 0.0215 0.9630
vn 0.2974 0.0731 0.9519
vn 0.0129 -0.0037 0.9999
vn 0.2501 0.0144 0.9681
vn -0.0064 0.0034 1.0000
vn -0.2539 -0.0751 -0.9643
vn -0.0108 0.0011 -0.9999
vn -0.2488 -0.1047 -0.9629
vn -0.0091 -0.0009 -1.0000
vn -0.2073 -0.1581 -0.9654
vn -0.0063 -0.0042 -1.0000
vn -0.2300 -0.1313 -0.9643
vn -0.0076 -0.0027 -1.0000
vn -0.0328 -0.2919 -0.9559
vn -0.0212 -0.2220 -0.9748
vn -0.0174 0.0119 -0.9998
vn 0.0328 0.2918 0.9559
vn 0.0212 0.2220 0.9748
vn 0.0174 -0.0119 0.9998
vn -0.1134 0.0140 0.9935
vn -0.0466 0.2339 0.9711
vn -0.0000 -0.0031 1.0000
vn -0.0014 -0.9098 -0.4150
vn 0.0656 0.2944 0.9534
vn 0.0211 -0.0000 -0.9998
vn -0.0000 0.0011 -1.0000
vn -0.0213 -0.0000 0.9998
vn -0.0282 -0.4186 0.9077
vn -0.3533 -0.0701 0.9329
vn -0.6439 0.7651 -0.0006
vn 0.6439 -0.7651 0.0006
vn -0.2464 -0.1893 -0.9505
vn 0.2453 0.1885 0.9509
vn -0.0029 -0.2954 0.9554
vn 0.0029 0.2954 -0.9554
vn 0.1493 0.9815 -0.1201
vn 0.2270 -0.1055 -0.9682
vt 0.375000 1.000000
vt 0.625000 0.920224
vt 0.375000 0.920224
vt 0.795224 0.750000
vt 0.875000 0.738821
vt 0.795224 0.738821
vt 0.875000 0.750000
vt 0.125000 0.738821
vt 0.125000 0.750000
vt 0.204776 0.750000
vt 0.204776 0.738821
vt 0.625000 1.000000
vt 0.625000 0.011179
vt 0.375000 0.011179
vt 0.625000 0.000000
vt 0.375000 0.000000
vt 0.875000 0.750000
vt 0.875000 0.750000
vt 0.875000 0.750000
vt 0.875000 0.750000
vt 0.875000 0.750000
vt 0.125000 0.750000
vt 0.125000 0.750000
vt 0.125000 0.750000
vt 0.875000 0.750000
vt 0.875000 0.750000
vt 0.875000 0.750000
vt 0.625000 1.000000
vt 0.875000 0.750000
vt 0.125000 0.750000
vt 0.875000 0.750000
vt 0.125000 0.750000
vt 0.375000 1.000000
vt 0.125000 0.750000
vt 0.875000 0.750000
vt 0.125000 0.750000
vt 0.125000 0.750000
vt 0.125000 0.750000
vt 0.625000 1.000000
vt 0.125000 0.750000
vt 0.875000 0.750000
vt 0.125000 0.750000
s 1
usemtl Material.001
f 1587/183/1706 1708/184/1707 1707/185/1707
f 1598/190/1713 1587/191/1714 1590/190/1715
f 1711/192/1716 1693/193/1716 1708/186/1716
f 1712/184/1717 1591/183/1717 1711/185/1717
f 1647/191/1721 1937/191/1722 1655/191/1723
f 1589/187/1709 1710/188/1720 1694/188/1710
f 1688/189/1722 1944/189/1722 1680/189/1724
f 1610/190/1728 1598/190/1713 1602/190/1729
f 1602/190/1729 1590/190/1715 1594/190/1730
f 1589/187/1709 1601/187/1725 1593/187/1718
f 1596/194/1731 1715/183/1710 1595/183/1732
f 1599/191/1733 1594/190/1730 1591/191/1734
f 1618/190/1736 1606/190/1737 1610/190/1728
f 1614/190/1738 1603/191/1739 1606/190/1737
f 1615/191/1740 1610/190/1728 1607/191/1741
f 1668/189/1744 1738/189/1745 1676/189/1745
f 1597/187/1712 1609/187/1746 1601/187/1725
f 1607/191/1741 1602/190/1729 1599/191/1733
f 1606/190/1737 1595/191/1732 1598/190/1713
f 1622/190/1747 1611/191/1748 1614/190/1738
f 1623/191/1749 1618/190/1736 1615/191/1740
f 1613/187/1750 1625/187/1751 1617/187/1752
f 1599/191/1733 1926/191/1722 1607/191/1741
f 1667/191/1755 1733/191/1756 1659/191/1757
f 1605/187/1743 1617/187/1752 1609/187/1746
f 1643/191/1758 1727/191/1759 1635/191/1760
f 1632/189/1764 1930/189/1722 1624/189/1765
f 1626/190/1766 1614/190/1738 1618/190/1736
f 1655/191/1723 1940/191/1722 1663/191/1768
f 1683/191/1770 1737/191/1771 1675/191/1772
f 1642/190/1776 1630/190/1777 1634/190/1778
f 1638/190/1779 1627/191/1780 1630/190/1777
f 1621/187/1763 1633/187/1773 1625/187/1751
f 1631/191/1781 1626/190/1766 1623/191/1749
f 1630/190/1777 1619/191/1782 1622/190/1747
f 1634/190/1778 1622/190/1747 1626/190/1766
f 1650/190/1783 1638/190/1779 1642/190/1776
f 1646/190/1784 1635/191/1760 1638/190/1779
f 1647/191/1721 1642/190/1776 1639/191/1785
f 1648/189/1786 1935/189/1722 1640/189/1787
f 1660/189/1790 1736/189/1791 1668/189/1744
f 1629/187/1762 1641/187/1792 1633/187/1773
f 1639/191/1785 1634/190/1778 1631/191/1781
f 1655/191/1723 1650/190/1783 1647/191/1721
f 1645/187/1793 1657/187/1794 1649/187/1795
f 1675/191/1772 1735/191/1796 1667/191/1755
f 1631/191/1781 1934/191/1722 1639/191/1785
f 1612/189/1799 1724/189/1800 1620/189/1801
f 1637/187/1789 1649/187/1795 1641/187/1792
f 1679/191/1805 1945/191/1806 1687/191/1807
f 1654/190/1810 1643/191/1758 1646/190/1784
f 1658/190/1811 1646/190/1784 1650/190/1783
f 1608/189/1812 1921/189/1722 1600/189/1813
f 1674/190/1817 1662/190/1818 1666/190/1819
f 1670/190/1820 1659/191/1757 1662/190/1818
f 1627/191/1780 1723/191/1821 1619/191/1782
f 1653/187/1804 1665/187/1808 1657/187/1794
f 1655/191/1723 1666/190/1819 1658/190/1811
f 1662/190/1818 1651/191/1822 1654/190/1810
f 1666/190/1819 1654/190/1810 1658/190/1811
f 1678/190/1823 1667/191/1755 1670/190/1820
f 1671/191/1824 1682/190/1825 1674/190/1817
f 1669/187/1826 1681/187/1827 1673/187/1815
f 1600/189/1813 1922/189/1722 1592/189/1828
f 1644/189/1830 1732/189/1831 1652/189/1831
f 1661/187/1803 1673/187/1815 1665/187/1808
f 1663/191/1768 1674/190/1817 1666/190/1819
f 1677/187/1832 1689/187/1833 1681/187/1827
f 1620/189/1801 1726/189/1834 1628/189/1834
f 1682/190/1825 1670/190/1820 1674/190/1817
f 1680/189/1724 1942/189/1722 1672/189/1838
f 1659/191/1757 1731/191/1840 1651/191/1822
f 1688/194/1722 1696/183/1841 1687/183/1807
f 1689/187/1722 1697/189/1710 1688/189/1842
f 1690/190/1843 1691/190/1844 1686/190/1845
f 1679/191/1805 1690/190/1843 1682/190/1825
f 1686/190/1845 1675/191/1772 1678/190/1823
f 1690/190/1843 1678/190/1823 1682/190/1825
f 1687/183/1807 1946/194/1828 1688/194/1722
f 1703/190/1847 1691/190/1844 1695/190/1848
f 1699/190/1849 1692/191/1850 1691/190/1844
f 1704/191/1851 1695/190/1848 1696/191/1841
f 1684/194/1852 1683/183/1853 1700/183/1854
f 1687/191/1807 1695/190/1848 1690/190/1843
f 1686/190/1845 1692/191/1850 1683/191/1770
f 1706/195/1855 1699/196/1855 1703/196/1856
f 1699/196/1855 1701/197/1855 1700/198/1855
f 1705/197/1856 1703/196/1856 1704/198/1856
f 1705/194/1860 1696/183/1860 1697/194/1860
f 1594/190/1730 1711/192/1861 1591/191/1734
f 1698/187/1857 1685/187/1836 1706/187/1862
f 1590/190/1715 1707/192/1865 1693/193/1866
f 1693/193/1866 1594/190/1730 1590/190/1715
f 1604/189/1867 1722/189/1799 1612/189/1799
f 1595/191/1732 1713/191/1710 1587/191/1714
f 1588/189/1828 1716/189/1710 1596/189/1731
f 1587/183/1714 1714/194/1722 1588/194/1828
f 1729/191/1868 1841/191/1869 1783/191/1870
f 1725/191/1880 1825/204/1881 1723/191/1821
f 1731/191/1840 1829/191/1887 1841/191/1869
f 1742/189/1888 1748/189/1722 1744/189/1889
f 1743/191/1891 1745/191/1710 1741/191/1892
f 1727/191/1759 1838/205/1893 1725/191/1880
f 1595/183/1732 1718/194/1828 1596/194/1731
f 1676/189/1745 1739/189/1828 1684/189/1828
f 1628/189/1834 1728/189/1894 1636/189/1894
f 1611/191/1748 1719/191/1895 1603/191/1739
f 1684/194/1828 1740/183/1896 1683/183/1770
f 1635/191/1760 1725/191/1880 1627/191/1780
f 1713/183/1710 1742/194/1888 1714/194/1722
f 1596/189/1731 1720/189/1867 1604/189/1867
f 1636/189/1894 1730/189/1830 1644/189/1830
f 1716/194/1710 1743/183/1891 1715/183/1710
f 1651/191/1822 1729/191/1868 1643/191/1758
f 1603/191/1739 1717/191/1897 1595/191/1732
f 1715/191/1710 1741/191/1892 1713/191/1710
f 1652/189/1831 1734/189/1898 1660/189/1790
f 1714/189/1722 1744/189/1889 1716/189/1710
f 1619/191/1782 1721/191/1899 1611/191/1748
f 1746/189/1900 1752/189/1828 1748/189/1722
f 1747/191/1901 1749/191/1902 1745/191/1710
f 1748/194/1722 1751/183/1903 1747/183/1901
f 1745/183/1710 1750/194/1828 1746/194/1900
f 1719/191/1895 1852/191/1904 1717/191/1897
f 1735/191/1796 1817/191/1905 1834/206/1906
f 1721/191/1899 1796/191/1907 1719/191/1895
f 1739/194/1911 1790/183/1912 1740/183/1913
f 1727/191/1759 1783/191/1870 1784/206/1914
f 1737/191/1771 1790/204/1917 1817/191/1905
f 1723/191/1821 1795/191/1919 1721/191/1899
f 1733/191/1756 1834/206/1906 1829/191/1887
f 1741/183/1892 1746/194/1900 1742/194/1888
f 1744/194/1889 1747/183/1901 1743/183/1891
f 1780/194/1924 1861/183/1925 1862/210/1926
f 1823/204/1927 1757/191/1928 1793/191/1929
f 1856/183/1930 1778/194/1931 1855/194/1932
f 1776/191/1936 1819/204/1937 1792/191/1938
f 1765/191/1941 1786/191/1942 1781/191/1943
f 1775/194/1924 1792/183/1925 1787/194/1926
f 1793/191/1929 1755/191/1944 1798/212/1945
f 1718/194/1951 1852/183/1952 1847/194/1953
f 1755/183/1954 1754/194/1955 1753/183/1955
f 1757/183/1956 1756/194/1957 1755/183/1954
f 1759/183/1960 1758/194/1956 1757/183/1956
f 1763/183/1961 1762/194/1962 1761/183/1958
f 1767/183/1963 1766/194/1964 1765/183/1965
f 1765/183/1965 1764/194/1961 1763/183/1961
f 1769/183/1966 1768/194/1963 1767/183/1963
f 1771/183/1967 1770/194/1968 1769/183/1966
f 1776/183/1969 1774/194/1970 1773/183/1971
f 1773/183/1971 1772/194/1967 1771/183/1967
f 1779/183/1972 1778/194/1972 1777/183/1972
f 1861/191/1973 1777/191/1974 1856/191/1975
f 1771/191/1976 1831/204/1977 1832/214/1978
f 1763/191/1984 1840/191/1985 1786/191/1942
f 1769/191/1986 1843/214/1987 1831/204/1977
f 1840/191/1985 1759/191/1990 1823/204/1927
f 1850/215/1930 1754/194/1931 1849/194/1932
f 1798/212/1945 1753/191/1997 1850/206/1998
f 1773/191/1999 1832/214/1978 1819/204/1937
f 1767/191/2000 1781/191/1943 1843/214/1987
f 1842/214/2001 1783/191/1870 1841/191/1869
f 1843/214/1987 1782/191/2002 1842/214/2001
f 1818/191/2003 1834/206/1906 1817/191/1905
f 1819/204/1937 1833/191/2004 1818/191/2003
f 1796/191/1907 1851/191/2005 1852/191/1904
f 1797/191/2006 1850/206/1998 1851/191/2005
f 1851/183/2015 1847/194/1953 1852/183/1952
f 1851/183/2015 1849/194/1932 1848/194/2015
f 1838/205/1893 1824/216/2016 1825/204/1881
f 1839/191/2017 1823/204/1927 1824/216/2016
f 1830/191/2019 1841/191/1869 1829/191/1887
f 1831/204/1977 1842/214/2001 1830/191/2019
f 1784/206/1914 1839/191/2017 1838/205/1893
f 1786/191/1942 1839/191/2017 1785/191/2020
f 1833/191/2004 1829/191/1887 1834/206/1906
f 1832/214/1978 1830/191/2019 1833/191/2004
f 1795/191/1919 1797/191/2006 1796/191/1907
f 1794/212/2023 1798/212/1945 1797/191/2006
f 1789/194/2024 1791/183/2025 1790/183/1912
f 1787/194/1926 1791/183/2025 1788/194/2025
f 1782/191/2002 1784/206/1914 1783/191/1870
f 1781/191/1943 1785/191/2020 1782/191/2002
f 1791/191/2027 1817/191/1905 1790/204/1917
f 1792/191/1938 1818/191/2003 1791/191/2027
f 1825/204/1881 1794/212/2023 1795/191/1919
f 1824/216/2016 1793/191/1929 1794/212/2023
f 1751/191/1903 1858/191/2033 1749/191/1902
f 1859/191/2034 1857/191/2035 1858/191/2033
f 1860/191/2036 1856/191/1975 1857/191/2035
f 1858/183/1952 1750/194/1951 1749/183/2037
f 1857/183/2015 1853/210/1953 1858/183/1952
f 1857/183/2015 1855/194/1932 1854/194/2015
f 1752/194/1913 1859/183/1912 1751/183/2038
f 1864/194/2024 1860/183/2025 1859/183/1912
f 1862/210/1926 1860/183/2025 1863/194/2025
f 1600/194/1813 1865/194/1710 1866/194/1722
f 1608/194/2039 1866/194/1722 1867/194/1722
f 1672/189/2040 1876/189/1722 1680/189/2041
f 1640/189/2042 1872/189/1722 1648/189/2043
f 1632/194/2044 1869/194/2045 1870/194/1722
f 1680/189/2041 1877/189/1722 1688/189/2046
f 1664/194/2047 1873/194/2048 1874/194/1722
f 1664/189/2047 1875/189/1722 1672/189/2040
f 1608/189/2039 1868/189/1722 1616/189/2049
f 1697/194/1722 1877/194/1722 1878/194/1722
f 1648/189/2043 1873/189/2048 1656/189/2050
f 1632/189/2044 1871/189/1722 1640/189/2042
f 1616/189/2049 1869/189/2045 1624/189/1765
f 1874/189/1722 1889/189/1722 1875/189/1722
f 1867/189/1722 1882/189/1722 1868/189/1722
f 1875/189/1722 1890/189/1722 1876/189/1722
f 1870/194/1722 1883/194/2045 1884/194/1722
f 1876/189/1722 1891/189/1722 1877/189/1722
f 1868/189/1722 1883/189/2045 1869/189/2045
f 1878/194/1722 1891/194/1722 1892/194/1722
f 1870/189/1722 1885/189/1722 1871/189/1722
f 1871/189/1722 1886/189/1722 1872/189/1722
f 1874/194/1722 1887/194/2048 1888/194/1722
f 1866/194/1722 1879/194/1710 1880/194/1722
f 1872/189/1722 1887/189/2048 1873/189/2048
f 1867/194/1722 1880/194/1722 1881/194/1722
f 1882/189/1722 1897/189/1722 1883/189/2045
f 1892/194/1722 1905/194/1722 1906/194/1722
f 1884/189/1722 1899/189/1722 1885/189/1722
f 1885/189/1722 1900/189/1722 1886/189/1722
f 1888/194/1722 1901/194/2048 1902/194/1722
f 1880/194/1722 1893/194/1710 1894/194/1722
f 1886/189/1722 1901/189/2048 1887/189/2048
f 1881/194/1722 1894/194/1722 1895/194/1722
f 1888/189/1722 1903/189/1722 1889/189/1722
f 1881/189/1722 1896/189/1722 1882/189/1722
f 1889/189/1722 1904/189/1722 1890/189/1722
f 1884/194/1722 1897/194/1722 1898/194/1722
f 1890/189/1722 1905/189/1722 1891/189/1722
f 1902/194/1722 1915/194/2051 1916/194/2052
f 1894/194/1722 1907/194/2053 1908/194/2054
f 1900/189/1722 1915/189/2051 1901/189/2048
f 1895/194/1722 1908/194/2054 1909/194/2055
f 1902/189/1722 1917/189/1838 1903/189/1722
f 1895/189/1722 1910/189/2056 1896/189/1722
f 1903/189/1722 1918/189/1724 1904/189/1722
f 1898/194/1722 1911/194/1765 1912/194/1764
f 1904/189/1722 1919/189/1722 1905/189/1722
f 1896/189/1722 1911/189/1765 1897/189/1722
f 1906/194/1722 1919/194/1722 1920/194/1722
f 1898/189/1722 1913/189/1787 1899/189/1722
f 1899/189/1722 1914/189/1786 1900/189/1722
f 1924/191/2057 1952/191/2058 1926/191/1722
f 1942/189/1722 1965/189/2059 1939/189/2060
f 1930/189/1722 1954/189/2049 1928/189/2061
f 1946/189/2062 1970/189/2063 1944/189/1710
f 1936/189/2064 1961/189/2042 1935/189/1722
f 1927/189/2065 1947/189/2066 1921/189/1722
f 1925/191/2067 1957/191/2068 1931/191/2069
f 1943/191/2070 1971/191/2071 1945/191/1806
f 1937/191/1722 1966/191/2072 1940/191/1722
f 1931/191/2069 1958/191/2073 1932/191/2074
f 1971/183/2075 1946/194/2075 1945/183/2075
f 1932/191/2074 1960/191/2076 1934/191/1722
f 1672/189/1838 1939/189/2060 1664/189/2077
f 1664/189/2077 1938/189/1722 1656/189/2078
f 1616/189/2056 1927/189/2065 1608/189/1812
f 1615/191/1740 1931/191/2069 1623/191/1749
f 1592/194/1828 1923/183/1710 1591/183/1734
f 1639/191/1785 1933/191/1722 1647/191/1721
f 1671/191/1824 1943/191/2070 1679/191/1805
f 1656/189/2078 1936/189/2064 1648/189/1786
f 1663/191/1768 1941/191/1722 1671/191/1824
f 1640/189/1787 1929/189/1722 1632/189/1764
f 1623/191/1749 1932/191/2074 1631/191/1781
f 1591/191/1734 1924/191/2057 1599/191/1733
f 1624/189/1765 1928/189/2061 1616/189/2056
f 1607/191/1741 1925/191/2067 1615/191/1740
f 2035/205/2094 1983/191/2095 2015/191/2096
f 1995/191/2097 2018/191/2098 2006/191/2099
f 1989/191/2100 2014/216/2101 2009/206/2102
f 2015/191/2096 1984/191/2103 2024/218/2104
f 2018/183/2105 1998/194/2105 2023/194/2105
f 1984/191/2103 2029/219/2106 2024/218/2104
f 2030/218/2107 1977/191/2108 2035/205/2094
f 1921/189/1722 1948/189/1828 1922/189/1722
f 1940/191/1722 1967/191/2109 1941/191/1722
f 1939/189/2060 1964/189/2110 1938/189/1722
f 1922/194/1722 1949/183/2111 1923/183/1710
f 1934/191/1722 1959/191/2112 1933/191/1722
f 1928/189/2061 1953/189/2113 1927/189/2065
f 1933/191/1722 1963/191/2114 1937/191/1722
f 1923/191/1710 1950/191/2115 1924/191/2057
f 1941/191/1722 1969/191/2116 1943/191/2070
f 1929/189/1722 1956/189/1765 1930/189/1722
f 1938/189/1722 1962/189/2043 1936/189/2064
f 1935/189/1722 1955/189/2044 1929/189/1722
f 1944/189/1722 1968/189/2040 1942/189/1722
f 1926/191/1722 1951/191/2117 1925/191/2067
f 1973/194/2118 1975/183/2119 1974/194/2119
f 1979/194/2120 1976/183/2121 1973/194/2118
f 1980/194/2122 1978/183/2123 1979/194/2120
f 1981/194/2124 1983/183/2125 1982/194/2126
f 1982/194/2126 1977/183/2127 1980/194/2122
f 1981/194/2124 1986/183/2128 1984/183/2124
f 1988/194/2129 1986/183/2128 1987/194/2128
f 1990/194/2130 1992/183/2131 1989/183/2132
f 1988/194/2129 1989/183/2132 1985/183/2133
f 1991/194/2134 1993/183/2135 1992/183/2131
f 1994/194/2136 1995/183/2137 1993/183/2135
f 1996/194/2138 1997/183/2139 1995/183/2137
f 2060/191/2140 1978/191/2141 2030/218/2107
f 1992/191/2144 2068/220/2145 2014/216/2101
f 1986/191/2151 2077/212/2152 2029/219/2106
f 1985/191/2154 2009/206/2102 2077/212/2152
f 2074/214/2155 1976/191/2156 2060/191/2140
f 1993/191/2157 2006/191/2099 2068/220/2145
f 2002/194/2162 2086/183/2163 2083/194/2163
f 2093/212/2164 2001/191/2165 2089/191/2166
f 2089/183/2166 2002/194/1828 2088/194/1722
f 2087/221/2167 1999/183/2167 2090/183/2167
f 1999/191/2168 2091/191/2169 2090/206/2170
f 2084/191/2171 2092/191/2172 2091/191/2169
f 2085/191/2173 2093/212/2164 2092/191/2172
f 2000/194/2163 2084/183/2163 1999/183/2163
f 2081/194/2163 2085/183/2163 2084/183/2163
f 2083/194/2163 2085/183/2163 2082/194/2163
f 2066/191/2195 1969/191/2116 1967/191/2109
f 2067/191/2196 2008/219/2197 2066/191/2195
f 2068/220/2145 2007/205/2198 2067/191/2196
f 1949/191/2111 2062/218/2199 1950/191/2115
f 2072/191/2200 2061/191/2201 2062/218/2199
f 2073/206/2202 2060/191/2140 2061/191/2201
f 2075/191/2203 1963/191/2114 1959/191/2112
f 2076/191/2204 2011/206/2205 2075/191/2203
f 2077/212/2152 2010/222/2206 2076/191/2204
f 2027/206/2213 1959/191/2112 1960/191/2076
f 2028/206/2214 2075/191/2203 2027/206/2213
f 2029/219/2106 2076/191/2204 2028/206/2214
f 2012/191/2224 1967/191/2109 1966/191/2072
f 2013/218/2225 2066/191/2195 2012/191/2224
f 2014/216/2101 2067/191/2196 2013/218/2225
f 1950/191/2115 2032/191/2232 1952/191/2058
f 2062/218/2199 2031/216/2233 2032/191/2232
f 2061/191/2201 2030/218/2107 2031/216/2233
f 1952/191/2058 2033/216/2234 1951/191/2117
f 2032/191/2232 2034/224/2235 2033/216/2234
f 2031/216/2233 2035/205/2094 2034/224/2235
f 2026/218/2236 1960/191/2076 1958/191/2073
f 2025/218/2237 2027/206/2213 2026/218/2236
f 2024/218/2104 2028/206/2214 2025/218/2237
f 2020/183/2105 1972/194/2105 1971/183/2105
f 2019/183/2105 2021/194/2105 2020/183/2105
f 2019/183/2105 2023/194/2105 2022/194/2105
f 1957/191/2068 2026/218/2236 1958/191/2073
f 2017/204/2238 2025/218/2237 2026/218/2236
f 2016/191/2239 2024/218/2104 2025/218/2237
f 2011/206/2205 1966/191/2072 1963/191/2114
f 2010/222/2206 2012/191/2224 2011/206/2205
f 2009/206/2102 2013/218/2225 2010/222/2206
f 2008/219/2197 1971/191/2240 1969/191/2116
f 2007/205/2198 2020/191/2241 2008/219/2197
f 2006/191/2099 2019/191/2242 2007/205/2198
f 1951/191/2117 2017/204/2238 1957/191/2068
f 2033/216/2234 2016/191/2239 2017/204/2238
f 2034/224/2235 2015/191/2096 2016/191/2239
f 2092/191/2172 2074/214/2155 2073/206/2202
f 2091/191/2169 2073/206/2202 2072/191/2200
f 2090/206/2170 2072/191/2200 1949/191/2111
f 1948/194/2167 2090/183/2167 1949/183/2167
f 1975/183/2247 2088/194/1722 1974/194/1828
f 2074/214/2155 2089/191/2166 1975/191/2247
f 1587/183/1706 1588/194/1706 1708/184/1707
f 1598/190/1713 1595/191/1732 1587/191/1714
f 1708/186/1716 1694/188/1716 1710/188/1716
f 1710/188/1716 1712/184/1716 1711/192/1716
f 1711/192/1716 1709/193/2248 1693/193/1716
f 1693/193/1716 1707/185/1716 1708/186/1716
f 1708/186/1716 1710/188/1716 1711/192/1716
f 1712/184/1717 1592/194/1717 1591/183/1717
f 1647/191/1721 1933/191/1722 1937/191/1722
f 1589/187/1709 1593/187/1718 1710/188/1720
f 1688/189/1722 1946/189/1828 1944/189/1722
f 1610/190/1728 1606/190/1737 1598/190/1713
f 1602/190/1729 1598/190/1713 1590/190/1715
f 1589/187/1709 1597/187/1712 1601/187/1725
f 1596/194/1731 1716/194/1710 1715/183/1710
f 1599/191/1733 1602/190/1729 1594/190/1730
f 1618/190/1736 1614/190/1738 1606/190/1737
f 1614/190/1738 1611/191/1748 1603/191/1739
f 1615/191/1740 1618/190/1736 1610/190/1728
f 1668/189/1744 1736/189/1791 1738/189/1745
f 1597/187/1712 1605/187/1743 1609/187/1746
f 1607/191/1741 1610/190/1728 1602/190/1729
f 1606/190/1737 1603/191/1739 1595/191/1732
f 1622/190/1747 1619/191/1782 1611/191/1748
f 1623/191/1749 1626/190/1766 1618/190/1736
f 1613/187/1750 1621/187/1763 1625/187/1751
f 1599/191/1733 1924/191/2057 1926/191/1722
f 1667/191/1755 1735/191/1796 1733/191/1756
f 1605/187/1743 1613/187/1750 1617/187/1752
f 1643/191/1758 1729/191/1868 1727/191/1759
f 1632/189/1764 1929/189/1722 1930/189/1722
f 1626/190/1766 1622/190/1747 1614/190/1738
f 1655/191/1723 1937/191/1722 1940/191/1722
f 1683/191/1770 1740/191/1896 1737/191/1771
f 1642/190/1776 1638/190/1779 1630/190/1777
f 1638/190/1779 1635/191/1760 1627/191/1780
f 1621/187/1763 1629/187/1762 1633/187/1773
f 1631/191/1781 1634/190/1778 1626/190/1766
f 1630/190/1777 1627/191/1780 1619/191/1782
f 1634/190/1778 1630/190/1777 1622/190/1747
f 1650/190/1783 1646/190/1784 1638/190/1779
f 1646/190/1784 1643/191/1758 1635/191/1760
f 1647/191/1721 1650/190/1783 1642/190/1776
f 1648/189/1786 1936/189/2064 1935/189/1722
f 1660/189/1790 1734/189/1898 1736/189/1791
f 1629/187/1762 1637/187/1789 1641/187/1792
f 1639/191/1785 1642/190/1776 1634/190/1778
f 1655/191/1723 1658/190/1811 1650/190/1783
f 1645/187/1793 1653/187/1804 1657/187/1794
f 1675/191/1772 1737/191/1771 1735/191/1796
f 1631/191/1781 1932/191/2074 1934/191/1722
f 1612/189/1799 1722/189/1799 1724/189/1800
f 1637/187/1789 1645/187/1793 1649/187/1795
f 1679/191/1805 1943/191/2070 1945/191/1806
f 1654/190/1810 1651/191/1822 1643/191/1758
f 1658/190/1811 1654/190/1810 1646/190/1784
f 1608/189/1812 1927/189/2065 1921/189/1722
f 1674/190/1817 1670/190/1820 1662/190/1818
f 1670/190/1820 1667/191/1755 1659/191/1757
f 1627/191/1780 1725/191/1880 1723/191/1821
f 1653/187/1804 1661/187/1803 1665/187/1808
f 1655/191/1723 1663/191/1768 1666/190/1819
f 1662/190/1818 1659/191/1757 1651/191/1822
f 1666/190/1819 1662/190/1818 1654/190/1810
f 1678/190/1823 1675/191/1772 1667/191/1755
f 1671/191/1824 1679/191/1805 1682/190/1825
f 1669/187/1826 1677/187/1832 1681/187/1827
f 1600/189/1813 1921/189/1722 1922/189/1722
f 1644/189/1830 1730/189/1830 1732/189/1831
f 1661/187/1803 1669/187/1826 1673/187/1815
f 1663/191/1768 1671/191/1824 1674/190/1817
f 1677/187/1832 1685/187/1836 1689/187/1833
f 1620/189/1801 1724/189/1800 1726/189/1834
f 1682/190/1825 1678/190/1823 1670/190/1820
f 1680/189/1724 1944/189/1722 1942/189/1722
f 1659/191/1757 1733/191/1756 1731/191/1840
f 1688/194/1722 1697/194/1828 1696/183/1841
f 1689/187/1722 1698/187/2249 1697/189/1710
f 1690/190/1843 1695/190/1848 1691/190/1844
f 1679/191/1805 1687/191/1807 1690/190/1843
f 1686/190/1845 1683/191/1770 1675/191/1772
f 1690/190/1843 1686/190/1845 1678/190/1823
f 1687/183/1807 1945/183/1806 1946/194/1828
f 1703/190/1847 1699/190/1849 1691/190/1844
f 1699/190/1849 1700/191/2251 1692/191/1850
f 1704/191/1851 1703/190/1847 1695/190/1848
f 1700/183/1854 1701/194/1854 1684/194/1852
f 1683/183/1853 1692/183/1710 1700/183/1854
f 1687/191/1807 1696/191/1841 1695/190/1848
f 1686/190/1845 1691/190/1844 1692/191/1850
f 1706/195/1855 1702/195/1855 1699/196/1855
f 1699/196/1855 1702/195/1855 1701/197/1855
f 1705/197/1856 1706/195/1855 1703/196/1856
f 1705/194/1860 1704/183/1860 1696/183/1860
f 1594/190/1730 1709/193/2252 1711/192/1861
f 1685/187/1836 1702/187/1864 1706/187/1862
f 1698/187/1857 1689/187/1833 1685/187/1836
f 1590/190/1715 1587/191/1714 1707/192/1865
f 1693/193/1866 1709/193/2252 1594/190/1730
f 1604/189/1867 1720/189/1867 1722/189/1799
f 1595/191/1732 1715/191/1710 1713/191/1710
f 1588/189/1828 1714/189/1722 1716/189/1710
f 1587/183/1714 1713/183/1710 1714/194/1722
f 1729/191/1868 1731/191/1840 1841/191/1869
f 1725/191/1880 1838/205/1893 1825/204/1881
f 1731/191/1840 1733/191/1756 1829/191/1887
f 1742/189/1888 1746/189/1900 1748/189/1722
f 1743/191/1891 1747/191/1901 1745/191/1710
f 1727/191/1759 1784/206/1914 1838/205/1893
f 1595/183/1732 1717/183/1897 1718/194/1828
f 1676/189/1745 1738/189/1745 1739/189/1828
f 1628/189/1834 1726/189/1834 1728/189/1894
f 1611/191/1748 1721/191/1899 1719/191/1895
f 1684/194/1828 1739/194/1828 1740/183/1896
f 1635/191/1760 1727/191/1759 1725/191/1880
f 1713/183/1710 1741/183/1892 1742/194/1888
f 1596/189/1731 1718/189/1828 1720/189/1867
f 1636/189/1894 1728/189/1894 1730/189/1830
f 1716/194/1710 1744/194/1889 1743/183/1891
f 1651/191/1822 1731/191/1840 1729/191/1868
f 1603/191/1739 1719/191/1895 1717/191/1897
f 1715/191/1710 1743/191/1891 1741/191/1892
f 1652/189/1831 1732/189/1831 1734/189/1898
f 1714/189/1722 1742/189/1888 1744/189/1889
f 1619/191/1782 1723/191/1821 1721/191/1899
f 1746/189/1900 1750/189/1828 1752/189/1828
f 1747/191/1901 1751/191/1903 1749/191/1902
f 1748/194/1722 1752/194/1828 1751/183/1903
f 1745/183/1710 1749/183/1902 1750/194/1828
f 1719/191/1895 1796/191/1907 1852/191/1904
f 1735/191/1796 1737/191/1771 1817/191/1905
f 1721/191/1899 1795/191/1919 1796/191/1907
f 1739/194/1911 1789/194/2024 1790/183/1912
f 1727/191/1759 1729/191/1868 1783/191/1870
f 1737/191/1771 1740/191/1896 1790/204/1917
f 1723/191/1821 1825/204/1881 1795/191/1919
f 1733/191/1756 1735/191/1796 1834/206/1906
f 1741/183/1892 1745/183/1710 1746/194/1900
f 1744/194/1889 1748/194/1722 1747/183/1901
f 1780/194/1924 1779/183/2256 1861/183/1925
f 1823/204/1927 1759/191/1990 1757/191/1928
f 1856/183/1930 1777/183/2257 1778/194/1931
f 1776/191/1936 1773/191/1999 1819/204/1937
f 1765/191/1941 1763/191/1984 1786/191/1942
f 1775/194/1924 1776/183/2256 1792/183/1925
f 1793/191/1929 1757/191/1928 1755/191/1944
f 1718/194/1951 1717/183/2037 1852/183/1952
f 1755/183/1954 1756/194/1957 1754/194/1955
f 1757/183/1956 1758/194/1956 1756/194/1957
f 1759/183/1960 1760/194/1959 1758/194/1956
f 1763/183/1961 1764/194/1961 1762/194/1962
f 1767/183/1963 1768/194/1963 1766/194/1964
f 1765/183/1965 1766/194/1964 1764/194/1961
f 1769/183/1966 1770/194/1968 1768/194/1963
f 1771/183/1967 1772/194/1967 1770/194/1968
f 1776/183/1969 1775/194/1969 1774/194/1970
f 1773/183/1971 1774/194/1970 1772/194/1967
f 1779/183/1972 1780/194/1972 1778/194/1972
f 1861/191/1973 1779/191/1974 1777/191/1974
f 1771/191/1976 1769/191/1986 1831/204/1977
f 1763/191/1984 1761/191/2258 1840/191/1985
f 1769/191/1986 1767/191/2000 1843/214/1987
f 1840/191/1985 1761/191/2258 1759/191/1990
f 1850/215/1930 1753/183/2257 1754/194/1931
f 1798/212/1945 1755/191/1944 1753/191/1997
f 1773/191/1999 1771/191/1976 1832/214/1978
f 1767/191/2000 1765/191/1941 1781/191/1943
f 1842/214/2001 1782/191/2002 1783/191/1870
f 1843/214/1987 1781/191/1943 1782/191/2002
f 1818/191/2003 1833/191/2004 1834/206/1906
f 1819/204/1937 1832/214/1978 1833/191/2004
f 1796/191/1907 1797/191/2006 1851/191/2005
f 1797/191/2006 1798/212/1945 1850/206/1998
f 1851/183/2015 1848/194/2015 1847/194/1953
f 1851/183/2015 1850/215/1930 1849/194/1932
f 1838/205/1893 1839/191/2017 1824/216/2016
f 1839/191/2017 1840/191/1985 1823/204/1927
f 1830/191/2019 1842/214/2001 1841/191/1869
f 1831/204/1977 1843/214/1987 1842/214/2001
f 1784/206/1914 1785/191/2020 1839/191/2017
f 1786/191/1942 1840/191/1985 1839/191/2017
f 1833/191/2004 1830/191/2019 1829/191/1887
f 1832/214/1978 1831/204/1977 1830/191/2019
f 1795/191/1919 1794/212/2023 1797/191/2006
f 1794/212/2023 1793/191/1929 1798/212/1945
f 1789/194/2024 1788/194/2025 1791/183/2025
f 1787/194/1926 1792/183/1925 1791/183/2025
f 1782/191/2002 1785/191/2020 1784/206/1914
f 1781/191/1943 1786/191/1942 1785/191/2020
f 1791/191/2027 1818/191/2003 1817/191/1905
f 1792/191/1938 1819/204/1937 1818/191/2003
f 1825/204/1881 1824/216/2016 1794/212/2023
f 1824/216/2016 1823/204/1927 1793/191/1929
f 1751/191/1903 1859/191/2034 1858/191/2033
f 1859/191/2034 1860/191/2036 1857/191/2035
f 1860/191/2036 1861/191/1973 1856/191/1975
f 1858/183/1952 1853/210/1953 1750/194/1951
f 1857/183/2015 1854/194/2015 1853/210/1953
f 1857/183/2015 1856/183/1930 1855/194/1932
f 1752/194/1913 1864/194/2024 1859/183/1912
f 1864/194/2024 1863/194/2025 1860/183/2025
f 1862/210/1926 1861/183/1925 1860/183/2025
f 1600/194/1813 1592/194/1710 1865/194/1710
f 1608/194/2039 1600/194/1813 1866/194/1722
f 1672/189/2040 1875/189/1722 1876/189/1722
f 1640/189/2042 1871/189/1722 1872/189/1722
f 1632/194/2044 1624/194/1765 1869/194/2045
f 1680/189/2041 1876/189/1722 1877/189/1722
f 1664/194/2047 1656/194/2050 1873/194/2048
f 1664/189/2047 1874/189/1722 1875/189/1722
f 1608/189/2039 1867/189/1722 1868/189/1722
f 1697/194/1722 1688/194/2046 1877/194/1722
f 1648/189/2043 1872/189/1722 1873/189/2048
f 1632/189/2044 1870/189/1722 1871/189/1722
f 1616/189/2049 1868/189/1722 1869/189/2045
f 1874/189/1722 1888/189/1722 1889/189/1722
f 1867/189/1722 1881/189/1722 1882/189/1722
f 1875/189/1722 1889/189/1722 1890/189/1722
f 1870/194/1722 1869/194/2045 1883/194/2045
f 1876/189/1722 1890/189/1722 1891/189/1722
f 1868/189/1722 1882/189/1722 1883/189/2045
f 1878/194/1722 1877/194/1722 1891/194/1722
f 1870/189/1722 1884/189/1722 1885/189/1722
f 1871/189/1722 1885/189/1722 1886/189/1722
f 1874/194/1722 1873/194/2048 1887/194/2048
f 1866/194/1722 1865/194/1710 1879/194/1710
f 1872/189/1722 1886/189/1722 1887/189/2048
f 1867/194/1722 1866/194/1722 1880/194/1722
f 1882/189/1722 1896/189/1722 1897/189/1722
f 1892/194/1722 1891/194/1722 1905/194/1722
f 1884/189/1722 1898/189/1722 1899/189/1722
f 1885/189/1722 1899/189/1722 1900/189/1722
f 1888/194/1722 1887/194/2048 1901/194/2048
f 1880/194/1722 1879/194/1710 1893/194/1710
f 1886/189/1722 1900/189/1722 1901/189/2048
f 1881/194/1722 1880/194/1722 1894/194/1722
f 1888/189/1722 1902/189/1722 1903/189/1722
f 1881/189/1722 1895/189/1722 1896/189/1722
f 1889/189/1722 1903/189/1722 1904/189/1722
f 1884/194/1722 1883/194/2045 1897/194/1722
f 1890/189/1722 1904/189/1722 1905/189/1722
f 1902/194/1722 1901/194/2048 1915/194/2051
f 1894/194/1722 1893/194/1710 1907/194/2053
f 1900/189/1722 1914/189/1786 1915/189/2051
f 1895/194/1722 1894/194/1722 1908/194/2054
f 1902/189/1722 1916/189/2052 1917/189/1838
f 1895/189/1722 1909/189/2055 1910/189/2056
f 1903/189/1722 1917/189/1838 1918/189/1724
f 1898/194/1722 1897/194/1722 1911/194/1765
f 1904/189/1722 1918/189/1724 1919/189/1722
f 1896/189/1722 1910/189/2056 1911/189/1765
f 1906/194/1722 1905/194/1722 1919/194/1722
f 1898/189/1722 1912/189/1764 1913/189/1787
f 1899/189/1722 1913/189/1787 1914/189/1786
f 1924/191/2057 1950/191/2115 1952/191/2058
f 1942/189/1722 1968/189/2040 1965/189/2059
f 1930/189/1722 1956/189/1765 1954/189/2049
f 1946/189/2062 1972/189/2062 1970/189/2063
f 1936/189/2064 1962/189/2043 1961/189/2042
f 1927/189/2065 1953/189/2113 1947/189/2066
f 1925/191/2067 1951/191/2117 1957/191/2068
f 1943/191/2070 1969/191/2116 1971/191/2071
f 1937/191/1722 1963/191/2114 1966/191/2072
f 1931/191/2069 1957/191/2068 1958/191/2073
f 1971/183/2075 1972/194/2075 1946/194/2075
f 1932/191/2074 1958/191/2073 1960/191/2076
f 1672/189/1838 1942/189/1722 1939/189/2060
f 1664/189/2077 1939/189/2060 1938/189/1722
f 1616/189/2056 1928/189/2061 1927/189/2065
f 1615/191/1740 1925/191/2067 1931/191/2069
f 1592/194/1828 1922/194/1722 1923/183/1710
f 1639/191/1785 1934/191/1722 1933/191/1722
f 1671/191/1824 1941/191/1722 1943/191/2070
f 1656/189/2078 1938/189/1722 1936/189/2064
f 1663/191/1768 1940/191/1722 1941/191/1722
f 1640/189/1787 1935/189/1722 1929/189/1722
f 1623/191/1749 1931/191/2069 1932/191/2074
f 1591/191/1734 1923/191/1710 1924/191/2057
f 1624/189/1765 1930/189/1722 1928/189/2061
f 1607/191/1741 1926/191/1722 1925/191/2067
f 2035/205/2094 1977/191/2108 1983/191/2095
f 1995/191/2097 1997/191/2261 2018/191/2098
f 1989/191/2100 1992/191/2144 2014/216/2101
f 2015/191/2096 1983/191/2095 1984/191/2103
f 2018/183/2105 1997/183/2105 1998/194/2105
f 1984/191/2103 1986/191/2151 2029/219/2106
f 2030/218/2107 1978/191/2141 1977/191/2108
f 1921/189/1722 1947/189/2066 1948/189/1828
f 1940/191/1722 1966/191/2072 1967/191/2109
f 1939/189/2060 1965/189/2059 1964/189/2110
f 1922/194/1722 1948/194/1828 1949/183/2111
f 1934/191/1722 1960/191/2076 1959/191/2112
f 1928/189/2061 1954/189/2049 1953/189/2113
f 1933/191/1722 1959/191/2112 1963/191/2114
f 1923/191/1710 1949/191/2111 1950/191/2115
f 1941/191/1722 1967/191/2109 1969/191/2116
f 1929/189/1722 1955/189/2044 1956/189/1765
f 1938/189/1722 1964/189/2110 1962/189/2043
f 1935/189/1722 1961/189/2042 1955/189/2044
f 1944/189/1722 1970/189/2262 1968/189/2040
f 1926/191/1722 1952/191/2058 1951/191/2117
f 1973/194/2118 1976/183/2121 1975/183/2119
f 1979/194/2120 1978/183/2123 1976/183/2121
f 1980/194/2122 1977/183/2127 1978/183/2123
f 1981/194/2124 1984/183/2124 1983/183/2125
f 1982/194/2126 1983/183/2125 1977/183/2127
f 1981/194/2124 1987/194/2128 1986/183/2128
f 1988/194/2129 1985/183/2133 1986/183/2128
f 1990/194/2130 1991/194/2134 1992/183/2131
f 1988/194/2129 1990/194/2130 1989/183/2132
f 1991/194/2134 1994/194/2136 1993/183/2135
f 1994/194/2136 1996/194/2138 1995/183/2137
f 1996/194/2138 1998/194/2139 1997/183/2139
f 2060/191/2140 1976/191/2156 1978/191/2141
f 1992/191/2144 1993/191/2157 2068/220/2145
f 1986/191/2151 1985/191/2154 2077/212/2152
f 1985/191/2154 1989/191/2100 2009/206/2102
f 2074/214/2155 1975/191/2247 1976/191/2156
f 1993/191/2157 1995/191/2097 2006/191/2099
f 2002/194/2162 2001/183/2162 2086/183/2163
f 2093/212/2164 2086/191/2263 2001/191/2165
f 2089/183/2166 2001/183/2165 2002/194/1828
f 2087/221/2167 2000/194/2167 1999/183/2167
f 1999/191/2168 2084/191/2171 2091/191/2169
f 2084/191/2171 2085/191/2173 2092/191/2172
f 2085/191/2173 2086/191/2263 2093/212/2164
f 2000/194/2163 2081/194/2163 2084/183/2163
f 2081/194/2163 2082/194/2163 2085/183/2163
f 2083/194/2163 2086/183/2163 2085/183/2163
f 2066/191/2195 2008/219/2197 1969/191/2116
f 2067/191/2196 2007/205/2198 2008/219/2197
f 2068/220/2145 2006/191/2099 2007/205/2198
f 1949/191/2111 2072/191/2200 2062/218/2199
f 2072/191/2200 2073/206/2202 2061/191/2201
f 2073/206/2202 2074/214/2155 2060/191/2140
f 2075/191/2203 2011/206/2205 1963/191/2114
f 2076/191/2204 2010/222/2206 2011/206/2205
f 2077/212/2152 2009/206/2102 2010/222/2206
f 2027/206/2213 2075/191/2203 1959/191/2112
f 2028/206/2214 2076/191/2204 2075/191/2203
f 2029/219/2106 2077/212/2152 2076/191/2204
f 2012/191/2224 2066/191/2195 1967/191/2109
f 2013/218/2225 2067/191/2196 2066/191/2195
f 2014/216/2101 2068/220/2145 2067/191/2196
f 1950/191/2115 2062/218/2199 2032/191/2232
f 2062/218/2199 2061/191/2201 2031/216/2233
f 2061/191/2201 2060/191/2140 2030/218/2107
f 1952/191/2058 2032/191/2232 2033/216/2234
f 2032/191/2232 2031/216/2233 2034/224/2235
f 2031/216/2233 2030/218/2107 2035/205/2094
f 2026/218/2236 2027/206/2213 1960/191/2076
f 2025/218/2237 2028/206/2214 2027/206/2213
f 2024/218/2104 2029/219/2106 2028/206/2214
f 2020/183/2105 2021/194/2105 1972/194/2105
f 2019/183/2105 2022/194/2105 2021/194/2105
f 2019/183/2105 2018/183/2105 2023/194/2105
f 1957/191/2068 2017/204/2238 2026/218/2236
f 2017/204/2238 2016/191/2239 2025/218/2237
f 2016/191/2239 2015/191/2096 2024/218/2104
f 2011/206/2205 2012/191/2224 1966/191/2072
f 2010/222/2206 2013/218/2225 2012/191/2224
f 2009/206/2102 2014/216/2101 2013/218/2225
f 2008/219/2197 2020/191/2241 1971/191/2240
f 2007/205/2198 2019/191/2242 2020/191/2241
f 2006/191/2099 2018/191/2098 2019/191/2242
f 1951/191/2117 2033/216/2234 2017/204/2238
f 2033/216/2234 2034/224/2235 2016/191/2239
f 2034/224/2235 2035/205/2094 2015/191/2096
f 2092/191/2172 2093/212/2164 2074/214/2155
f 2091/191/2169 2092/191/2172 2073/206/2202
f 2090/206/2170 2091/191/2169 2072/191/2200
f 1948/194/2167 2087/221/2167 2090/183/2167
f 1975/183/2247 2089/183/2166 2088/194/1722
f 2074/214/2155 2093/212/2164 2089/191/2166
usemtl Material.003
f 1726/189/1885 1826/203/1886 1844/202/1878
f 1732/189/1890 1835/201/1884 1734/189/1883
f 1736/189/1908 1808/200/1873 1738/189/1872
f 1722/189/1915 1816/201/1876 1811/208/1916
f 1728/189/1877 1801/209/1918 1730/189/1909
f 1820/200/1933 1766/189/1934 1799/201/1935
f 1756/189/1939 1813/203/1923 1814/211/1940
f 1805/189/1948 1774/189/1949 1810/189/1950
f 1761/183/1958 1760/194/1959 1759/183/1960
f 1778/189/1979 1862/199/1980 1855/189/1981
f 1804/213/1947 1770/189/1982 1837/189/1983
f 1760/189/1988 1846/199/1989 1828/201/1922
f 1827/189/2018 1844/202/1878 1826/203/1886
f 1828/201/1922 1845/202/2011 1827/189/2018
f 1802/207/1910 1836/211/2014 1835/201/1884
f 1803/201/2021 1837/189/1983 1836/211/2014
f 1807/201/1882 1809/202/2008 1808/200/1873
f 1806/189/2013 1810/189/1950 1809/202/2008
f 1815/211/2010 1811/208/1916 1816/201/1876
f 1814/211/1940 1812/189/2026 1815/211/2010
f 1822/203/1879 1800/208/2022 1801/209/1918
f 1821/213/2012 1799/201/1935 1800/208/2022
f 1853/199/2028 1752/189/2029 1750/189/2029
f 1854/189/2030 1864/189/2031 1853/199/2028
f 1855/189/1981 1863/189/2032 1854/189/2030
f 2057/213/2079 1991/189/2080 2056/211/2081
f 1982/189/2082 2050/189/2083 2051/189/2084
f 1979/189/2091 2005/189/2092 2036/202/2093
f 2056/211/2081 1990/189/2146 2071/209/2147
f 1980/189/2153 2036/202/2093 2050/189/2083
f 2071/209/2147 1988/189/2160 2042/217/2088
f 1964/189/2186 2044/217/2187 1962/189/2188
f 2069/189/2189 2043/217/2190 2044/217/2187
f 2070/189/2191 2042/217/2088 2043/217/2190
f 2048/189/2207 1953/189/2208 1954/189/2209
f 2049/189/2210 2038/208/2211 2048/189/2207
f 2050/189/2083 2037/203/2212 2049/189/2210
f 1965/189/2221 2069/189/2189 1964/189/2186
f 2054/201/2222 2070/189/2191 2069/189/2189
f 2055/201/2223 2071/209/2147 2070/189/2191
f 2038/208/2211 1947/189/2228 1953/189/2208
f 2037/203/2212 2003/189/2226 2038/208/2211
f 2036/202/2093 2004/189/2229 2037/203/2212
f 2053/213/2193 1954/189/2209 1956/189/2192
f 2052/189/2194 2048/189/2207 2053/213/2193
f 2051/189/2084 2049/189/2210 2052/189/2194
f 1968/189/2176 2054/201/2222 1965/189/2221
f 2059/189/2175 2055/201/2223 2054/201/2222
f 2058/199/2178 2056/211/2081 2055/201/2223
f 1726/189/1885 1724/189/1920 1826/203/1886
f 1732/189/1890 1802/207/1910 1835/201/1884
f 1736/189/1908 1807/201/1882 1808/200/1873
f 1722/189/1915 1720/189/1874 1816/201/1876
f 1728/189/1877 1822/203/1879 1801/209/1918
f 1820/200/1933 1764/189/1992 1766/189/1934
f 1756/189/1939 1758/189/1921 1813/203/1923
f 1805/189/1948 1772/189/1991 1774/189/1949
f 1761/183/1958 1762/194/1962 1760/194/1959
f 1778/189/1979 1780/189/1979 1862/199/1980
f 1804/213/1947 1768/189/1946 1770/189/1982
f 1760/189/1988 1762/189/2259 1846/199/1989
f 1827/189/2018 1845/202/2011 1844/202/1878
f 1828/201/1922 1846/199/1989 1845/202/2011
f 1802/207/1910 1803/201/2021 1836/211/2014
f 1803/201/2021 1804/213/1947 1837/189/1983
f 1807/201/1882 1806/189/2013 1809/202/2008
f 1806/189/2013 1805/189/1948 1810/189/1950
f 1815/211/2010 1812/189/2026 1811/208/1916
f 1814/211/1940 1813/203/1923 1812/189/2026
f 1822/203/1879 1821/213/2012 1800/208/2022
f 1821/213/2012 1820/200/1933 1799/201/1935
f 1853/199/2028 1864/189/2031 1752/189/2029
f 1854/189/2030 1863/189/2032 1864/189/2031
f 1855/189/1981 1862/199/1980 1863/189/2032
f 2057/213/2079 1994/189/2161 1991/189/2080
f 1982/189/2082 1980/189/2153 2050/189/2083
f 1979/189/2091 1973/189/2142 2005/189/2092
f 2056/211/2081 1991/189/2080 1990/189/2146
f 1980/189/2153 1979/189/2091 2036/202/2093
f 2071/209/2147 1990/189/2146 1988/189/2160
f 1964/189/2186 2069/189/2189 2044/217/2187
f 2069/189/2189 2070/189/2191 2043/217/2190
f 2070/189/2191 2071/209/2147 2042/217/2088
f 2048/189/2207 2038/208/2211 1953/189/2208
f 2049/189/2210 2037/203/2212 2038/208/2211
f 2050/189/2083 2036/202/2093 2037/203/2212
f 1965/189/2221 2054/201/2222 2069/189/2189
f 2054/201/2222 2055/201/2223 2070/189/2191
f 2055/201/2223 2056/211/2081 2071/209/2147
f 2038/208/2211 2003/189/2226 1947/189/2228
f 2037/203/2212 2004/189/2229 2003/189/2226
f 2036/202/2093 2005/189/2092 2004/189/2229
f 2053/213/2193 2048/189/2207 1954/189/2209
f 2052/189/2194 2049/189/2210 2048/189/2207
f 2051/189/2084 2050/189/2083 2049/189/2210
f 1968/189/2176 2059/189/2175 2054/201/2222
f 2059/189/2175 2058/199/2178 2055/201/2223
f 2058/199/2178 2057/213/2079 2056/211/2081
usemtl Material.004
f 1708/186/1708 1589/187/1709 1694/188/1710
f 1588/189/1711 1597/187/1712 1589/187/1709
f 1593/187/1718 1712/186/1719 1710/188/1720
f 1601/187/1725 1608/189/1726 1600/189/1727
f 1593/187/1718 1600/189/1727 1592/189/1735
f 1596/189/1742 1605/187/1743 1597/187/1712
f 1609/187/1746 1616/189/1753 1608/189/1726
f 1604/189/1754 1613/187/1750 1605/187/1743
f 1620/189/1761 1629/187/1762 1621/187/1763
f 1617/187/1752 1624/189/1767 1616/189/1753
f 1612/189/1769 1621/187/1763 1613/187/1750
f 1633/187/1773 1640/189/1774 1632/189/1775
f 1625/187/1751 1632/189/1775 1624/189/1767
f 1628/189/1788 1637/187/1789 1629/187/1762
f 1641/187/1792 1648/189/1797 1640/189/1774
f 1636/189/1798 1645/187/1793 1637/187/1789
f 1652/189/1802 1661/187/1803 1653/187/1804
f 1665/187/1808 1656/189/1809 1657/187/1794
f 1649/187/1795 1656/189/1809 1648/189/1797
f 1644/189/1814 1653/187/1804 1645/187/1793
f 1673/187/1815 1664/189/1816 1665/187/1808
f 1660/189/1829 1669/187/1826 1661/187/1803
f 1676/189/1835 1685/187/1836 1677/187/1832
f 1681/187/1827 1672/189/1837 1673/187/1815
f 1668/189/1839 1677/187/1832 1669/187/1826
f 1689/187/1833 1680/189/1846 1681/187/1827
f 1698/187/1857 1705/189/1858 1697/189/1859
f 1684/189/1863 1702/187/1864 1685/187/1836
f 1789/199/1871 1738/189/1872 1808/200/1873
f 1720/189/1874 1847/201/1875 1816/201/1876
f 1728/189/1877 1844/202/1878 1822/203/1879
f 1807/201/1882 1734/189/1883 1835/201/1884
f 1730/189/1909 1802/207/1910 1732/189/1890
f 1724/189/1920 1811/208/1916 1826/203/1886
f 1758/189/1921 1828/201/1922 1813/203/1923
f 1799/201/1935 1768/189/1946 1804/213/1947
f 1837/189/1983 1772/189/1991 1805/189/1948
f 1846/199/1989 1764/189/1992 1820/200/1933
f 1754/189/1993 1814/211/1940 1849/189/1994
f 1810/189/1950 1775/189/1995 1787/189/1996
f 1808/200/1873 1788/189/2007 1789/199/1871
f 1809/202/2008 1787/189/1996 1788/189/2007
f 1848/189/2009 1816/201/1876 1847/201/1875
f 1849/189/1994 1815/211/2010 1848/189/2009
f 1845/202/2011 1822/203/1879 1844/202/1878
f 1845/202/2011 1820/200/1933 1821/213/2012
f 1835/201/1884 1806/189/2013 1807/201/1882
f 1836/211/2014 1805/189/1948 1806/189/2013
f 1801/209/1918 1803/201/2021 1802/207/1910
f 1800/208/2022 1804/213/1947 1803/201/2021
f 1812/189/2026 1826/203/1886 1811/208/1916
f 1813/203/1923 1827/189/2018 1812/189/2026
f 2023/189/2085 1996/189/2086 2047/189/2087
f 2042/217/2088 1987/189/2089 2041/201/2090
f 1973/189/2142 2065/202/2143 2005/189/2092
f 2096/189/2148 2000/189/2149 2087/189/2150
f 1981/189/2158 2051/189/2084 2078/189/2159
f 2041/201/2090 1981/189/2158 2078/189/2159
f 2047/189/2087 1994/189/2161 2057/213/2079
f 1970/189/2174 2059/189/2175 1968/189/2176
f 2045/189/2177 2058/199/2178 2059/189/2175
f 2046/202/2179 2057/213/2079 2058/199/2178
f 1961/189/2180 2080/189/2181 1955/189/2182
f 2039/189/2183 2079/189/2184 2080/189/2181
f 2040/189/2185 2078/189/2159 2079/189/2184
f 2080/189/2181 1956/189/2192 1955/189/2182
f 2079/189/2184 2053/213/2193 2080/189/2181
f 2078/189/2159 2052/189/2194 2079/189/2184
f 2088/189/2215 2083/189/2216 2094/213/2217
f 2094/213/2217 2082/189/2218 2095/223/2219
f 2095/223/2219 2081/189/2220 2096/189/2148
f 2003/189/2226 1948/189/2227 1947/189/2228
f 2004/189/2229 2063/199/2230 2003/189/2226
f 2005/189/2092 2064/203/2231 2004/189/2229
f 1962/189/2188 2039/189/2183 1961/189/2180
f 2044/217/2187 2040/189/2185 2039/189/2183
f 2043/217/2190 2041/201/2090 2040/189/2185
f 1972/189/2243 2045/189/2177 1970/189/2174
f 2021/189/2244 2046/202/2179 2045/189/2177
f 2022/189/2245 2047/189/2087 2046/202/2179
f 2064/203/2231 2096/189/2148 2063/199/2230
f 2065/202/2143 2095/223/2219 2064/203/2231
f 1974/189/2246 2094/213/2217 2065/202/2143
f 2063/199/2230 2087/189/2150 1948/189/2227
f 1708/186/1708 1588/189/1711 1589/187/1709
f 1588/189/1711 1596/189/1742 1597/187/1712
f 1593/187/1718 1592/189/1735 1712/186/1719
f 1601/187/1725 1609/187/1746 1608/189/1726
f 1593/187/1718 1601/187/1725 1600/189/1727
f 1596/189/1742 1604/189/1754 1605/187/1743
f 1609/187/1746 1617/187/1752 1616/189/1753
f 1604/189/1754 1612/189/1769 1613/187/1750
f 1620/189/1761 1628/189/1788 1629/187/1762
f 1617/187/1752 1625/187/1751 1624/189/1767
f 1612/189/1769 1620/189/1761 1621/187/1763
f 1633/187/1773 1641/187/1792 1640/189/1774
f 1625/187/1751 1633/187/1773 1632/189/1775
f 1628/189/1788 1636/189/1798 1637/187/1789
f 1641/187/1792 1649/187/1795 1648/189/1797
f 1636/189/1798 1644/189/1814 1645/187/1793
f 1652/189/1802 1660/189/1829 1661/187/1803
f 1665/187/1808 1664/189/1816 1656/189/1809
f 1649/187/1795 1657/187/1794 1656/189/1809
f 1644/189/1814 1652/189/1802 1653/187/1804
f 1673/187/1815 1672/189/1837 1664/189/1816
f 1660/189/1829 1668/189/1839 1669/187/1826
f 1676/189/1835 1684/189/1863 1685/187/1836
f 1681/187/1827 1680/189/1846 1672/189/1837
f 1668/189/1839 1676/189/1835 1677/187/1832
f 1689/187/1833 1688/189/2250 1680/189/1846
f 1698/187/1857 1706/187/1862 1705/189/1858
f 1684/189/1863 1701/189/2253 1702/187/1864
f 1789/199/1871 1739/189/2254 1738/189/1872
f 1720/189/1874 1718/189/2255 1847/201/1875
f 1728/189/1877 1726/189/1885 1844/202/1878
f 1807/201/1882 1736/189/1908 1734/189/1883
f 1730/189/1909 1801/209/1918 1802/207/1910
f 1724/189/1920 1722/189/1915 1811/208/1916
f 1758/189/1921 1760/189/1988 1828/201/1922
f 1799/201/1935 1766/189/1934 1768/189/1946
f 1837/189/1983 1770/189/1982 1772/189/1991
f 1846/199/1989 1762/189/2259 1764/189/1992
f 1754/189/1993 1756/189/1939 1814/211/1940
f 1810/189/1950 1774/189/1949 1775/189/1995
f 1808/200/1873 1809/202/2008 1788/189/2007
f 1809/202/2008 1810/189/1950 1787/189/1996
f 1848/189/2009 1815/211/2010 1816/201/1876
f 1849/189/1994 1814/211/1940 1815/211/2010
f 1845/202/2011 1821/213/2012 1822/203/1879
f 1845/202/2011 1846/199/1989 1820/200/1933
f 1835/201/1884 1836/211/2014 1806/189/2013
f 1836/211/2014 1837/189/1983 1805/189/1948
f 1801/209/1918 1800/208/2022 1803/201/2021
f 1800/208/2022 1799/201/1935 1804/213/1947
f 1812/189/2026 1827/189/2018 1826/203/1886
f 1813/203/1923 1828/201/1922 1827/189/2018
f 2023/189/2085 1998/189/2260 1996/189/2086
f 2042/217/2088 1988/189/2160 1987/189/2089
f 1973/189/2142 1974/189/2246 2065/202/2143
f 2096/189/2148 2081/189/2220 2000/189/2149
f 1981/189/2158 1982/189/2082 2051/189/2084
f 2041/201/2090 1987/189/2089 1981/189/2158
f 2047/189/2087 1996/189/2086 1994/189/2161
f 1970/189/2174 2045/189/2177 2059/189/2175
f 2045/189/2177 2046/202/2179 2058/199/2178
f 2046/202/2179 2047/189/2087 2057/213/2079
f 1961/189/2180 2039/189/2183 2080/189/2181
f 2039/189/2183 2040/189/2185 2079/189/2184
f 2040/189/2185 2041/201/2090 2078/189/2159
f 2080/189/2181 2053/213/2193 1956/189/2192
f 2079/189/2184 2052/189/2194 2053/213/2193
f 2078/189/2159 2051/189/2084 2052/189/2194
f 2088/189/2215 2002/189/1710 2083/189/2216
f 2094/213/2217 2083/189/2216 2082/189/2218
f 2095/223/2219 2082/189/2218 2081/189/2220
f 2003/189/2226 2063/199/2230 1948/189/2227
f 2004/189/2229 2064/203/2231 2063/199/2230
f 2005/189/2092 2065/202/2143 2064/203/2231
f 1962/189/2188 2044/217/2187 2039/189/2183
f 2044/217/2187 2043/217/2190 2040/189/2185
f 2043/217/2190 2042/217/2088 2041/201/2090
f 1972/189/2243 2021/189/2244 2045/189/2177
f 2021/189/2244 2022/189/2245 2046/202/2179
f 2022/189/2245 2023/189/2085 2047/189/2087
f 2064/203/2231 2095/223/2219 2096/189/2148
f 2065/202/2143 2094/213/2217 2095/223/2219
f 1974/189/2246 2088/189/2215 2094/213/2217
f 2063/199/2230 2096/189/2148 2087/189/2150
o Cube.012
v -36.879002 84.096359 1.863249
v -36.879002 84.096359 2.065777
v -58.234257 84.728531 1.863249
v -36.879002 84.728531 2.065777
v -58.234257 84.096359 1.863249
v -58.234257 84.096359 2.065777
v -58.234257 84.728531 2.065777
v -36.879002 84.728531 1.863249
v -36.879002 98.233948 1.863246
v -36.879002 98.233948 2.065773
v -58.234257 97.601776 1.863246
v -36.879002 97.601776 2.065774
v -58.234257 98.233948 1.863246
v -58.234257 98.233948 2.065773
v -58.234257 97.601776 2.065774
v -36.879002 97.601776 1.863246
vn -0.0000 -0.0000 -1.0000
vn -1.0000 -0.0000 -0.0000
vn -0.0000 -1.0000 -0.0000
vn -0.0000 -0.0000 1.0000
vn 1.0000 -0.0000 -0.0000
vn -0.0000 1.0000 -0.0000
vt 0.375000 0.738821
vt 0.125000 0.738821
vt 0.375000 0.750000
vt 0.625000 0.738821
vt 0.375000 1.000000
vt 0.625000 0.750000
vt 0.125000 0.750000
vt 0.875000 0.738821
vt 0.625000 0.011179
vt 0.375000 0.011179
vt 0.375000 0.000000
vt 0.625000 0.000000
vt 0.625000 1.000000
vt 0.875000 0.750000
s 1
usemtl Material.001
f 2099/225/2264 2112/226/2264 2104/226/2264
f 2101/227/2265 2103/228/2265 2099/225/2265
f 2097/229/2266 2102/230/2266 2101/227/2266
f 2097/231/2264 2099/225/2264 2104/226/2264
f 2108/233/2268 2104/234/2268 2112/234/2268
f 2097/235/2268 2100/233/2268 2098/236/2268
f 2103/228/2265 2107/225/2265 2099/225/2265
f 2107/225/2265 2110/230/2265 2109/227/2265
f 2110/230/2269 2105/229/2269 2109/227/2269
f 2107/225/2264 2105/231/2264 2112/226/2264
f 2106/236/2268 2112/234/2268 2105/235/2268
f 2100/232/2267 2111/228/2267 2103/228/2267
f 2099/225/2264 2107/225/2264 2112/226/2264
f 2101/227/2265 2102/230/2265 2103/228/2265
f 2097/229/2266 2098/237/2266 2102/230/2266
f 2097/231/2264 2101/227/2264 2099/225/2264
f 2108/233/2268 2100/233/2268 2104/234/2268
f 2097/235/2268 2104/234/2268 2100/233/2268
f 2103/228/2265 2111/228/2265 2107/225/2265
f 2107/225/2265 2111/228/2265 2110/230/2265
f 2110/230/2269 2106/237/2269 2105/229/2269
f 2107/225/2264 2109/227/2264 2105/231/2264
f 2106/236/2268 2108/233/2268 2112/234/2268
f 2100/232/2267 2108/232/2267 2111/228/2267
usemtl Material.002
f 2102/230/2267 2100/232/2267 2103/228/2267
f 2108/232/2267 2110/230/2267 2111/228/2267
f 2102/230/2267 2098/238/2267 2100/232/2267
f 2108/232/2267 2106/238/2267 2110/230/2267
o Cube.013
v -65.049934 98.233879 1.967206
v -65.049995 98.233765 2.170554
v -65.048279 97.607674 2.066077
v -65.048271 97.607681 1.863457
v -65.048271 84.102264 2.047280
v -65.048271 84.102264 2.249808
v -65.048271 84.734436 2.073243
v -65.048271 84.734436 1.870715
v -67.539238 98.071739 1.967206
v -67.539299 98.071625 2.170554
v -67.455139 97.450943 2.065774
v -67.455139 97.450943 1.863247
v -65.694054 84.060837 2.016791
v -65.694054 84.060837 2.219318
v -65.776489 84.687607 2.066841
v -65.776489 84.687607 1.864313
v -69.986145 97.586388 1.967206
v -69.986206 97.586266 2.170554
v -69.821022 96.981689 2.065774
v -69.821022 96.981689 1.863247
v -66.328926 83.935555 1.987719
v -66.328926 83.935555 2.190246
v -66.492386 84.546227 2.065776
v -66.492386 84.546227 1.863248
v -72.348862 96.786102 1.967206
v -72.348923 96.785980 2.170554
v -72.105507 96.207939 2.065774
v -72.105507 96.207939 1.863247
v -66.942039 83.728554 1.976063
v -66.942039 83.728554 2.178590
v -67.183739 84.312698 2.065776
v -67.183739 84.312698 1.863248
v -74.587051 95.684555 1.967206
v -74.587112 95.684441 2.170554
v -74.269592 95.142899 2.065774
v -74.269592 95.142899 1.863247
v -67.522926 83.443375 1.976063
v -67.522926 83.443375 2.178591
v -67.838730 83.991013 2.065776
v -67.838730 83.991013 1.863249
v -76.662498 94.300560 1.967207
v -76.662560 94.300446 2.170555
v -76.276321 93.804756 2.065775
v -76.276321 93.804756 1.863247
v -68.061668 83.084885 1.976063
v -68.061668 83.084885 2.178591
v -68.446182 83.586662 2.065776
v -68.446182 83.586662 1.863249
v -78.539749 92.657753 1.967207
v -78.539810 92.657631 2.170555
v -78.091431 92.216370 2.065775
v -78.091431 92.216370 1.863247
v -68.549057 82.659203 1.976063
v -68.549057 82.659203 2.178591
v -68.995720 83.106560 2.065776
v -68.995720 83.106560 1.863249
v -80.186752 90.784172 1.967207
v -80.186821 90.784058 2.170555
v -79.683914 90.404854 2.065775
v -79.683914 90.404854 1.863248
v -68.976784 82.173599 1.976063
v -68.976784 82.173599 2.178591
v -69.477966 82.558891 2.065776
v -69.477966 82.558891 1.863249
v -81.575386 88.711830 1.967207
v -81.575455 88.711716 2.170555
v -81.026581 88.401154 2.065775
v -81.026581 88.401154 1.863248
v -69.337532 81.636368 1.976063
v -69.337532 81.636368 2.178591
v -69.884674 81.953018 2.065777
v -69.884674 81.953018 1.863249
v -82.681931 86.476105 1.967208
v -82.681992 86.475990 2.170556
v -82.096504 86.239479 2.065776
v -82.096504 86.239479 1.863248
v -69.625153 81.056686 1.988867
v -69.625153 81.056686 2.191395
v -70.208916 81.299286 2.065777
v -70.208916 81.299286 1.863249
v -83.487495 84.115181 1.967208
v -83.487556 84.115059 2.170556
v -82.875412 83.956749 2.065776
v -82.875412 83.956749 1.863248
v -69.834717 80.444443 2.018016
v -69.834717 80.444443 2.220544
v -70.445137 80.608849 2.066982
v -70.445137 80.608849 1.864454
v -83.978317 81.669373 1.967209
v -83.978378 81.669250 2.170556
v -83.350021 81.591911 2.066168
v -83.350014 81.591927 1.863522
v -69.962662 79.810104 2.048541
v -69.962662 79.810104 2.251069
v -70.589310 79.893509 2.073637
v -70.589310 79.893509 1.871109
v -84.146027 79.180435 1.967209
v -84.146088 79.180321 2.170557
v -83.512230 79.185303 2.067788
v -83.512207 79.185349 1.864972
v -70.006805 79.164497 2.079350
v -70.006805 79.164497 2.281878
v -70.638969 79.165474 2.086591
v -70.638969 79.165474 1.884063
v -83.512207 79.185349 1.864972
v -84.146027 79.180435 1.967209
v -58.233688 97.607689 1.863247
v -58.233688 97.607689 2.065774
v -70.638969 79.165474 1.884063
v -70.006805 79.164497 2.079350
v -70.006805 79.164497 2.281878
v -70.638969 79.165474 2.086591
v -83.519836 74.254707 1.863250
v -84.152008 74.255692 1.863250
v -84.152008 74.255692 2.065778
v -83.519836 74.254707 2.065778
v -70.646614 74.234749 1.863250
v -70.014450 74.233772 1.863250
v -70.014450 74.233772 2.065778
v -70.646614 74.234749 2.065778
v -58.233692 98.239861 1.863246
v -58.233688 98.239861 2.065774
v -58.233685 84.734436 1.863248
v -58.233685 84.734436 2.065776
v -58.233685 84.102272 1.863249
v -58.233685 84.102272 2.065776
v -65.049934 98.233879 1.967206
v -65.049995 98.233765 2.170554
v -67.539238 98.071739 1.967206
v -67.539299 98.071625 2.170554
v -67.539238 98.071739 1.967206
v -67.539299 98.071625 2.170554
v -69.986145 97.586388 1.967206
v -69.986206 97.586266 2.170554
v -72.348862 96.786102 1.967206
v -72.348923 96.785980 2.170554
v -74.587051 95.684555 1.967206
v -74.587112 95.684441 2.170554
v -76.662498 94.300560 1.967207
v -76.662560 94.300446 2.170555
v -78.539749 92.657753 1.967207
v -78.539810 92.657631 2.170555
v -80.186752 90.784172 1.967207
v -80.186821 90.784058 2.170555
v -81.575386 88.711830 1.967207
v -81.575455 88.711716 2.170555
v -82.681931 86.476105 1.967208
v -82.681992 86.475990 2.170556
v -83.487495 84.115181 1.967208
v -83.487556 84.115059 2.170556
v -83.978317 81.669373 1.967209
v -83.978378 81.669250 2.170556
v -84.146088 79.180321 2.170557
v -84.146027 79.180435 1.967209
v -65.049934 98.233879 1.967206
v -65.049995 98.233765 2.170554
v -67.539238 98.071739 1.967206
v -67.539299 98.071625 2.170554
v -65.049934 98.233879 1.967206
v -65.049995 98.233765 2.170554
v -67.539238 98.071739 1.967206
v -67.539299 98.071625 2.170554
v -65.049934 98.233879 1.967206
v -65.049995 98.233765 2.170554
v -67.539238 98.071739 1.967206
v -67.539299 98.071625 2.170554
v -68.834129 99.559448 1.966890
v -68.834190 99.559326 2.170235
v -71.281036 99.074089 1.966890
v -71.281097 99.073975 2.170235
v -73.643753 98.273804 1.966890
v -73.643814 98.273689 2.170235
v -75.881950 97.172264 1.966890
v -75.882004 97.172150 2.170235
v -77.957390 95.788269 1.966890
v -77.957451 95.788147 2.170235
v -79.834641 94.145454 1.966890
v -79.834702 94.145340 2.170235
v -81.481644 92.271881 1.966891
v -81.481705 92.271767 2.170236
v -82.870277 90.199539 1.966891
v -82.870346 90.199417 2.170236
v -83.976822 87.963814 1.966891
v -83.976883 87.963692 2.170236
v -84.782387 85.602890 1.966892
v -84.782455 85.602768 2.170237
v -85.273209 83.157074 1.966892
v -85.273270 83.156960 2.170237
v -85.440979 80.668030 2.170237
v -85.440918 80.668144 1.966893
v -66.344826 99.721588 1.966890
v -66.344887 99.721466 2.170235
v -68.834129 99.559448 1.966890
v -68.834190 99.559326 2.170235
v -81.160683 91.890366 2.129722
v -80.838371 91.513489 2.214247
v -80.513229 91.146523 2.129825
v -78.866226 93.020096 2.129825
v -79.191368 93.387062 2.214247
v -79.513680 93.763939 2.129722
v -85.119949 80.286629 2.332252
v -84.797638 79.909752 2.416777
v -84.472504 79.542786 2.332355
v -84.472504 79.542786 2.129827
v -84.797638 79.909752 2.214249
v -85.119949 80.286629 2.129724
v -73.322792 97.892296 2.129722
v -73.000481 97.515419 2.214247
v -72.675339 97.148453 2.129825
v -70.312622 97.948730 2.129825
v -70.637764 98.315697 2.214247
v -70.960068 98.692581 2.129722
v -81.160683 91.890366 2.332250
v -80.838371 91.513489 2.416775
v -80.513229 91.146523 2.332353
v -81.901863 89.074181 2.332354
v -82.227005 89.441147 2.416775
v -82.549316 89.818024 2.332250
v -84.461418 85.221375 2.332251
v -84.139107 84.844498 2.416776
v -83.813965 84.477524 2.332354
v -84.304794 82.031715 2.332355
v -84.629936 82.398682 2.416777
v -84.952248 82.775558 2.332251
v -72.675339 97.148453 2.332352
v -73.000481 97.515419 2.416774
v -73.322792 97.892296 2.332249
v -70.960068 98.692581 2.332249
v -70.637756 98.315697 2.416774
v -70.312614 97.948730 2.332352
v -84.304794 82.031715 2.129827
v -84.629936 82.398682 2.214249
v -84.952248 82.775558 2.129723
v -79.513680 93.763939 2.332249
v -79.191368 93.387062 2.416775
v -78.866226 93.020096 2.332353
v -75.560982 96.790749 2.129722
v -75.238678 96.413872 2.214247
v -74.913528 96.046906 2.129825
v -74.913528 96.046906 2.332353
v -75.238678 96.413872 2.416774
v -75.560982 96.790749 2.332249
v -83.008408 86.838455 2.129826
v -83.333549 87.205421 2.214248
v -83.655853 87.582298 2.129723
v -84.461418 85.221375 2.129723
v -84.139107 84.844498 2.214248
v -83.813965 84.477524 2.129826
v -83.008408 86.838455 2.332354
v -83.333549 87.205421 2.416776
v -83.655853 87.582298 2.332251
v -76.988976 94.662910 2.129825
v -77.314117 95.029877 2.214247
v -77.636429 95.406754 2.129721
v -81.901863 89.074181 2.129826
v -82.227005 89.441147 2.214248
v -82.549316 89.818024 2.129722
v -76.988976 94.662910 2.332353
v -77.314117 95.029877 2.416775
v -77.636429 95.406754 2.332249
v -67.865715 98.434090 2.332352
v -68.190857 98.801056 2.416774
v -68.513161 99.177933 2.332249
v -68.513161 99.177933 2.129722
v -68.190857 98.801056 2.214246
v -67.865715 98.434090 2.129825
v -65.376411 98.596230 2.332352
v -65.701553 98.963196 2.416774
v -66.023857 99.340073 2.332249
v -66.023857 99.340073 2.129722
v -65.701553 98.963196 2.214247
v -65.376411 98.596230 2.129824
v -67.865715 98.434090 2.129825
v -68.190857 98.801056 2.214246
v -68.513161 99.177933 2.129722
v -68.513161 99.177933 2.332249
v -68.190857 98.801056 2.416774
v -67.865715 98.434090 2.332352
v -65.048271 84.102264 2.249808
v -65.694054 84.060837 2.219318
v -66.328926 83.935555 2.190246
v -66.942039 83.728554 2.178590
v -67.522926 83.443375 2.178591
v -68.061668 83.084885 2.178591
v -68.549057 82.659203 2.178591
v -68.976784 82.173599 2.178591
v -69.337532 81.636368 2.178591
v -69.625153 81.056686 2.191395
v -69.834717 80.444443 2.220544
v -69.962662 79.810104 2.251069
v -70.006805 79.164497 2.281878
v -70.006805 79.164497 2.281878
v -65.048271 84.102264 2.249808
v -65.694054 84.060837 2.219318
v -66.328926 83.935555 2.190246
v -66.942039 83.728554 2.178590
v -67.522926 83.443375 2.178591
v -68.061668 83.084885 2.178591
v -68.549057 82.659203 2.178591
v -68.976784 82.173599 2.178591
v -69.337532 81.636368 2.178591
v -69.625153 81.056686 2.191395
v -69.834717 80.444443 2.220544
v -69.962662 79.810104 2.251069
v -70.006805 79.164497 2.281878
v -70.006805 79.164497 2.281878
v -65.048271 84.102264 2.249808
v -65.694054 84.060837 2.219318
v -66.328926 83.935555 2.190246
v -66.942039 83.728554 2.178590
v -67.522926 83.443375 2.178591
v -68.061668 83.084885 2.178591
v -68.549057 82.659203 2.178591
v -68.976784 82.173599 2.178591
v -69.337532 81.636368 2.178591
v -69.625153 81.056686 2.191395
v -69.834717 80.444443 2.220544
v -69.962662 79.810104 2.251069
v -70.006805 79.164497 2.281878
v -70.006805 79.164497 2.281878
v -65.048271 84.102264 2.249808
v -65.694054 84.060837 2.219318
v -66.328926 83.935555 2.190246
v -66.942039 83.728554 2.178590
v -67.522926 83.443375 2.178591
v -68.061668 83.084885 2.178591
v -68.549057 82.659203 2.178591
v -68.976784 82.173599 2.178591
v -69.337532 81.636368 2.178591
v -69.625153 81.056686 2.191395
v -69.834717 80.444443 2.220544
v -69.962662 79.810104 2.251069
v -70.006805 79.164497 2.281878
v -70.006805 79.164497 2.281878
v -65.694054 84.060837 2.219318
v -65.048271 84.102264 2.249808
v -65.048271 84.102264 2.047280
v -65.694054 84.060837 2.016791
v -66.942039 83.728554 1.976063
v -66.328926 83.935555 1.987719
v -66.328926 83.935555 2.190246
v -66.942039 83.728554 2.178590
v -68.061668 83.084885 2.178591
v -67.522926 83.443375 2.178591
v -67.522926 83.443375 1.976063
v -68.061668 83.084885 1.976063
v -68.976784 82.173599 1.976063
v -68.549057 82.659203 1.976063
v -68.549057 82.659203 2.178591
v -68.976784 82.173599 2.178591
v -69.337532 81.636368 1.976063
v -69.337532 81.636368 2.178591
v -69.625153 81.056686 2.191395
v -69.625153 81.056686 1.988867
v -69.834717 80.444443 2.018016
v -69.834717 80.444443 2.220544
v -69.962662 79.810104 2.048541
v -69.962662 79.810104 2.251069
v -70.006805 79.164497 2.079350
v -70.006805 79.164497 2.281878
v -65.694054 84.060837 2.219318
v -65.048271 84.102264 2.249808
v -65.048271 84.102264 2.047280
v -65.694054 84.060837 2.016791
v -66.942039 83.728554 1.976063
v -66.328926 83.935555 1.987719
v -66.328926 83.935555 2.190246
v -66.942039 83.728554 2.178590
v -68.061668 83.084885 2.178591
v -67.522926 83.443375 2.178591
v -67.522926 83.443375 1.976063
v -68.061668 83.084885 1.976063
v -68.976784 82.173599 1.976063
v -68.549057 82.659203 1.976063
v -68.549057 82.659203 2.178591
v -68.976784 82.173599 2.178591
v -69.337532 81.636368 1.976063
v -69.337532 81.636368 2.178591
v -69.625153 81.056686 2.191395
v -69.625153 81.056686 1.988867
v -69.834717 80.444443 2.018016
v -69.834717 80.444443 2.220544
v -69.962662 79.810104 2.048541
v -69.962662 79.810104 2.251069
v -70.006798 77.685280 2.097715
v -70.006798 77.685280 2.300242
v -64.400627 82.571892 2.249808
v -63.754837 82.613319 2.264935
v -63.754837 82.613319 2.062407
v -64.400627 82.571892 2.047280
v -65.648605 82.239609 1.987719
v -65.035492 82.446609 2.016791
v -65.035492 82.446609 2.219319
v -65.648605 82.239609 2.190247
v -66.768234 81.595932 2.178590
v -66.229492 81.954430 2.178591
v -66.229492 81.954430 1.976063
v -66.768234 81.595932 1.976063
v -67.683350 80.684647 1.976063
v -67.255630 81.170250 1.976063
v -67.255630 81.170250 2.178591
v -67.683350 80.684647 2.178591
v -68.044098 80.147415 1.988867
v -68.044098 80.147415 2.191395
v -68.331718 79.567734 2.220544
v -68.331718 79.567734 2.018016
v -68.541290 78.955490 2.048541
v -68.541290 78.955490 2.251069
v -68.669235 78.321152 2.086047
v -68.669235 78.321152 2.288575
v -68.713371 77.675545 2.097714
v -68.713371 77.675545 2.300242
v -63.745823 84.102264 2.076255
v -63.745823 84.102264 2.241289
v -63.754837 82.613319 2.062407
v -63.754837 82.613319 2.264935
v -65.370697 83.688599 2.352306
v -65.047340 83.316368 2.442729
v -64.723984 82.944130 2.352306
v -68.992592 78.693390 2.149779
v -69.315948 79.065628 2.240201
v -69.639305 79.437866 2.149779
v -68.367455 80.519653 2.149778
v -68.690819 80.891891 2.240201
v -69.014175 81.264130 2.149779
v -69.301788 80.684448 2.149779
v -68.978432 80.312210 2.240201
v -68.655075 79.939972 2.149779
v -66.552849 82.326660 2.149778
v -66.876213 82.698898 2.240201
v -67.199570 83.071136 2.149778
v -69.036728 77.677979 2.197701
v -69.360085 77.680412 2.240202
v -69.683441 77.682846 2.197701
v -69.683441 77.682846 2.400229
v -69.360085 77.680412 2.442730
v -69.036728 77.677979 2.400228
v -67.091591 81.968170 2.149778
v -67.414948 82.340408 2.240201
v -67.738312 82.712646 2.149779
v -68.225700 82.286964 2.149778
v -67.902344 81.914726 2.240201
v -67.578987 81.542488 2.149778
v -65.358856 82.818848 2.149778
v -65.682213 83.191078 2.240201
v -66.005569 83.563316 2.149778
v -66.618683 83.356323 2.149778
v -66.295326 82.984085 2.240201
v -65.971970 82.611847 2.149778
v -65.358856 82.818848 2.352306
v -65.682213 83.191078 2.442729
v -66.005569 83.563316 2.352306
v -68.225700 82.286964 2.352306
v -67.902344 81.914726 2.442729
v -67.578987 81.542488 2.352306
v -68.006706 81.056885 2.352306
v -68.330063 81.429123 2.442729
v -68.653427 81.801361 2.352306
v -69.639305 79.437866 2.352307
v -69.315948 79.065628 2.442729
v -68.992592 78.693390 2.352307
v -66.618683 83.356323 2.352306
v -66.295326 82.984085 2.442729
v -65.971970 82.611847 2.352306
v -66.552849 82.326660 2.352306
v -66.876213 82.698898 2.442729
v -67.199570 83.071136 2.352306
v -69.301788 80.684448 2.352307
v -68.978432 80.312210 2.442729
v -68.655075 79.939972 2.352306
v -68.864639 79.327728 2.352306
v -69.188004 79.699966 2.442729
v -69.511360 80.072205 2.352307
v -64.723984 82.944130 2.149778
v -65.047340 83.316368 2.240201
v -65.370697 83.688599 2.149778
v -64.724907 83.730026 2.352306
v -64.401550 83.357796 2.442729
v -64.078194 82.985558 2.352306
v -69.511360 80.072205 2.149779
v -69.188004 79.699966 2.240201
v -68.864639 79.327728 2.149778
v -69.014175 81.264130 2.352306
v -68.690819 80.891891 2.442729
v -68.367455 80.519653 2.352306
v -64.724907 83.730026 2.149778
v -64.401550 83.357796 2.240201
v -64.078194 82.985558 2.149778
v -68.653427 81.801361 2.149779
v -68.330063 81.429123 2.240201
v -68.006706 81.056885 2.149778
v -67.091591 81.968170 2.352306
v -67.414948 82.340408 2.442729
v -67.738312 82.712646 2.352306
v -63.748077 83.730026 2.387786
v -63.750332 83.357796 2.442729
v -63.752583 82.985558 2.387786
v -63.748077 83.730026 2.185259
v -63.750332 83.357796 2.240201
v -63.752583 82.985558 2.185259
v -64.397049 84.102264 2.241396
v -63.754837 82.613319 2.264935
v -63.754837 82.613319 2.062407
v -64.397049 84.102264 2.065239
v -64.236496 83.730026 2.167519
v -64.075943 83.357796 2.240201
v -63.915390 82.985558 2.167519
v -63.915390 82.985558 2.370046
v -64.075943 83.357796 2.442729
v -64.236496 83.730026 2.370046
vn -0.0009 1.0000 0.0005
vn -0.0009 1.0000 -0.0000
vn 0.0009 -0.0097 1.0000
vn 0.0064 -0.0818 0.9966
vn -0.0000 -0.0000 1.0000
vn 0.0130 -0.1646 0.9863
vn 0.0111 -0.0854 0.9963
vn -0.0111 0.0848 -0.9963
vn 0.4212 -0.9066 0.0277
vn -0.0063 0.0812 -0.9967
vn 1.0000 -0.0000 -0.0000
vn -0.0000 -1.0000 -0.0000
vn -0.0063 0.1250 0.9921
vn 0.0026 0.0164 0.9999
vn 0.0009 0.0002 1.0000
vn -0.1187 -0.9910 -0.0615
vn -0.0000 -0.0000 -1.0000
vn 0.6724 0.1083 0.7323
vn -0.9328 -0.3568 -0.0517
vn -0.0236 0.1064 0.9940
vn -0.0705 0.1924 0.9788
vn -0.0651 0.2373 0.9693
vn 0.0260 -0.0872 -0.9958
vn 0.0236 -0.1064 -0.9940
vn 0.0063 -0.1250 -0.9921
vn -0.1159 0.8831 -0.4547
vn 0.8637 0.0901 -0.4959
vn -0.3855 -0.8946 0.2262
vn 0.1103 -0.6803 0.7246
vn -0.0191 0.2690 0.9630
vn 0.0322 -0.0782 -0.9964
vn -0.0221 0.0826 -0.9963
vn -0.0326 0.0789 -0.9963
vn 0.2371 -0.8520 -0.4669
vn -0.2383 -0.9558 0.1723
vn 0.4461 -0.7056 0.5506
vn 0.0215 -0.1636 0.9863
vn 0.0222 -0.0832 0.9963
vn -0.9646 0.2601 -0.0431
vn -0.9903 0.1321 -0.0431
vn -0.9903 0.1322 -0.0431
vn -0.0260 0.0872 0.9958
vn -0.0426 0.0740 -0.9964
vn 0.1618 -0.8978 -0.4097
vn -0.1778 -0.9639 0.1979
vn 0.0329 -0.0796 0.9963
vn -0.0422 0.0733 0.9964
vn -0.0322 0.0782 0.9964
vn -0.0722 0.1652 0.9836
vn 0.0426 -0.1593 0.9863
vn 0.7611 0.6230 -0.1805
vn -0.9277 0.3660 0.0734
vn 0.7244 -0.5377 0.4313
vn 0.9652 -0.0352 -0.2590
vn 0.7072 -0.7057 -0.0432
vn 0.5345 -0.8383 0.1074
vn 0.0822 -0.1426 0.9864
vn 0.0522 -0.0682 0.9963
vn 0.0429 -0.0745 0.9963
vn -0.6066 0.7938 -0.0431
vn -0.4980 0.8661 -0.0431
vn 0.0421 -0.0733 -0.9964
vn -0.0876 0.1523 0.9844
vn 0.5919 0.1340 0.7948
vn 0.0630 -0.1523 0.9863
vn 0.9576 0.0035 0.2879
vn -0.9869 0.1026 0.1247
vn 0.7417 -0.1960 0.6414
vn -0.0513 0.0672 0.9964
vn -0.1240 0.1245 0.9844
vn -0.1067 0.1396 0.9844
vn 0.0597 -0.0599 -0.9964
vn -0.0518 0.0677 -0.9964
vn 0.0513 -0.0672 -0.9964
vn -0.0601 0.0603 -0.9964
vn 0.4819 -0.5756 -0.6606
vn -0.1121 -0.9643 0.2399
vn 0.2076 -0.8665 -0.4540
vn 0.0670 -0.0516 -0.9964
vn -0.0674 0.0519 -0.9964
vn 0.7244 -0.2462 0.6439
vn -0.7912 0.6100 -0.0431
vn -0.7050 0.7079 -0.0431
vn 0.1000 -0.1306 0.9864
vn 0.0606 -0.0608 0.9963
vn -0.9225 0.3837 -0.0431
vn -0.9646 0.2602 -0.0431
vn -0.0597 0.0599 0.9964
vn 0.0679 -0.0523 0.9963
vn -0.0731 0.0424 0.9964
vn -0.0670 0.0516 0.9964
vn -0.9670 0.2363 0.0954
vn -0.1391 0.1073 0.9844
vn 0.1161 -0.1163 0.9864
vn -0.3816 0.9233 -0.0431
vn -0.4988 0.8656 -0.0431
vn -0.4987 0.8657 -0.0431
vn 0.1419 -0.0821 0.9865
vn 0.0789 -0.0329 0.9963
vn 0.0741 -0.0429 0.9963
vn -0.0942 -0.9944 0.0476
vn -0.1296 0.7385 0.6617
vn -0.5168 -0.7658 0.3828
vn -0.0833 0.0380 0.9958
vn -0.1542 0.0943 0.9835
vn -0.0735 0.0426 -0.9964
vn 0.0731 -0.0424 -0.9964
vn -0.2242 0.9742 -0.0255
vn -0.0810 0.9962 -0.0309
vn 0.1301 -0.1000 0.9864
vn -0.1025 0.0382 0.9940
vn -0.1824 0.0972 0.9784
vn 0.1025 -0.0382 -0.9940
vn -0.0783 0.0326 -0.9964
vn 0.0833 -0.0380 -0.9958
vn -0.0817 0.0219 -0.9964
vn 0.4910 -0.8697 -0.0500
vn 0.2516 -0.7976 -0.5483
vn -0.0833 0.0107 -0.9965
vn 0.2799 -0.1459 0.9489
vn 0.1229 -0.0339 -0.9918
vn 0.0823 -0.0221 0.9964
vn -0.1229 0.0339 0.9918
vn -0.0000 -0.0000 -0.0000
vn 0.1512 -0.0628 0.9865
vn -0.7919 0.6092 -0.0431
vn -0.8646 0.5007 -0.0431
vn -0.8645 0.5007 -0.0431
vn 0.0838 -0.0107 0.9964
vn -0.0904 0.0218 0.9957
vn -0.6074 0.7932 -0.0431
vn 0.1611 -0.0212 0.9867
vn 0.0816 -0.0031 0.9967
vn -0.2279 0.0970 0.9688
vn -0.9965 0.0642 -0.0530
vn 0.1578 -0.0424 0.9866
vn -0.8704 0.4890 0.0576
vn -0.9997 -0.0128 -0.0201
vn 0.2934 0.9444 -0.1485
vn -0.1945 -0.8638 0.4649
vn 0.9930 -0.0116 -0.1179
vn -0.4906 -0.6616 -0.5671
vn -0.2698 0.0739 0.9601
vn 0.0006 0.0038 -1.0000
vn -0.2097 0.9732 -0.0944
vn -0.0066 0.0099 -0.9999
vn 0.9986 -0.0154 -0.0508
vn 0.0251 0.0074 -0.9997
vn -1.0000 0.0012 -0.0003
vn -0.7118 0.0009 0.7024
vn -1.0000 0.0012 -0.0000
vn -0.0015 -1.0000 -0.0000
vn -0.0016 -1.0000 -0.0000
vn -0.0920 -0.0144 0.9957
vn -0.0251 -0.0074 0.9997
vn -0.2950 -0.0414 0.9546
vn 1.0000 -0.0016 -0.0000
vn -0.0026 -0.0164 -0.9999
vn -0.0006 -0.0038 1.0000
vn 0.1535 -0.0064 0.9881
vn 0.0066 -0.0100 0.9999
vn -0.0009 0.0097 -1.0000
vn -0.0009 -0.0002 -1.0000
vn -0.2580 0.9652 -0.0431
vn 0.0345 0.2530 -0.9668
vn -0.2180 0.1269 -0.9677
vn -0.1937 0.1494 -0.9696
vn 0.3721 -0.0251 0.9279
vn 0.4057 -0.0422 0.9130
vn 0.3049 -0.0420 0.9515
vn 0.0842 -0.3419 0.9359
vn 0.0595 -0.3001 0.9520
vn 0.0697 -0.2571 0.9639
vn 0.2231 -0.2227 0.9490
vn 0.1465 -0.1910 0.9706
vn 0.1697 -0.1702 0.9707
vn -0.2032 -0.3338 0.9205
vn -0.1230 0.2125 -0.9694
vn 0.2720 -0.0744 0.9594
vn 0.3232 -0.1275 0.9377
vn 0.2433 -0.1020 0.9646
vn 0.1912 -0.2514 0.9488
vn 0.1226 -0.2119 0.9696
vn -0.2440 0.1023 -0.9644
vn -0.8571 -0.0558 -0.5122
vn -0.0570 0.8749 -0.4810
vn 0.2881 -0.1619 0.9438
vn 0.8590 0.0559 0.5090
vn -0.0568 0.8733 0.4839
vn -0.1469 0.1915 -0.9704
vn -0.7056 0.7073 -0.0431
vn -0.7057 0.7072 -0.0431
vn 0.2385 -0.9681 -0.0774
vn 0.5671 0.1414 0.8114
vn -0.7918 0.6092 -0.0431
vn 0.2955 -0.9248 0.2396
vn 0.3681 -0.9278 -0.0609
vn -0.0558 0.8571 -0.5122
vn -0.0560 0.8589 0.5090
vn 0.0597 -0.9487 0.3104
vn 0.4908 -0.8616 -0.1296
vn -0.0597 0.3012 -0.9517
vn -0.3057 0.0421 -0.9512
vn -0.2727 0.0746 -0.9592
vn -0.0699 0.2578 -0.9637
vn 0.3619 -0.0884 0.9280
vn 0.2551 -0.1932 0.9474
vn 0.2173 -0.1265 0.9679
vn -0.7431 -0.6692 -0.0005
vn -0.7454 -0.6666 -0.0001
vn -0.7430 -0.6692 -0.0006
vn -0.1702 0.1707 -0.9705
vn 0.1230 -0.3100 0.9427
vn 0.0973 -0.2337 0.9674
vn -0.3734 0.0252 -0.9273
vn 0.1931 -0.1489 0.9698
vn -0.0976 0.2344 -0.9672
vn 0.1582 -0.2802 0.9468
vn -0.1263 0.2959 0.9468
vn -0.1222 0.2133 0.9693
vn -0.0958 0.2348 0.9673
vn -0.7651 -0.6439 -0.0005
vn -0.7629 -0.6465 -0.0001
vn -0.7621 -0.6474 -0.0000
vn 0.1225 -0.2139 -0.9691
vn 0.1269 -0.2972 -0.9464
vn 0.0961 -0.2355 -0.9671
vn 0.7629 0.6465 0.0001
vn 0.7651 0.6439 0.0005
vn 0.7621 0.6474 -0.0000
vn -0.1717 0.1717 0.9701
vn -0.2483 0.1942 0.9490
vn -0.1966 0.1502 0.9689
vn 0.4250 -0.0286 -0.9048
vn 0.3190 -0.0389 -0.9470
vn 0.2859 -0.0193 -0.9581
vn -0.0920 0.3228 0.9420
vn -0.0671 0.2577 0.9639
vn 0.2494 -0.1951 -0.9486
vn 0.1723 -0.1722 -0.9699
vn 0.1972 -0.1506 -0.9687
vn 0.0924 -0.3241 -0.9415
vn 0.0673 -0.2585 -0.9637
vn -0.2793 0.1666 0.9456
vn -0.2225 0.1273 0.9666
vn -0.2818 0.0732 0.9567
vn -0.3892 0.0628 0.9190
vn -0.3180 0.0388 0.9473
vn 0.7431 0.6692 0.0005
vn 0.7454 0.6666 0.0001
vn 0.7462 0.6657 -0.0000
vn -0.2582 0.9661 0.0005
vn -0.1946 0.9809 0.0005
vn -0.3820 0.9242 0.0004
vn -0.2583 0.9661 0.0005
vn -0.6080 0.7940 0.0003
vn -0.4993 0.8664 0.0004
vn -0.4992 0.8665 0.0004
vn -0.7063 0.7079 0.0002
vn -0.6080 0.7939 0.0003
vn -0.8653 0.5012 -0.0000
vn -0.7926 0.6097 0.0001
vn -0.7926 0.6098 0.0001
vn -0.9233 0.3841 -0.0000
vn -0.8654 0.5012 -0.0000
vn -0.9655 0.2604 -0.0002
vn -0.9233 0.3840 -0.0000
vn -0.9977 0.0672 -0.0003
vn -0.9912 0.1323 -0.0002
vn -0.0650 0.9979 0.0005
vn 0.0212 -0.3255 -0.9453
vn 0.0244 -0.3750 -0.9267
vn 0.0169 -0.2598 -0.9655
vn 0.3500 -0.1029 -0.9311
vn 0.2513 -0.1024 -0.9625
vn 0.2826 -0.0734 -0.9564
vn -0.0243 0.3734 0.9273
vn -0.0211 0.3244 0.9457
vn -0.0169 0.2593 0.9656
vn -0.3123 0.1365 0.9401
vn -0.2505 0.1021 0.9627
vn 0.2192 -0.2211 -0.9503
vn 0.1476 -0.1930 -0.9700
vn 0.3137 -0.1371 -0.9396
vn 0.2232 -0.1277 -0.9664
vn -0.1581 0.2703 0.9497
vn -0.1472 0.1925 0.9702
vn 0.1588 -0.2715 -0.9492
vn -0.3484 0.1025 0.9317
vn -0.2183 0.2201 0.9507
vn -0.0677 0.3413 0.9375
vn -0.0480 0.2418 0.9692
vn -0.4232 0.0285 0.9056
vn -0.2854 0.0192 0.9582
vn 0.0680 -0.3427 -0.9370
vn 0.0481 -0.2423 -0.9690
vn 0.3908 -0.0631 -0.9183
vn 0.2805 -0.1674 -0.9451
vn 0.0081 -0.0018 -1.0000
vn 0.0063 -0.0031 -1.0000
vn 0.0163 0.0047 -0.9999
vn 0.0127 0.0018 -0.9999
vn -0.0128 0.0646 -0.9978
vn -0.0014 -0.0084 -1.0000
vn 0.1181 -0.0080 0.9930
vn -0.0163 -0.0047 0.9999
vn 0.0128 -0.0646 0.9978
vn 0.0014 0.0084 1.0000
vn -0.0034 0.0051 1.0000
vn -0.0048 0.0041 1.0000
vn -0.0127 -0.0018 0.9999
vn -0.0101 0.0003 0.9999
vn 0.7543 0.6566 -0.0000
vn 0.0019 -0.0061 -1.0000
vn 0.0034 -0.0051 -1.0000
vn -0.0019 0.0061 1.0000
vn 0.0101 -0.0003 -0.9999
vn 0.0048 -0.0041 -1.0000
vn -0.0081 0.0018 1.0000
vn -0.0063 0.0031 1.0000
vn 0.0004 -0.0072 -1.0000
vn -0.7462 -0.6657 -0.0000
vn -0.7543 -0.6566 -0.0000
vn -0.0004 0.0072 1.0000
vn -0.1181 0.0080 -0.9930
vn 0.0220 -0.3377 0.9410
vn 0.0253 -0.3884 0.9211
vn 0.0058 -0.0892 0.9960
vn 0.0173 -0.2659 0.9639
vn -0.0056 0.0854 0.9963
vn -0.0221 0.3389 -0.9406
vn -0.0174 0.2664 -0.9637
vn -0.0058 0.0892 -0.9960
vn 0.0056 -0.0854 -0.9963
vn 0.7431 0.6692 0.0006
vn -0.7431 -0.6692 -0.0006
vn -0.0809 0.9962 -0.0309
vn -0.2242 0.9740 -0.0326
vn -0.9975 0.0644 -0.0302
vn -0.9337 -0.3570 -0.0282
vn -0.7049 0.7080 -0.0431
vn -0.7913 0.6099 -0.0431
vn -0.6067 0.7938 -0.0431
vn -0.5536 0.8321 -0.0325
vn -0.8007 -0.4812 0.3568
vn -0.9557 0.2927 -0.0324
vn -0.9144 0.4041 -0.0258
vn -0.3716 0.9276 -0.0387
vn -0.8758 0.4813 -0.0366
vn -0.8759 0.4813 -0.0353
vn -0.9556 0.2926 -0.0341
vn -0.0169 0.9979 -0.0629
vn -0.0809 0.9953 -0.0537
vn -0.2242 0.9739 -0.0344
vn -0.3717 0.9277 -0.0342
vn -0.1485 0.9884 -0.0318
vn 0.3169 -0.9027 0.2911
vn -0.9559 0.2927 -0.0250
vn -0.9814 0.1904 -0.0234
vn -0.4405 0.8974 -0.0265
vn 0.4587 0.0110 0.8885
vn 0.0151 0.0004 0.9999
vn -0.7500 0.6606 -0.0325
vn -0.1485 0.9886 -0.0236
vn -0.0808 0.9953 -0.0537
vn -0.8973 -0.4405 -0.0265
vn 0.4839 -0.8280 0.2833
vn -0.4405 0.8972 -0.0325
vn 0.4197 -0.8757 -0.2387
vn -0.4588 -0.0110 -0.8885
vn 0.8511 -0.4370 0.2908
vn 0.5841 -0.7607 0.2832
vn 0.5536 -0.8321 -0.0325
vn -1.0000 -0.0000 -0.0000
vn 0.6751 -0.6814 0.2827
vn -0.9554 0.2925 -0.0411
vn -0.8758 0.4812 -0.0382
vn 0.2356 -0.0550 0.9703
vn 0.2749 -0.0803 0.9581
vn 0.2355 -0.0908 0.9676
vn 0.1610 -0.2930 0.9425
vn 0.0971 -0.2411 0.9656
vn 0.1291 -0.2239 0.9660
vn 0.2016 0.0257 0.9791
vn 0.2354 0.0245 0.9716
vn 0.2322 -0.0063 0.9726
vn 0.2047 -0.1582 0.9660
vn 0.2357 -0.2353 0.9429
vn 0.1796 -0.1805 0.9670
vn 0.0430 -0.2848 0.9576
vn 0.0229 -0.2412 0.9702
vn 0.0585 -0.2460 0.9675
vn -0.0971 0.2411 -0.9656
vn -0.1610 0.2930 -0.9425
vn -0.1291 0.2239 -0.9660
vn -0.2354 -0.0245 -0.9716
vn -0.2016 -0.0258 -0.9791
vn -0.2322 0.0063 -0.9726
vn -0.2873 0.1416 -0.9473
vn -0.2355 0.0908 -0.9676
vn -0.2258 0.1283 -0.9657
vn -0.2015 0.2651 -0.9430
vn -0.1546 0.2022 -0.9671
vn -0.0075 -1.0000 -0.0000
vn -0.1796 0.1805 -0.9670
vn -0.0585 0.2460 -0.9675
vn -0.1028 0.3047 -0.9469
vn 0.8925 -0.3529 0.2810
vn -0.8759 0.4813 -0.0333
vn 0.1717 -0.6268 0.7600
vn 0.7552 -0.5911 0.2833
vn -0.2241 0.9737 -0.0411
vn 0.8108 -0.5085 0.2900
vn 0.2289 -0.9320 0.2811
vn 0.9431 0.0484 0.3289
vn 0.3930 -0.8728 0.2894
vn 0.1276 -0.9918 -0.0000
vn 0.0640 -0.9979 -0.0000
vn 0.2554 -0.9668 -0.0000
vn 0.1305 -0.9914 -0.0000
vn 0.3799 -0.9250 -0.0000
vn 0.2591 -0.9658 -0.0000
vn 0.6072 -0.7946 -0.0000
vn 0.4987 -0.8668 -0.0000
vn 0.4981 -0.8671 -0.0000
vn 0.3823 -0.9240 -0.0000
vn 0.7056 -0.7086 -0.0000
vn 0.7922 -0.6102 -0.0000
vn 0.8655 -0.5009 -0.0000
vn 0.9222 -0.3868 -0.0000
vn 0.8642 -0.5032 -0.0000
vn 0.7917 -0.6108 -0.0000
vn 0.9237 -0.3832 -0.0000
vn 0.9647 -0.2635 -0.0000
vn 0.9658 -0.2592 -0.0000
vn 0.9909 -0.1348 -0.0000
vn 0.9913 -0.1317 -0.0000
vn 0.9977 -0.0682 -0.0000
vn -0.0229 0.2412 -0.9702
vn -0.0430 0.2848 -0.9576
vn 0.0063 -0.2507 0.9680
vn -0.0379 -0.2470 0.9683
vn -0.2749 0.0803 -0.9581
vn -0.2356 0.0550 -0.9703
vn 0.2873 -0.1416 0.9473
vn 0.2258 -0.1283 0.9657
vn -0.0234 0.2618 0.9649
vn -0.0191 0.3493 0.9368
vn -0.0085 0.3080 0.9513
vn -0.2357 0.2353 -0.9429
vn -0.2047 0.1582 -0.9660
vn 0.1028 -0.3047 0.9469
vn -0.2689 0.1986 -0.9425
vn 0.0379 0.2470 -0.9683
vn -0.0063 0.2507 -0.9680
vn -0.2403 0.0295 -0.9702
vn 0.2015 -0.2651 0.9430
vn 0.1546 -0.2022 0.9671
vn 0.2689 -0.1986 0.9425
vn 0.2403 -0.0295 0.9702
vn 1.0000 -0.0061 -0.0000
vn 1.0000 -0.0060 -0.0000
vn 0.0912 0.2516 -0.9635
vn -0.3223 0.8661 0.3820
vn -0.9551 0.1404 0.2608
vn -0.0000 1.0000 -0.0000
vn 0.0270 -0.2714 -0.9621
vn 0.0269 -0.2262 -0.9737
vn 0.0258 -0.2516 -0.9675
vn 0.0272 -0.2223 -0.9746
vn 0.0135 0.0232 -0.9996
vn 0.0141 0.0164 -0.9998
vn -0.2600 0.0593 0.9638
vn -0.2375 0.0736 0.9686
vn -0.2833 0.1120 0.9525
vn -0.2455 0.0377 0.9687
vn -0.0134 -0.0019 0.9999
vn -0.0081 0.0011 1.0000
vn -0.2343 0.2365 0.9430
vn -0.1581 0.2073 0.9654
vn -0.2027 0.2640 0.9430
vn -0.1842 0.1846 0.9654
vn -0.0042 0.0063 1.0000
vn -0.0057 0.0050 1.0000
vn -0.2928 0.1836 0.9384
vn -0.2104 0.1612 0.9642
vn -0.2660 0.2082 0.9412
vn -0.2323 0.1375 0.9629
vn -0.0072 0.0036 1.0000
vn -0.0089 0.0021 1.0000
vn -0.1703 0.2914 0.9413
vn -0.1313 0.2300 0.9643
vn -0.0027 0.0076 1.0000
vn 0.2375 -0.0736 -0.9686
vn 0.0134 0.0019 -0.9999
vn 0.2455 -0.0377 -0.9687
vn 0.0081 -0.0011 -1.0000
vn 0.0410 -0.2459 -0.9684
vn 0.0232 -0.2341 -0.9719
vn -0.0037 -0.0129 -0.9999
vn 0.0034 0.0064 -1.0000
vn 0.2104 -0.1612 -0.9642
vn 0.0072 -0.0036 -1.0000
vn 0.2323 -0.1375 -0.9629
vn 0.0089 -0.0021 -1.0000
vn -0.1047 0.2488 0.9629
vn -0.1123 0.3200 0.9407
vn -0.1418 0.3148 0.9385
vn -0.0009 0.0091 1.0000
vn -0.0751 0.2539 0.9643
vn 0.0011 0.0108 0.9999
vn 0.1842 -0.1846 -0.9654
vn 0.0057 -0.0050 -1.0000
vn -0.0117 -0.0355 0.9993
vn -0.1055 -0.2270 0.9682
vn -0.0912 -0.2516 0.9635
vn -0.0141 -0.0164 0.9998
vn -0.0135 -0.0232 0.9996
vn -0.0268 0.2658 0.9637
vn -0.3007 0.1544 0.9411
vn -0.2408 0.1084 0.9645
vn -0.0109 0.0003 0.9999
vn 0.2408 -0.1084 -0.9645
vn 0.0109 -0.0003 -0.9999
vn -0.0410 0.2459 0.9684
vn -0.0215 0.2686 0.9630
vn -0.0731 0.2974 0.9519
vn 0.0037 0.0129 0.9999
vn -0.0144 0.2501 0.9681
vn -0.0034 -0.0064 1.0000
vn 0.0751 -0.2539 -0.9643
vn -0.0011 -0.0108 -0.9999
vn 0.1047 -0.2488 -0.9629
vn 0.0009 -0.0091 -1.0000
vn 0.1581 -0.2073 -0.9654
vn 0.0042 -0.0063 -1.0000
vn 0.1313 -0.2300 -0.9643
vn 0.0027 -0.0076 -1.0000
vn 0.2919 -0.0328 -0.9559
vn 0.2220 -0.0212 -0.9748
vn -0.0119 -0.0174 -0.9998
vn -0.2919 0.0328 0.9559
vn -0.2220 0.0212 0.9748
vn 0.0119 0.0174 0.9998
vn -0.0140 -0.1134 0.9935
vn -0.3834 -0.1911 0.9036
vn 0.2934 0.9444 0.1485
vn -0.2944 0.0656 0.9534
vn -0.0000 0.0211 -0.9998
vn -0.0000 -0.0213 0.9998
vn 0.4186 -0.0282 0.9077
vn 0.0701 -0.3533 0.9329
vn -0.7651 -0.6439 -0.0006
vn 0.7651 0.6439 0.0006
vn 0.1893 -0.2464 -0.9505
vn -0.1885 0.2453 0.9509
vn 0.2954 -0.0029 0.9554
vn -0.2954 0.0029 -0.9554
vn -0.8956 -0.0316 0.4437
vn 0.1055 0.2271 -0.9682
vt 0.375000 1.000000
vt 0.625000 0.920224
vt 0.375000 0.920224
vt 0.795224 0.750000
vt 0.875000 0.738821
vt 0.795224 0.738821
vt 0.875000 0.750000
vt 0.125000 0.738821
vt 0.125000 0.750000
vt 0.204776 0.750000
vt 0.204776 0.738821
vt 0.625000 1.000000
vt 0.625000 0.011179
vt 0.375000 0.011179
vt 0.625000 0.000000
vt 0.375000 0.000000
vt 0.875000 0.750000
vt 0.875000 0.750000
vt 0.875000 0.750000
vt 0.875000 0.750000
vt 0.875000 0.750000
vt 0.125000 0.750000
vt 0.125000 0.750000
vt 0.125000 0.750000
vt 0.875000 0.750000
vt 0.875000 0.750000
vt 0.875000 0.750000
vt 0.625000 1.000000
vt 0.875000 0.750000
vt 0.125000 0.750000
vt 0.875000 0.750000
vt 0.125000 0.750000
vt 0.375000 1.000000
vt 0.125000 0.750000
vt 0.875000 0.750000
vt 0.125000 0.750000
vt 0.125000 0.750000
vt 0.125000 0.750000
vt 0.625000 1.000000
vt 0.125000 0.750000
vt 0.875000 0.750000
vt 0.125000 0.750000
s 1
usemtl Material.001
f 2113/239/2270 2234/240/2271 2233/241/2271
f 2124/246/2277 2113/247/2278 2116/246/2279
f 2220/244/2280 2237/248/2280 2219/249/2280
f 2238/240/2281 2117/239/2281 2237/241/2281
f 2173/247/2285 2463/247/2286 2181/247/2287
f 2115/243/2273 2236/244/2284 2220/244/2274
f 2214/245/2286 2470/245/2286 2206/245/2288
f 2136/246/2292 2124/246/2277 2128/246/2293
f 2128/246/2293 2116/246/2279 2120/246/2294
f 2115/243/2273 2127/243/2289 2119/243/2282
f 2122/250/2295 2241/239/2274 2121/239/2296
f 2125/247/2297 2120/246/2294 2117/247/2298
f 2144/246/2300 2132/246/2301 2136/246/2292
f 2140/246/2302 2129/247/2303 2132/246/2301
f 2141/247/2304 2136/246/2292 2133/247/2305
f 2194/245/2308 2264/245/2309 2202/245/2310
f 2123/243/2276 2135/243/2311 2127/243/2289
f 2133/247/2305 2128/246/2293 2125/247/2297
f 2132/246/2301 2121/247/2296 2124/246/2277
f 2148/246/2312 2137/247/2313 2140/246/2302
f 2149/247/2314 2144/246/2300 2141/247/2304
f 2139/243/2315 2151/243/2316 2143/243/2317
f 2125/247/2297 2452/247/2286 2133/247/2305
f 2193/247/2320 2259/247/2321 2185/247/2322
f 2131/243/2307 2143/243/2317 2135/243/2311
f 2169/247/2323 2253/247/2324 2161/247/2325
f 2158/245/2329 2456/245/2286 2150/245/2330
f 2152/246/2331 2140/246/2302 2144/246/2300
f 2181/247/2287 2466/247/2286 2189/247/2333
f 2209/247/2335 2263/247/2336 2201/247/2337
f 2168/246/2341 2156/246/2342 2160/246/2343
f 2164/246/2344 2153/247/2345 2156/246/2342
f 2147/243/2328 2159/243/2338 2151/243/2316
f 2157/247/2346 2152/246/2331 2149/247/2314
f 2156/246/2342 2145/247/2347 2148/246/2312
f 2160/246/2343 2148/246/2312 2152/246/2331
f 2176/246/2348 2164/246/2344 2168/246/2341
f 2172/246/2349 2161/247/2325 2164/246/2344
f 2173/247/2285 2168/246/2341 2165/247/2350
f 2174/245/2351 2461/245/2286 2166/245/2352
f 2186/245/2355 2262/245/2356 2194/245/2308
f 2155/243/2327 2167/243/2357 2159/243/2338
f 2165/247/2350 2160/246/2343 2157/247/2346
f 2181/247/2287 2176/246/2348 2173/247/2285
f 2171/243/2358 2183/243/2359 2175/243/2360
f 2201/247/2337 2261/247/2361 2193/247/2320
f 2157/247/2346 2460/247/2286 2165/247/2350
f 2138/245/2364 2250/245/2365 2146/245/2366
f 2163/243/2354 2175/243/2360 2167/243/2357
f 2205/247/2370 2471/247/2371 2213/247/2372
f 2180/246/2375 2169/247/2323 2172/246/2349
f 2184/246/2376 2172/246/2349 2176/246/2348
f 2134/245/2377 2447/245/2286 2126/245/2378
f 2200/246/2382 2188/246/2383 2192/246/2384
f 2196/246/2385 2185/247/2322 2188/246/2383
f 2153/247/2345 2249/247/2386 2145/247/2347
f 2179/243/2369 2191/243/2373 2183/243/2359
f 2181/247/2287 2192/246/2384 2184/246/2376
f 2188/246/2383 2177/247/2387 2180/246/2375
f 2192/246/2384 2180/246/2375 2184/246/2376
f 2204/246/2388 2193/247/2320 2196/246/2385
f 2197/247/2389 2208/246/2390 2200/246/2382
f 2195/243/2391 2207/243/2392 2199/243/2380
f 2126/245/2378 2448/245/2286 2118/245/2393
f 2170/245/2395 2258/245/2396 2178/245/2397
f 2187/243/2368 2199/243/2380 2191/243/2373
f 2189/247/2333 2200/246/2382 2192/246/2384
f 2203/243/2398 2215/243/2399 2207/243/2392
f 2146/245/2366 2252/245/2400 2154/245/2400
f 2208/246/2390 2196/246/2385 2200/246/2382
f 2206/245/2288 2468/245/2286 2198/245/2404
f 2185/247/2322 2257/247/2406 2177/247/2387
f 2214/250/2286 2222/239/2407 2213/239/2372
f 2215/243/2274 2223/245/2286 2214/245/2408
f 2216/246/2409 2217/246/2410 2212/246/2411
f 2205/247/2370 2216/246/2409 2208/246/2390
f 2212/246/2411 2201/247/2337 2204/246/2388
f 2216/246/2409 2204/246/2388 2208/246/2390
f 2213/239/2372 2472/250/2393 2214/250/2286
f 2229/246/2413 2217/246/2410 2221/246/2414
f 2225/246/2415 2218/247/2416 2217/246/2410
f 2230/247/2417 2221/246/2414 2222/247/2407
f 2210/250/2418 2209/239/2419 2226/239/2420
f 2213/247/2372 2221/246/2414 2216/246/2409
f 2212/246/2411 2218/247/2416 2209/247/2335
f 2232/251/2421 2225/252/2422 2229/252/2421
f 2225/252/2422 2227/253/2422 2226/254/2422
f 2231/253/2421 2229/252/2421 2230/254/2421
f 2231/250/2426 2222/239/2426 2223/250/2426
f 2120/246/2294 2237/248/2427 2117/247/2298
f 2224/243/2423 2211/243/2402 2232/243/2428
f 2116/246/2279 2233/248/2431 2219/249/2286
f 2116/246/2279 2235/249/2432 2120/246/2294
f 2130/245/2433 2248/245/2364 2138/245/2364
f 2121/247/2296 2239/247/2274 2113/247/2278
f 2114/245/2393 2242/245/2274 2122/245/2295
f 2113/239/2278 2240/250/2286 2114/250/2393
f 2255/247/2434 2367/247/2435 2309/247/2436
f 2251/247/2446 2351/260/2447 2249/247/2386
f 2257/247/2406 2355/247/2453 2367/247/2435
f 2268/245/2454 2274/245/2286 2270/245/2455
f 2269/247/2457 2271/247/2274 2267/247/2458
f 2253/247/2324 2364/261/2459 2251/247/2446
f 2121/239/2296 2244/250/2393 2122/250/2295
f 2202/245/2310 2265/245/2393 2210/245/2393
f 2154/245/2400 2254/245/2460 2162/245/2461
f 2137/247/2313 2245/247/2462 2129/247/2303
f 2210/250/2393 2266/239/2463 2209/239/2335
f 2161/247/2325 2251/247/2446 2153/247/2345
f 2239/239/2274 2268/250/2454 2240/250/2286
f 2122/245/2295 2246/245/2433 2130/245/2433
f 2162/245/2461 2256/245/2464 2170/245/2395
f 2242/250/2274 2269/239/2457 2241/239/2274
f 2177/247/2387 2255/247/2434 2169/247/2323
f 2129/247/2303 2243/247/2465 2121/247/2296
f 2241/247/2274 2267/247/2458 2239/247/2274
f 2178/245/2397 2260/245/2355 2186/245/2355
f 2240/245/2286 2270/245/2455 2242/245/2274
f 2145/247/2347 2247/247/2466 2137/247/2313
f 2272/245/2467 2278/245/2393 2274/245/2286
f 2273/247/2468 2275/247/2469 2271/247/2274
f 2274/250/2286 2277/239/2470 2273/239/2468
f 2271/239/2274 2276/250/2393 2272/250/2467
f 2245/247/2462 2378/247/2471 2243/247/2465
f 2261/247/2361 2343/247/2472 2360/262/2473
f 2247/247/2466 2322/247/2474 2245/247/2462
f 2265/250/2478 2316/239/2479 2266/239/2480
f 2253/247/2324 2309/247/2436 2310/262/2481
f 2263/247/2336 2316/260/2484 2343/247/2472
f 2249/247/2386 2321/247/2486 2247/247/2466
f 2259/247/2321 2360/262/2473 2355/247/2453
f 2267/239/2458 2272/250/2467 2268/250/2454
f 2270/250/2455 2273/239/2468 2269/239/2457
f 2306/250/2491 2387/239/2492 2388/266/2493
f 2349/260/2494 2283/247/2495 2319/247/2496
f 2382/239/2497 2304/250/2498 2381/250/2499
f 2302/247/2503 2345/260/2504 2318/247/2505
f 2291/247/2508 2312/247/2509 2307/247/2510
f 2301/250/2491 2318/239/2492 2313/250/2493
f 2319/247/2496 2281/247/2511 2324/268/2512
f 2244/250/2518 2378/239/2519 2373/250/2520
f 2281/239/2521 2280/250/2522 2279/239/2522
f 2283/239/2523 2282/250/2524 2281/239/2521
f 2285/239/2527 2284/250/2523 2283/239/2523
f 2289/239/2528 2288/250/2529 2287/239/2525
f 2293/239/2530 2292/250/2531 2291/239/2532
f 2291/239/2532 2290/250/2528 2289/239/2528
f 2295/239/2533 2294/250/2534 2293/239/2530
f 2297/239/2535 2296/250/2536 2295/239/2533
f 2302/239/2537 2300/250/2538 2299/239/2538
f 2299/239/2538 2298/250/2535 2297/239/2535
f 2305/239/2539 2304/250/2539 2303/239/2539
f 2387/247/2540 2303/247/2541 2382/247/2542
f 2297/247/2543 2357/260/2544 2358/270/2545
f 2289/247/2551 2366/247/2552 2312/247/2509
f 2295/247/2553 2369/270/2554 2357/260/2544
f 2366/247/2552 2285/247/2557 2349/260/2494
f 2376/271/2497 2280/250/2498 2375/250/2499
f 2324/268/2512 2279/247/2564 2376/262/2565
f 2299/247/2566 2358/270/2545 2345/260/2504
f 2293/247/2567 2307/247/2510 2369/270/2554
f 2368/270/2568 2309/247/2436 2367/247/2435
f 2369/270/2554 2308/247/2569 2368/270/2568
f 2344/247/2570 2360/262/2473 2343/247/2472
f 2345/260/2504 2359/247/2571 2344/247/2570
f 2322/247/2474 2377/247/2572 2378/247/2471
f 2323/247/2573 2376/262/2565 2377/247/2572
f 2377/239/2582 2373/250/2520 2378/239/2519
f 2377/239/2582 2375/250/2499 2374/250/2582
f 2364/261/2459 2350/272/2583 2351/260/2447
f 2365/247/2584 2349/260/2494 2350/272/2583
f 2356/247/2586 2367/247/2435 2355/247/2453
f 2357/260/2544 2368/270/2568 2356/247/2586
f 2310/262/2481 2365/247/2584 2364/261/2459
f 2312/247/2509 2365/247/2584 2311/247/2587
f 2359/247/2571 2355/247/2453 2360/262/2473
f 2358/270/2545 2356/247/2586 2359/247/2571
f 2321/247/2486 2323/247/2573 2322/247/2474
f 2320/268/2590 2324/268/2512 2323/247/2573
f 2315/250/2591 2317/239/2592 2316/239/2479
f 2313/250/2493 2317/239/2592 2314/250/2592
f 2308/247/2569 2310/262/2481 2309/247/2436
f 2307/247/2510 2311/247/2587 2308/247/2569
f 2317/247/2594 2343/247/2472 2316/260/2484
f 2318/247/2505 2344/247/2570 2317/247/2594
f 2351/260/2447 2320/268/2590 2321/247/2486
f 2350/272/2583 2319/247/2496 2320/268/2590
f 2277/247/2470 2384/247/2600 2275/247/2469
f 2385/247/2601 2383/247/2602 2384/247/2600
f 2386/247/2603 2382/247/2542 2383/247/2602
f 2384/239/2519 2276/250/2518 2275/239/2604
f 2383/239/2582 2379/266/2520 2384/239/2519
f 2383/239/2582 2381/250/2499 2380/250/2582
f 2278/250/2478 2385/239/2479 2277/239/2605
f 2390/250/2591 2386/239/2592 2385/239/2479
f 2388/266/2493 2386/239/2592 2389/250/2592
f 2126/250/2606 2391/250/2286 2392/250/2286
f 2134/250/2607 2392/250/2286 2393/250/2286
f 2198/245/2608 2402/245/2286 2206/245/2609
f 2166/245/2610 2398/245/2286 2174/245/2611
f 2158/250/2612 2395/250/2613 2396/250/2286
f 2206/245/2609 2403/245/2274 2214/245/2614
f 2190/250/2615 2399/250/2616 2400/250/2286
f 2190/245/2615 2401/245/2286 2198/245/2608
f 2134/245/2607 2394/245/2286 2142/245/2617
f 2223/250/2286 2403/250/2274 2404/250/2286
f 2174/245/2611 2399/245/2616 2182/245/2618
f 2158/245/2612 2397/245/2286 2166/245/2610
f 2142/245/2617 2395/245/2613 2150/245/2330
f 2400/245/2286 2415/245/2286 2401/245/2286
f 2393/245/2286 2408/245/2286 2394/245/2286
f 2401/245/2286 2416/245/2286 2402/245/2286
f 2396/250/2286 2409/250/2613 2410/250/2286
f 2402/245/2286 2417/245/2274 2403/245/2274
f 2394/245/2286 2409/245/2613 2395/245/2613
f 2404/250/2286 2417/250/2274 2418/250/2286
f 2396/245/2286 2411/245/2286 2397/245/2286
f 2397/245/2286 2412/245/2286 2398/245/2286
f 2400/250/2286 2413/250/2616 2414/250/2286
f 2392/250/2286 2405/250/2286 2406/250/2286
f 2398/245/2286 2413/245/2616 2399/245/2616
f 2393/250/2286 2406/250/2286 2407/250/2286
f 2408/245/2286 2423/245/2286 2409/245/2613
f 2418/250/2286 2431/250/2274 2432/250/2286
f 2410/245/2286 2425/245/2286 2411/245/2286
f 2411/245/2286 2426/245/2286 2412/245/2286
f 2414/250/2286 2427/250/2616 2428/250/2286
f 2406/250/2286 2419/250/2286 2420/250/2286
f 2412/245/2286 2427/245/2616 2413/245/2616
f 2407/250/2286 2420/250/2286 2421/250/2286
f 2414/245/2286 2429/245/2286 2415/245/2286
f 2407/245/2286 2422/245/2286 2408/245/2286
f 2415/245/2286 2430/245/2286 2416/245/2286
f 2410/250/2286 2423/250/2286 2424/250/2286
f 2416/245/2286 2431/245/2274 2417/245/2274
f 2428/250/2286 2441/250/2619 2442/250/2620
f 2420/250/2286 2433/250/2621 2434/250/2622
f 2426/245/2286 2441/245/2619 2427/245/2616
f 2421/250/2286 2434/250/2622 2435/250/2623
f 2428/245/2286 2443/245/2404 2429/245/2286
f 2421/245/2286 2436/245/2624 2422/245/2286
f 2429/245/2286 2444/245/2288 2430/245/2286
f 2424/250/2286 2437/250/2330 2438/250/2329
f 2430/245/2286 2445/245/2274 2431/245/2274
f 2422/245/2286 2437/245/2330 2423/245/2286
f 2432/250/2286 2445/250/2274 2446/250/2286
f 2424/245/2286 2439/245/2352 2425/245/2286
f 2425/245/2286 2440/245/2351 2426/245/2286
f 2450/247/2625 2478/247/2626 2452/247/2286
f 2468/245/2286 2491/245/2627 2465/245/2628
f 2456/245/2286 2480/245/2617 2454/245/2629
f 2472/245/2630 2496/245/2631 2470/245/2274
f 2462/245/2632 2487/245/2610 2461/245/2286
f 2453/245/2633 2473/245/2634 2447/245/2286
f 2451/247/2635 2483/247/2636 2457/247/2637
f 2469/247/2638 2497/247/2639 2471/247/2371
f 2463/247/2286 2492/247/2640 2466/247/2286
f 2457/247/2637 2484/247/2641 2458/247/2642
f 2497/239/2643 2472/250/2643 2471/239/2643
f 2458/247/2642 2486/247/2644 2460/247/2286
f 2198/245/2404 2465/245/2628 2190/245/2645
f 2190/245/2645 2464/245/2286 2182/245/2646
f 2142/245/2624 2453/245/2633 2134/245/2377
f 2141/247/2304 2457/247/2637 2149/247/2314
f 2118/250/2393 2449/239/2274 2117/239/2298
f 2165/247/2350 2459/247/2286 2173/247/2285
f 2197/247/2389 2469/247/2638 2205/247/2370
f 2182/245/2646 2462/245/2632 2174/245/2351
f 2189/247/2333 2467/247/2286 2197/247/2389
f 2166/245/2352 2455/245/2286 2158/245/2329
f 2149/247/2314 2458/247/2642 2157/247/2346
f 2117/247/2298 2450/247/2625 2125/247/2297
f 2150/245/2330 2454/245/2629 2142/245/2624
f 2133/247/2305 2451/247/2635 2141/247/2304
f 2561/261/2662 2509/247/2663 2541/247/2664
f 2521/247/2665 2544/247/2666 2532/247/2667
f 2515/247/2668 2540/272/2669 2535/262/2670
f 2541/247/2664 2510/247/2671 2550/274/2672
f 2544/239/2673 2524/250/2673 2549/250/2673
f 2510/247/2671 2555/275/2674 2550/274/2672
f 2556/274/2675 2503/247/2676 2561/261/2662
f 2447/245/2286 2474/245/2393 2448/245/2286
f 2466/247/2286 2493/247/2677 2467/247/2286
f 2465/245/2628 2490/245/2678 2464/245/2286
f 2448/250/2286 2475/239/2679 2449/239/2274
f 2460/247/2286 2485/247/2680 2459/247/2286
f 2454/245/2629 2479/245/2681 2453/245/2633
f 2459/247/2286 2489/247/2682 2463/247/2286
f 2449/247/2274 2476/247/2683 2450/247/2625
f 2467/247/2286 2495/247/2684 2469/247/2638
f 2455/245/2286 2482/245/2330 2456/245/2286
f 2464/245/2286 2488/245/2611 2462/245/2632
f 2461/245/2286 2481/245/2612 2455/245/2286
f 2470/245/2286 2494/245/2608 2468/245/2286
f 2452/247/2286 2477/247/2685 2451/247/2635
f 2499/250/2686 2501/239/2687 2500/250/2687
f 2505/250/2688 2502/239/2689 2499/250/2686
f 2506/250/2690 2504/239/2691 2505/250/2688
f 2507/250/2692 2509/239/2693 2508/250/2694
f 2508/250/2694 2503/239/2695 2506/250/2690
f 2507/250/2692 2512/239/2696 2510/239/2692
f 2514/250/2697 2512/239/2696 2513/250/2696
f 2516/250/2698 2518/239/2699 2515/239/2700
f 2514/250/2697 2515/239/2700 2511/239/2701
f 2517/250/2702 2519/239/2703 2518/239/2699
f 2520/250/2704 2521/239/2705 2519/239/2703
f 2522/250/2706 2523/239/2707 2521/239/2705
f 2586/247/2708 2504/247/2709 2556/274/2675
f 2518/247/2712 2594/276/2713 2540/272/2669
f 2512/247/2719 2603/268/2720 2555/275/2674
f 2511/247/2722 2535/262/2670 2603/268/2720
f 2600/270/2723 2502/247/2724 2586/247/2708
f 2519/247/2725 2532/247/2667 2594/276/2713
f 2528/250/2730 2612/239/2731 2609/250/2731
f 2619/268/2732 2527/247/2733 2615/247/2734
f 2615/239/2734 2528/250/2393 2614/250/2286
f 2613/277/2735 2525/239/2735 2616/239/2735
f 2525/247/2736 2617/247/2737 2616/262/2738
f 2610/247/2739 2618/247/2740 2617/247/2737
f 2611/247/2741 2619/268/2732 2618/247/2740
f 2526/250/2730 2610/239/2730 2525/239/2730
f 2607/250/2730 2611/239/2730 2610/239/2730
f 2609/250/2731 2611/239/2730 2608/250/2731
f 2592/247/2763 2495/247/2684 2493/247/2677
f 2593/247/2764 2534/275/2765 2592/247/2763
f 2594/276/2713 2533/261/2766 2593/247/2764
f 2475/247/2679 2588/274/2767 2476/247/2683
f 2598/247/2768 2587/247/2769 2588/274/2767
f 2599/262/2770 2586/247/2708 2587/247/2769
f 2601/247/2771 2489/247/2682 2485/247/2680
f 2602/247/2772 2537/262/2773 2601/247/2771
f 2603/268/2720 2536/278/2774 2602/247/2772
f 2553/262/2781 2485/247/2680 2486/247/2644
f 2554/262/2782 2601/247/2771 2553/262/2781
f 2555/275/2674 2602/247/2772 2554/262/2782
f 2538/247/2792 2493/247/2677 2492/247/2640
f 2539/274/2793 2592/247/2763 2538/247/2792
f 2540/272/2669 2593/247/2764 2539/274/2793
f 2476/247/2683 2558/247/2800 2478/247/2626
f 2588/274/2767 2557/272/2801 2558/247/2800
f 2587/247/2769 2556/274/2675 2557/272/2801
f 2478/247/2626 2559/272/2802 2477/247/2685
f 2558/247/2800 2560/280/2803 2559/272/2802
f 2557/272/2801 2561/261/2662 2560/280/2803
f 2552/274/2804 2486/247/2644 2484/247/2641
f 2551/274/2805 2553/262/2781 2552/274/2804
f 2550/274/2672 2554/262/2782 2551/274/2805
f 2546/239/2673 2498/250/2673 2497/239/2673
f 2545/239/2673 2547/250/2673 2546/239/2673
f 2545/239/2673 2549/250/2673 2548/250/2673
f 2483/247/2636 2552/274/2804 2484/247/2641
f 2543/260/2806 2551/274/2805 2552/274/2804
f 2542/247/2807 2550/274/2672 2551/274/2805
f 2537/262/2773 2492/247/2640 2489/247/2682
f 2536/278/2774 2538/247/2792 2537/262/2773
f 2535/262/2670 2539/274/2793 2536/278/2774
f 2534/275/2765 2497/247/2808 2495/247/2684
f 2533/261/2766 2546/247/2809 2534/275/2765
f 2532/247/2667 2545/247/2810 2533/261/2766
f 2477/247/2685 2543/260/2806 2483/247/2636
f 2559/272/2802 2542/247/2807 2543/260/2806
f 2560/280/2803 2541/247/2664 2542/247/2807
f 2618/247/2740 2600/270/2723 2599/262/2770
f 2617/247/2737 2599/262/2770 2598/247/2768
f 2616/262/2738 2598/247/2768 2475/247/2679
f 2474/250/2735 2616/239/2735 2475/239/2735
f 2501/239/2815 2614/250/2286 2500/250/2393
f 2600/270/2723 2615/247/2734 2501/247/2815
f 2113/239/2270 2114/250/2270 2234/240/2271
f 2124/246/2277 2121/247/2296 2113/247/2278
f 2236/244/2280 2238/240/2280 2237/248/2280
f 2237/248/2280 2235/249/2274 2219/249/2280
f 2219/249/2280 2233/241/2280 2234/242/2280
f 2220/244/2280 2236/244/2280 2237/248/2280
f 2219/249/2280 2234/242/2280 2220/244/2280
f 2238/240/2281 2118/250/2281 2117/239/2281
f 2173/247/2285 2459/247/2286 2463/247/2286
f 2115/243/2273 2119/243/2282 2236/244/2284
f 2214/245/2286 2472/245/2393 2470/245/2286
f 2136/246/2292 2132/246/2301 2124/246/2277
f 2128/246/2293 2124/246/2277 2116/246/2279
f 2115/243/2273 2123/243/2276 2127/243/2289
f 2122/250/2295 2242/250/2274 2241/239/2274
f 2125/247/2297 2128/246/2293 2120/246/2294
f 2144/246/2300 2140/246/2302 2132/246/2301
f 2140/246/2302 2137/247/2313 2129/247/2303
f 2141/247/2304 2144/246/2300 2136/246/2292
f 2194/245/2308 2262/245/2356 2264/245/2309
f 2123/243/2276 2131/243/2307 2135/243/2311
f 2133/247/2305 2136/246/2292 2128/246/2293
f 2132/246/2301 2129/247/2303 2121/247/2296
f 2148/246/2312 2145/247/2347 2137/247/2313
f 2149/247/2314 2152/246/2331 2144/246/2300
f 2139/243/2315 2147/243/2328 2151/243/2316
f 2125/247/2297 2450/247/2625 2452/247/2286
f 2193/247/2320 2261/247/2361 2259/247/2321
f 2131/243/2307 2139/243/2315 2143/243/2317
f 2169/247/2323 2255/247/2434 2253/247/2324
f 2158/245/2329 2455/245/2286 2456/245/2286
f 2152/246/2331 2148/246/2312 2140/246/2302
f 2181/247/2287 2463/247/2286 2466/247/2286
f 2209/247/2335 2266/247/2463 2263/247/2336
f 2168/246/2341 2164/246/2344 2156/246/2342
f 2164/246/2344 2161/247/2325 2153/247/2345
f 2147/243/2328 2155/243/2327 2159/243/2338
f 2157/247/2346 2160/246/2343 2152/246/2331
f 2156/246/2342 2153/247/2345 2145/247/2347
f 2160/246/2343 2156/246/2342 2148/246/2312
f 2176/246/2348 2172/246/2349 2164/246/2344
f 2172/246/2349 2169/247/2323 2161/247/2325
f 2173/247/2285 2176/246/2348 2168/246/2341
f 2174/245/2351 2462/245/2632 2461/245/2286
f 2186/245/2355 2260/245/2355 2262/245/2356
f 2155/243/2327 2163/243/2354 2167/243/2357
f 2165/247/2350 2168/246/2341 2160/246/2343
f 2181/247/2287 2184/246/2376 2176/246/2348
f 2171/243/2358 2179/243/2369 2183/243/2359
f 2201/247/2337 2263/247/2336 2261/247/2361
f 2157/247/2346 2458/247/2642 2460/247/2286
f 2138/245/2364 2248/245/2364 2250/245/2365
f 2163/243/2354 2171/243/2358 2175/243/2360
f 2205/247/2370 2469/247/2638 2471/247/2371
f 2180/246/2375 2177/247/2387 2169/247/2323
f 2184/246/2376 2180/246/2375 2172/246/2349
f 2134/245/2377 2453/245/2633 2447/245/2286
f 2200/246/2382 2196/246/2385 2188/246/2383
f 2196/246/2385 2193/247/2320 2185/247/2322
f 2153/247/2345 2251/247/2446 2249/247/2386
f 2179/243/2369 2187/243/2368 2191/243/2373
f 2181/247/2287 2189/247/2333 2192/246/2384
f 2188/246/2383 2185/247/2322 2177/247/2387
f 2192/246/2384 2188/246/2383 2180/246/2375
f 2204/246/2388 2201/247/2337 2193/247/2320
f 2197/247/2389 2205/247/2370 2208/246/2390
f 2195/243/2391 2203/243/2398 2207/243/2392
f 2126/245/2378 2447/245/2286 2448/245/2286
f 2170/245/2395 2256/245/2464 2258/245/2396
f 2187/243/2368 2195/243/2391 2199/243/2380
f 2189/247/2333 2197/247/2389 2200/246/2382
f 2203/243/2398 2211/243/2402 2215/243/2399
f 2146/245/2366 2250/245/2365 2252/245/2400
f 2208/246/2390 2204/246/2388 2196/246/2385
f 2206/245/2288 2470/245/2286 2468/245/2286
f 2185/247/2322 2259/247/2321 2257/247/2406
f 2214/250/2286 2223/250/2393 2222/239/2407
f 2215/243/2274 2224/243/2816 2223/245/2286
f 2216/246/2409 2221/246/2414 2217/246/2410
f 2205/247/2370 2213/247/2372 2216/246/2409
f 2212/246/2411 2209/247/2335 2201/247/2337
f 2216/246/2409 2212/246/2411 2204/246/2388
f 2213/239/2372 2471/239/2371 2472/250/2393
f 2229/246/2413 2225/246/2415 2217/246/2410
f 2225/246/2415 2226/247/2818 2218/247/2416
f 2230/247/2417 2229/246/2413 2221/246/2414
f 2226/239/2420 2227/250/2420 2210/250/2418
f 2209/239/2419 2218/239/2274 2226/239/2420
f 2213/247/2372 2222/247/2407 2221/246/2414
f 2212/246/2411 2217/246/2410 2218/247/2416
f 2232/251/2421 2228/251/2422 2225/252/2422
f 2225/252/2422 2228/251/2422 2227/253/2422
f 2231/253/2421 2232/251/2421 2229/252/2421
f 2231/250/2426 2230/239/2426 2222/239/2426
f 2120/246/2294 2235/249/2432 2237/248/2427
f 2211/243/2402 2228/243/2430 2232/243/2428
f 2224/243/2423 2215/243/2399 2211/243/2402
f 2116/246/2279 2113/247/2278 2233/248/2431
f 2116/246/2279 2219/249/2286 2235/249/2432
f 2130/245/2433 2246/245/2433 2248/245/2364
f 2121/247/2296 2241/247/2274 2239/247/2274
f 2114/245/2393 2240/245/2286 2242/245/2274
f 2113/239/2278 2239/239/2274 2240/250/2286
f 2255/247/2434 2257/247/2406 2367/247/2435
f 2251/247/2446 2364/261/2459 2351/260/2447
f 2257/247/2406 2259/247/2321 2355/247/2453
f 2268/245/2454 2272/245/2467 2274/245/2286
f 2269/247/2457 2273/247/2468 2271/247/2274
f 2253/247/2324 2310/262/2481 2364/261/2459
f 2121/239/2296 2243/239/2465 2244/250/2393
f 2202/245/2310 2264/245/2309 2265/245/2393
f 2154/245/2400 2252/245/2400 2254/245/2460
f 2137/247/2313 2247/247/2466 2245/247/2462
f 2210/250/2393 2265/250/2393 2266/239/2463
f 2161/247/2325 2253/247/2324 2251/247/2446
f 2239/239/2274 2267/239/2458 2268/250/2454
f 2122/245/2295 2244/245/2393 2246/245/2433
f 2162/245/2461 2254/245/2460 2256/245/2464
f 2242/250/2274 2270/250/2455 2269/239/2457
f 2177/247/2387 2257/247/2406 2255/247/2434
f 2129/247/2303 2245/247/2462 2243/247/2465
f 2241/247/2274 2269/247/2457 2267/247/2458
f 2178/245/2397 2258/245/2396 2260/245/2355
f 2240/245/2286 2268/245/2454 2270/245/2455
f 2145/247/2347 2249/247/2386 2247/247/2466
f 2272/245/2467 2276/245/2393 2278/245/2393
f 2273/247/2468 2277/247/2470 2275/247/2469
f 2274/250/2286 2278/250/2393 2277/239/2470
f 2271/239/2274 2275/239/2469 2276/250/2393
f 2245/247/2462 2322/247/2474 2378/247/2471
f 2261/247/2361 2263/247/2336 2343/247/2472
f 2247/247/2466 2321/247/2486 2322/247/2474
f 2265/250/2478 2315/250/2591 2316/239/2479
f 2253/247/2324 2255/247/2434 2309/247/2436
f 2263/247/2336 2266/247/2463 2316/260/2484
f 2249/247/2386 2351/260/2447 2321/247/2486
f 2259/247/2321 2261/247/2361 2360/262/2473
f 2267/239/2458 2271/239/2274 2272/250/2467
f 2270/250/2455 2274/250/2286 2273/239/2468
f 2306/250/2491 2305/239/2822 2387/239/2492
f 2349/260/2494 2285/247/2557 2283/247/2495
f 2382/239/2497 2303/239/2823 2304/250/2498
f 2302/247/2503 2299/247/2566 2345/260/2504
f 2291/247/2508 2289/247/2551 2312/247/2509
f 2301/250/2491 2302/239/2822 2318/239/2492
f 2319/247/2496 2283/247/2495 2281/247/2511
f 2244/250/2518 2243/239/2604 2378/239/2519
f 2281/239/2521 2282/250/2524 2280/250/2522
f 2283/239/2523 2284/250/2523 2282/250/2524
f 2285/239/2527 2286/250/2526 2284/250/2523
f 2289/239/2528 2290/250/2528 2288/250/2529
f 2293/239/2530 2294/250/2534 2292/250/2531
f 2291/239/2532 2292/250/2531 2290/250/2528
f 2295/239/2533 2296/250/2536 2294/250/2534
f 2297/239/2535 2298/250/2535 2296/250/2536
f 2302/239/2537 2301/250/2537 2300/250/2538
f 2299/239/2538 2300/250/2538 2298/250/2535
f 2305/239/2539 2306/250/2539 2304/250/2539
f 2387/247/2540 2305/247/2541 2303/247/2541
f 2297/247/2543 2295/247/2553 2357/260/2544
f 2289/247/2551 2287/247/2824 2366/247/2552
f 2295/247/2553 2293/247/2567 2369/270/2554
f 2366/247/2552 2287/247/2824 2285/247/2557
f 2376/271/2497 2279/239/2823 2280/250/2498
f 2324/268/2512 2281/247/2511 2279/247/2564
f 2299/247/2566 2297/247/2543 2358/270/2545
f 2293/247/2567 2291/247/2508 2307/247/2510
f 2368/270/2568 2308/247/2569 2309/247/2436
f 2369/270/2554 2307/247/2510 2308/247/2569
f 2344/247/2570 2359/247/2571 2360/262/2473
f 2345/260/2504 2358/270/2545 2359/247/2571
f 2322/247/2474 2323/247/2573 2377/247/2572
f 2323/247/2573 2324/268/2512 2376/262/2565
f 2377/239/2582 2374/250/2582 2373/250/2520
f 2377/239/2582 2376/271/2497 2375/250/2499
f 2364/261/2459 2365/247/2584 2350/272/2583
f 2365/247/2584 2366/247/2552 2349/260/2494
f 2356/247/2586 2368/270/2568 2367/247/2435
f 2357/260/2544 2369/270/2554 2368/270/2568
f 2310/262/2481 2311/247/2587 2365/247/2584
f 2312/247/2509 2366/247/2552 2365/247/2584
f 2359/247/2571 2356/247/2586 2355/247/2453
f 2358/270/2545 2357/260/2544 2356/247/2586
f 2321/247/2486 2320/268/2590 2323/247/2573
f 2320/268/2590 2319/247/2496 2324/268/2512
f 2315/250/2591 2314/250/2592 2317/239/2592
f 2313/250/2493 2318/239/2492 2317/239/2592
f 2308/247/2569 2311/247/2587 2310/262/2481
f 2307/247/2510 2312/247/2509 2311/247/2587
f 2317/247/2594 2344/247/2570 2343/247/2472
f 2318/247/2505 2345/260/2504 2344/247/2570
f 2351/260/2447 2350/272/2583 2320/268/2590
f 2350/272/2583 2349/260/2494 2319/247/2496
f 2277/247/2470 2385/247/2601 2384/247/2600
f 2385/247/2601 2386/247/2603 2383/247/2602
f 2386/247/2603 2387/247/2540 2382/247/2542
f 2384/239/2519 2379/266/2520 2276/250/2518
f 2383/239/2582 2380/250/2582 2379/266/2520
f 2383/239/2582 2382/239/2497 2381/250/2499
f 2278/250/2478 2390/250/2591 2385/239/2479
f 2390/250/2591 2389/250/2592 2386/239/2592
f 2388/266/2493 2387/239/2492 2386/239/2592
f 2126/250/2606 2118/250/2286 2391/250/2286
f 2134/250/2607 2126/250/2606 2392/250/2286
f 2198/245/2608 2401/245/2286 2402/245/2286
f 2166/245/2610 2397/245/2286 2398/245/2286
f 2158/250/2612 2150/250/2330 2395/250/2613
f 2206/245/2609 2402/245/2286 2403/245/2274
f 2190/250/2615 2182/250/2618 2399/250/2616
f 2190/245/2615 2400/245/2286 2401/245/2286
f 2134/245/2607 2393/245/2286 2394/245/2286
f 2223/250/2286 2214/250/2614 2403/250/2274
f 2174/245/2611 2398/245/2286 2399/245/2616
f 2158/245/2612 2396/245/2286 2397/245/2286
f 2142/245/2617 2394/245/2286 2395/245/2613
f 2400/245/2286 2414/245/2286 2415/245/2286
f 2393/245/2286 2407/245/2286 2408/245/2286
f 2401/245/2286 2415/245/2286 2416/245/2286
f 2396/250/2286 2395/250/2613 2409/250/2613
f 2402/245/2286 2416/245/2286 2417/245/2274
f 2394/245/2286 2408/245/2286 2409/245/2613
f 2404/250/2286 2403/250/2274 2417/250/2274
f 2396/245/2286 2410/245/2286 2411/245/2286
f 2397/245/2286 2411/245/2286 2412/245/2286
f 2400/250/2286 2399/250/2616 2413/250/2616
f 2392/250/2286 2391/250/2286 2405/250/2286
f 2398/245/2286 2412/245/2286 2413/245/2616
f 2393/250/2286 2392/250/2286 2406/250/2286
f 2408/245/2286 2422/245/2286 2423/245/2286
f 2418/250/2286 2417/250/2274 2431/250/2274
f 2410/245/2286 2424/245/2286 2425/245/2286
f 2411/245/2286 2425/245/2286 2426/245/2286
f 2414/250/2286 2413/250/2616 2427/250/2616
f 2406/250/2286 2405/250/2286 2419/250/2286
f 2412/245/2286 2426/245/2286 2427/245/2616
f 2407/250/2286 2406/250/2286 2420/250/2286
f 2414/245/2286 2428/245/2286 2429/245/2286
f 2407/245/2286 2421/245/2286 2422/245/2286
f 2415/245/2286 2429/245/2286 2430/245/2286
f 2410/250/2286 2409/250/2613 2423/250/2286
f 2416/245/2286 2430/245/2286 2431/245/2274
f 2428/250/2286 2427/250/2616 2441/250/2619
f 2420/250/2286 2419/250/2286 2433/250/2621
f 2426/245/2286 2440/245/2351 2441/245/2619
f 2421/250/2286 2420/250/2286 2434/250/2622
f 2428/245/2286 2442/245/2620 2443/245/2404
f 2421/245/2286 2435/245/2623 2436/245/2624
f 2429/245/2286 2443/245/2404 2444/245/2288
f 2424/250/2286 2423/250/2286 2437/250/2330
f 2430/245/2286 2444/245/2288 2445/245/2274
f 2422/245/2286 2436/245/2624 2437/245/2330
f 2432/250/2286 2431/250/2274 2445/250/2274
f 2424/245/2286 2438/245/2329 2439/245/2352
f 2425/245/2286 2439/245/2352 2440/245/2351
f 2450/247/2625 2476/247/2683 2478/247/2626
f 2468/245/2286 2494/245/2608 2491/245/2627
f 2456/245/2286 2482/245/2330 2480/245/2617
f 2472/245/2630 2498/245/2630 2496/245/2631
f 2462/245/2632 2488/245/2611 2487/245/2610
f 2453/245/2633 2479/245/2681 2473/245/2634
f 2451/247/2635 2477/247/2685 2483/247/2636
f 2469/247/2638 2495/247/2684 2497/247/2639
f 2463/247/2286 2489/247/2682 2492/247/2640
f 2457/247/2637 2483/247/2636 2484/247/2641
f 2497/239/2643 2498/250/2643 2472/250/2643
f 2458/247/2642 2484/247/2641 2486/247/2644
f 2198/245/2404 2468/245/2286 2465/245/2628
f 2190/245/2645 2465/245/2628 2464/245/2286
f 2142/245/2624 2454/245/2629 2453/245/2633
f 2141/247/2304 2451/247/2635 2457/247/2637
f 2118/250/2393 2448/250/2286 2449/239/2274
f 2165/247/2350 2460/247/2286 2459/247/2286
f 2197/247/2389 2467/247/2286 2469/247/2638
f 2182/245/2646 2464/245/2286 2462/245/2632
f 2189/247/2333 2466/247/2286 2467/247/2286
f 2166/245/2352 2461/245/2286 2455/245/2286
f 2149/247/2314 2457/247/2637 2458/247/2642
f 2117/247/2298 2449/247/2274 2450/247/2625
f 2150/245/2330 2456/245/2286 2454/245/2629
f 2133/247/2305 2452/247/2286 2451/247/2635
f 2561/261/2662 2503/247/2676 2509/247/2663
f 2521/247/2665 2523/247/2827 2544/247/2666
f 2515/247/2668 2518/247/2712 2540/272/2669
f 2541/247/2664 2509/247/2663 2510/247/2671
f 2544/239/2673 2523/239/2673 2524/250/2673
f 2510/247/2671 2512/247/2719 2555/275/2674
f 2556/274/2675 2504/247/2709 2503/247/2676
f 2447/245/2286 2473/245/2634 2474/245/2393
f 2466/247/2286 2492/247/2640 2493/247/2677
f 2465/245/2628 2491/245/2627 2490/245/2678
f 2448/250/2286 2474/250/2393 2475/239/2679
f 2460/247/2286 2486/247/2644 2485/247/2680
f 2454/245/2629 2480/245/2617 2479/245/2681
f 2459/247/2286 2485/247/2680 2489/247/2682
f 2449/247/2274 2475/247/2679 2476/247/2683
f 2467/247/2286 2493/247/2677 2495/247/2684
f 2455/245/2286 2481/245/2612 2482/245/2330
f 2464/245/2286 2490/245/2678 2488/245/2611
f 2461/245/2286 2487/245/2610 2481/245/2612
f 2470/245/2286 2496/245/2828 2494/245/2608
f 2452/247/2286 2478/247/2626 2477/247/2685
f 2499/250/2686 2502/239/2689 2501/239/2687
f 2505/250/2688 2504/239/2691 2502/239/2689
f 2506/250/2690 2503/239/2695 2504/239/2691
f 2507/250/2692 2510/239/2692 2509/239/2693
f 2508/250/2694 2509/239/2693 2503/239/2695
f 2507/250/2692 2513/250/2696 2512/239/2696
f 2514/250/2697 2511/239/2701 2512/239/2696
f 2516/250/2698 2517/250/2702 2518/239/2699
f 2514/250/2697 2516/250/2698 2515/239/2700
f 2517/250/2702 2520/250/2704 2519/239/2703
f 2520/250/2704 2522/250/2706 2521/239/2705
f 2522/250/2706 2524/250/2707 2523/239/2707
f 2586/247/2708 2502/247/2724 2504/247/2709
f 2518/247/2712 2519/247/2725 2594/276/2713
f 2512/247/2719 2511/247/2722 2603/268/2720
f 2511/247/2722 2515/247/2668 2535/262/2670
f 2600/270/2723 2501/247/2815 2502/247/2724
f 2519/247/2725 2521/247/2665 2532/247/2667
f 2528/250/2730 2527/239/2730 2612/239/2731
f 2619/268/2732 2612/247/2829 2527/247/2733
f 2615/239/2734 2527/239/2733 2528/250/2393
f 2613/277/2735 2526/250/2735 2525/239/2735
f 2525/247/2736 2610/247/2739 2617/247/2737
f 2610/247/2739 2611/247/2741 2618/247/2740
f 2611/247/2741 2612/247/2829 2619/268/2732
f 2526/250/2730 2607/250/2730 2610/239/2730
f 2607/250/2730 2608/250/2731 2611/239/2730
f 2609/250/2731 2612/239/2731 2611/239/2730
f 2592/247/2763 2534/275/2765 2495/247/2684
f 2593/247/2764 2533/261/2766 2534/275/2765
f 2594/276/2713 2532/247/2667 2533/261/2766
f 2475/247/2679 2598/247/2768 2588/274/2767
f 2598/247/2768 2599/262/2770 2587/247/2769
f 2599/262/2770 2600/270/2723 2586/247/2708
f 2601/247/2771 2537/262/2773 2489/247/2682
f 2602/247/2772 2536/278/2774 2537/262/2773
f 2603/268/2720 2535/262/2670 2536/278/2774
f 2553/262/2781 2601/247/2771 2485/247/2680
f 2554/262/2782 2602/247/2772 2601/247/2771
f 2555/275/2674 2603/268/2720 2602/247/2772
f 2538/247/2792 2592/247/2763 2493/247/2677
f 2539/274/2793 2593/247/2764 2592/247/2763
f 2540/272/2669 2594/276/2713 2593/247/2764
f 2476/247/2683 2588/274/2767 2558/247/2800
f 2588/274/2767 2587/247/2769 2557/272/2801
f 2587/247/2769 2586/247/2708 2556/274/2675
f 2478/247/2626 2558/247/2800 2559/272/2802
f 2558/247/2800 2557/272/2801 2560/280/2803
f 2557/272/2801 2556/274/2675 2561/261/2662
f 2552/274/2804 2553/262/2781 2486/247/2644
f 2551/274/2805 2554/262/2782 2553/262/2781
f 2550/274/2672 2555/275/2674 2554/262/2782
f 2546/239/2673 2547/250/2673 2498/250/2673
f 2545/239/2673 2548/250/2673 2547/250/2673
f 2545/239/2673 2544/239/2673 2549/250/2673
f 2483/247/2636 2543/260/2806 2552/274/2804
f 2543/260/2806 2542/247/2807 2551/274/2805
f 2542/247/2807 2541/247/2664 2550/274/2672
f 2537/262/2773 2538/247/2792 2492/247/2640
f 2536/278/2774 2539/274/2793 2538/247/2792
f 2535/262/2670 2540/272/2669 2539/274/2793
f 2534/275/2765 2546/247/2809 2497/247/2808
f 2533/261/2766 2545/247/2810 2546/247/2809
f 2532/247/2667 2544/247/2666 2545/247/2810
f 2477/247/2685 2559/272/2802 2543/260/2806
f 2559/272/2802 2560/280/2803 2542/247/2807
f 2560/280/2803 2561/261/2662 2541/247/2664
f 2618/247/2740 2619/268/2732 2600/270/2723
f 2617/247/2737 2618/247/2740 2599/262/2770
f 2616/262/2738 2617/247/2737 2598/247/2768
f 2474/250/2735 2613/277/2735 2616/239/2735
f 2501/239/2815 2615/239/2734 2614/250/2286
f 2600/270/2723 2619/268/2732 2615/247/2734
usemtl Material.003
f 2252/245/2451 2352/259/2452 2370/258/2444
f 2258/245/2456 2361/257/2450 2260/245/2449
f 2262/245/2475 2334/256/2439 2264/245/2438
f 2248/245/2482 2342/257/2442 2337/264/2483
f 2254/245/2443 2327/265/2485 2256/245/2476
f 2346/256/2500 2292/245/2501 2325/257/2502
f 2282/245/2506 2339/259/2490 2340/267/2507
f 2331/245/2515 2300/245/2516 2336/245/2517
f 2287/239/2525 2286/250/2526 2285/239/2527
f 2304/245/2546 2388/255/2547 2381/245/2548
f 2330/269/2514 2296/245/2549 2363/245/2550
f 2286/245/2555 2372/255/2556 2354/257/2489
f 2353/245/2585 2370/258/2444 2352/259/2452
f 2354/257/2489 2371/258/2578 2353/245/2585
f 2328/263/2477 2362/267/2581 2361/257/2450
f 2329/257/2588 2363/245/2550 2362/267/2581
f 2333/257/2448 2335/258/2575 2334/256/2439
f 2332/245/2580 2336/245/2517 2335/258/2575
f 2341/267/2577 2337/264/2483 2342/257/2442
f 2340/267/2507 2338/245/2593 2341/267/2577
f 2348/259/2445 2326/264/2589 2327/265/2485
f 2347/269/2579 2325/257/2502 2326/264/2589
f 2379/255/2595 2278/245/2596 2276/245/2596
f 2380/245/2597 2390/245/2598 2379/255/2595
f 2381/245/2548 2389/245/2599 2380/245/2597
f 2583/269/2647 2517/245/2648 2582/267/2649
f 2508/245/2650 2576/245/2651 2577/245/2652
f 2505/245/2659 2531/245/2660 2562/258/2661
f 2582/267/2649 2516/245/2714 2597/265/2715
f 2506/245/2721 2562/258/2661 2576/245/2651
f 2597/265/2715 2514/245/2728 2568/273/2656
f 2490/245/2754 2570/273/2755 2488/245/2756
f 2595/245/2757 2569/273/2758 2570/273/2755
f 2596/245/2759 2568/273/2656 2569/273/2758
f 2574/245/2775 2479/245/2776 2480/245/2777
f 2575/245/2778 2564/264/2779 2574/245/2775
f 2576/245/2651 2563/259/2780 2575/245/2778
f 2491/245/2789 2595/245/2757 2490/245/2754
f 2580/257/2790 2596/245/2759 2595/245/2757
f 2581/257/2791 2597/265/2715 2596/245/2759
f 2564/264/2779 2473/245/2796 2479/245/2776
f 2563/259/2780 2529/245/2794 2564/264/2779
f 2562/258/2661 2530/245/2797 2563/259/2780
f 2579/269/2761 2480/245/2777 2482/245/2760
f 2578/245/2762 2574/245/2775 2579/269/2761
f 2577/245/2652 2575/245/2778 2578/245/2762
f 2494/245/2744 2580/257/2790 2491/245/2789
f 2585/245/2743 2581/257/2791 2580/257/2790
f 2584/255/2746 2582/267/2649 2581/257/2791
f 2252/245/2451 2250/245/2487 2352/259/2452
f 2258/245/2456 2328/263/2477 2361/257/2450
f 2262/245/2475 2333/257/2448 2334/256/2439
f 2248/245/2482 2246/245/2440 2342/257/2442
f 2254/245/2443 2348/259/2445 2327/265/2485
f 2346/256/2500 2290/245/2559 2292/245/2501
f 2282/245/2506 2284/245/2488 2339/259/2490
f 2331/245/2515 2298/245/2558 2300/245/2516
f 2287/239/2525 2288/250/2529 2286/250/2526
f 2304/245/2546 2306/245/2546 2388/255/2547
f 2330/269/2514 2294/245/2513 2296/245/2549
f 2286/245/2555 2288/245/2825 2372/255/2556
f 2353/245/2585 2371/258/2578 2370/258/2444
f 2354/257/2489 2372/255/2556 2371/258/2578
f 2328/263/2477 2329/257/2588 2362/267/2581
f 2329/257/2588 2330/269/2514 2363/245/2550
f 2333/257/2448 2332/245/2580 2335/258/2575
f 2332/245/2580 2331/245/2515 2336/245/2517
f 2341/267/2577 2338/245/2593 2337/264/2483
f 2340/267/2507 2339/259/2490 2338/245/2593
f 2348/259/2445 2347/269/2579 2326/264/2589
f 2347/269/2579 2346/256/2500 2325/257/2502
f 2379/255/2595 2390/245/2598 2278/245/2596
f 2380/245/2597 2389/245/2599 2390/245/2598
f 2381/245/2548 2388/255/2547 2389/245/2599
f 2583/269/2647 2520/245/2729 2517/245/2648
f 2508/245/2650 2506/245/2721 2576/245/2651
f 2505/245/2659 2499/245/2710 2531/245/2660
f 2582/267/2649 2517/245/2648 2516/245/2714
f 2506/245/2721 2505/245/2659 2562/258/2661
f 2597/265/2715 2516/245/2714 2514/245/2728
f 2490/245/2754 2595/245/2757 2570/273/2755
f 2595/245/2757 2596/245/2759 2569/273/2758
f 2596/245/2759 2597/265/2715 2568/273/2656
f 2574/245/2775 2564/264/2779 2479/245/2776
f 2575/245/2778 2563/259/2780 2564/264/2779
f 2576/245/2651 2562/258/2661 2563/259/2780
f 2491/245/2789 2580/257/2790 2595/245/2757
f 2580/257/2790 2581/257/2791 2596/245/2759
f 2581/257/2791 2582/267/2649 2597/265/2715
f 2564/264/2779 2529/245/2794 2473/245/2796
f 2563/259/2780 2530/245/2797 2529/245/2794
f 2562/258/2661 2531/245/2660 2530/245/2797
f 2579/269/2761 2574/245/2775 2480/245/2777
f 2578/245/2762 2575/245/2778 2574/245/2775
f 2577/245/2652 2576/245/2651 2575/245/2778
f 2494/245/2744 2585/245/2743 2580/257/2790
f 2585/245/2743 2584/255/2746 2581/257/2791
f 2584/255/2746 2583/269/2647 2582/267/2649
usemtl Material.004
f 2234/242/2272 2115/243/2273 2220/244/2274
f 2114/245/2275 2123/243/2276 2115/243/2273
f 2119/243/2282 2238/242/2283 2236/244/2284
f 2127/243/2289 2134/245/2290 2126/245/2291
f 2119/243/2282 2126/245/2291 2118/245/2299
f 2122/245/2306 2131/243/2307 2123/243/2276
f 2135/243/2311 2142/245/2318 2134/245/2290
f 2130/245/2319 2139/243/2315 2131/243/2307
f 2146/245/2326 2155/243/2327 2147/243/2328
f 2143/243/2317 2150/245/2332 2142/245/2318
f 2138/245/2334 2147/243/2328 2139/243/2315
f 2159/243/2338 2166/245/2339 2158/245/2340
f 2151/243/2316 2158/245/2340 2150/245/2332
f 2154/245/2353 2163/243/2354 2155/243/2327
f 2167/243/2357 2174/245/2362 2166/245/2339
f 2162/245/2363 2171/243/2358 2163/243/2354
f 2178/245/2367 2187/243/2368 2179/243/2369
f 2191/243/2373 2182/245/2374 2183/243/2359
f 2175/243/2360 2182/245/2374 2174/245/2362
f 2170/245/2379 2179/243/2369 2171/243/2358
f 2199/243/2380 2190/245/2381 2191/243/2373
f 2186/245/2394 2195/243/2391 2187/243/2368
f 2202/245/2401 2211/243/2402 2203/243/2398
f 2207/243/2392 2198/245/2403 2199/243/2380
f 2194/245/2405 2203/243/2398 2195/243/2391
f 2215/243/2399 2206/245/2412 2207/243/2392
f 2224/243/2423 2231/245/2424 2223/245/2425
f 2210/245/2429 2228/243/2430 2211/243/2402
f 2315/255/2437 2264/245/2438 2334/256/2439
f 2246/245/2440 2373/257/2441 2342/257/2442
f 2254/245/2443 2370/258/2444 2348/259/2445
f 2333/257/2448 2260/245/2449 2361/257/2450
f 2256/245/2476 2328/263/2477 2258/245/2456
f 2250/245/2487 2337/264/2483 2352/259/2452
f 2284/245/2488 2354/257/2489 2339/259/2490
f 2325/257/2502 2294/245/2513 2330/269/2514
f 2363/245/2550 2298/245/2558 2331/245/2515
f 2372/255/2556 2290/245/2559 2346/256/2500
f 2280/245/2560 2340/267/2507 2375/245/2561
f 2336/245/2517 2301/245/2562 2313/245/2563
f 2334/256/2439 2314/245/2574 2315/255/2437
f 2335/258/2575 2313/245/2563 2314/245/2574
f 2374/245/2576 2342/257/2442 2373/257/2441
f 2375/245/2561 2341/267/2577 2374/245/2576
f 2371/258/2578 2348/259/2445 2370/258/2444
f 2371/258/2578 2346/256/2500 2347/269/2579
f 2361/257/2450 2332/245/2580 2333/257/2448
f 2362/267/2581 2331/245/2515 2332/245/2580
f 2327/265/2485 2329/257/2588 2328/263/2477
f 2326/264/2589 2330/269/2514 2329/257/2588
f 2338/245/2593 2352/259/2452 2337/264/2483
f 2339/259/2490 2353/245/2585 2338/245/2593
f 2549/245/2653 2522/245/2654 2573/245/2655
f 2568/273/2656 2513/245/2657 2567/257/2658
f 2499/245/2710 2591/258/2711 2531/245/2660
f 2622/245/2716 2526/245/2717 2613/245/2718
f 2507/245/2726 2577/245/2652 2604/245/2727
f 2567/257/2658 2507/245/2726 2604/245/2727
f 2573/245/2655 2520/245/2729 2583/269/2647
f 2496/245/2742 2585/245/2743 2494/245/2744
f 2571/245/2745 2584/255/2746 2585/245/2743
f 2572/258/2747 2583/269/2647 2584/255/2746
f 2487/245/2748 2606/245/2749 2481/245/2750
f 2565/245/2751 2605/245/2752 2606/245/2749
f 2566/245/2753 2604/245/2727 2605/245/2752
f 2606/245/2749 2482/245/2760 2481/245/2750
f 2605/245/2752 2579/269/2761 2606/245/2749
f 2604/245/2727 2578/245/2762 2605/245/2752
f 2614/245/2783 2609/245/2784 2620/269/2785
f 2620/269/2785 2608/245/2786 2621/279/2787
f 2621/279/2787 2607/245/2788 2622/245/2716
f 2529/245/2794 2474/245/2795 2473/245/2796
f 2530/245/2797 2589/255/2798 2529/245/2794
f 2531/245/2660 2590/259/2799 2530/245/2797
f 2488/245/2756 2565/245/2751 2487/245/2748
f 2570/273/2755 2566/245/2753 2565/245/2751
f 2569/273/2758 2567/257/2658 2566/245/2753
f 2498/245/2811 2571/245/2745 2496/245/2742
f 2547/245/2812 2572/258/2747 2571/245/2745
f 2548/245/2813 2573/245/2655 2572/258/2747
f 2590/259/2799 2622/245/2716 2589/255/2798
f 2591/258/2711 2621/279/2787 2590/259/2799
f 2500/245/2814 2620/269/2785 2591/258/2711
f 2589/255/2798 2613/245/2718 2474/245/2795
f 2234/242/2272 2114/245/2275 2115/243/2273
f 2114/245/2275 2122/245/2306 2123/243/2276
f 2119/243/2282 2118/245/2299 2238/242/2283
f 2127/243/2289 2135/243/2311 2134/245/2290
f 2119/243/2282 2127/243/2289 2126/245/2291
f 2122/245/2306 2130/245/2319 2131/243/2307
f 2135/243/2311 2143/243/2317 2142/245/2318
f 2130/245/2319 2138/245/2334 2139/243/2315
f 2146/245/2326 2154/245/2353 2155/243/2327
f 2143/243/2317 2151/243/2316 2150/245/2332
f 2138/245/2334 2146/245/2326 2147/243/2328
f 2159/243/2338 2167/243/2357 2166/245/2339
f 2151/243/2316 2159/243/2338 2158/245/2340
f 2154/245/2353 2162/245/2363 2163/243/2354
f 2167/243/2357 2175/243/2360 2174/245/2362
f 2162/245/2363 2170/245/2379 2171/243/2358
f 2178/245/2367 2186/245/2394 2187/243/2368
f 2191/243/2373 2190/245/2381 2182/245/2374
f 2175/243/2360 2183/243/2359 2182/245/2374
f 2170/245/2379 2178/245/2367 2179/243/2369
f 2199/243/2380 2198/245/2403 2190/245/2381
f 2186/245/2394 2194/245/2405 2195/243/2391
f 2202/245/2401 2210/245/2429 2211/243/2402
f 2207/243/2392 2206/245/2412 2198/245/2403
f 2194/245/2405 2202/245/2401 2203/243/2398
f 2215/243/2399 2214/245/2817 2206/245/2412
f 2224/243/2423 2232/243/2428 2231/245/2424
f 2210/245/2429 2227/245/2819 2228/243/2430
f 2315/255/2437 2265/245/2820 2264/245/2438
f 2246/245/2440 2244/245/2821 2373/257/2441
f 2254/245/2443 2252/245/2451 2370/258/2444
f 2333/257/2448 2262/245/2475 2260/245/2449
f 2256/245/2476 2327/265/2485 2328/263/2477
f 2250/245/2487 2248/245/2482 2337/264/2483
f 2284/245/2488 2286/245/2555 2354/257/2489
f 2325/257/2502 2292/245/2501 2294/245/2513
f 2363/245/2550 2296/245/2549 2298/245/2558
f 2372/255/2556 2288/245/2825 2290/245/2559
f 2280/245/2560 2282/245/2506 2340/267/2507
f 2336/245/2517 2300/245/2516 2301/245/2562
f 2334/256/2439 2335/258/2575 2314/245/2574
f 2335/258/2575 2336/245/2517 2313/245/2563
f 2374/245/2576 2341/267/2577 2342/257/2442
f 2375/245/2561 2340/267/2507 2341/267/2577
f 2371/258/2578 2347/269/2579 2348/259/2445
f 2371/258/2578 2372/255/2556 2346/256/2500
f 2361/257/2450 2362/267/2581 2332/245/2580
f 2362/267/2581 2363/245/2550 2331/245/2515
f 2327/265/2485 2326/264/2589 2329/257/2588
f 2326/264/2589 2325/257/2502 2330/269/2514
f 2338/245/2593 2353/245/2585 2352/259/2452
f 2339/259/2490 2354/257/2489 2353/245/2585
f 2549/245/2653 2524/245/2826 2522/245/2654
f 2568/273/2656 2514/245/2728 2513/245/2657
f 2499/245/2710 2500/245/2814 2591/258/2711
f 2622/245/2716 2607/245/2788 2526/245/2717
f 2507/245/2726 2508/245/2650 2577/245/2652
f 2567/257/2658 2513/245/2657 2507/245/2726
f 2573/245/2655 2522/245/2654 2520/245/2729
f 2496/245/2742 2571/245/2745 2585/245/2743
f 2571/245/2745 2572/258/2747 2584/255/2746
f 2572/258/2747 2573/245/2655 2583/269/2647
f 2487/245/2748 2565/245/2751 2606/245/2749
f 2565/245/2751 2566/245/2753 2605/245/2752
f 2566/245/2753 2567/257/2658 2604/245/2727
f 2606/245/2749 2579/269/2761 2482/245/2760
f 2605/245/2752 2578/245/2762 2579/269/2761
f 2604/245/2727 2577/245/2652 2578/245/2762
f 2614/245/2783 2528/245/2274 2609/245/2784
f 2620/269/2785 2609/245/2784 2608/245/2786
f 2621/279/2787 2608/245/2786 2607/245/2788
f 2529/245/2794 2589/255/2798 2474/245/2795
f 2530/245/2797 2590/259/2799 2589/255/2798
f 2531/245/2660 2591/258/2711 2590/259/2799
f 2488/245/2756 2570/273/2755 2565/245/2751
f 2570/273/2755 2569/273/2758 2566/245/2753
f 2569/273/2758 2568/273/2656 2567/257/2658
f 2498/245/2811 2547/245/2812 2571/245/2745
f 2547/245/2812 2548/245/2813 2572/258/2747
f 2548/245/2813 2549/245/2653 2573/245/2655
f 2590/259/2799 2621/279/2787 2622/245/2716
f 2591/258/2711 2620/269/2785 2621/279/2787
f 2500/245/2814 2614/245/2783 2620/269/2785
f 2589/255/2798 2622/245/2716 2613/245/2718
o Cube.019
v 8.309019 72.319237 1.863247
v 8.309019 72.319237 2.065775
v 7.676847 50.963982 1.863249
v 7.676850 72.319237 2.065775
v 8.309017 50.963982 1.863249
v 8.309017 50.963982 2.065776
v 7.676847 50.963982 2.065776
v 7.676850 72.319237 1.863247
v -5.828571 72.319244 1.863247
v -5.828571 72.319244 2.065774
v -5.196404 50.963985 1.863248
v -5.196402 72.319244 2.065774
v -5.828573 50.963985 1.863248
v -5.828573 50.963985 2.065776
v -5.196404 50.963985 2.065776
v -5.196402 72.319244 1.863247
vn -0.0000 -0.0000 -1.0000
vn -0.0000 -1.0000 -0.0000
vn 1.0000 -0.0000 -0.0000
vn -0.0000 -0.0000 1.0000
vn -0.0000 1.0000 -0.0000
vn -1.0000 -0.0000 -0.0000
vt 0.125000 0.738821
vt 0.375000 0.738821
vt 0.375000 0.750000
vt 0.625000 0.738821
vt 0.375000 1.000000
vt 0.625000 0.750000
vt 0.125000 0.750000
vt 0.875000 0.738821
vt 0.625000 0.011179
vt 0.375000 0.011179
vt 0.625000 0.000000
vt 0.375000 0.000000
vt 0.625000 1.000000
vt 0.875000 0.750000
s 1
usemtl Material.001
f 2630/281/2830 2633/282/2830 2638/281/2830
f 2627/283/2831 2629/284/2831 2625/282/2831
f 2623/285/2832 2628/286/2832 2627/283/2832
f 2623/287/2830 2625/282/2830 2630/281/2830
f 2634/289/2834 2630/290/2834 2638/290/2834
f 2630/290/2834 2624/291/2834 2623/292/2834
f 2629/284/2831 2633/282/2831 2625/282/2831
f 2637/284/2831 2635/283/2831 2633/282/2831
f 2636/286/2835 2631/285/2835 2635/283/2835
f 2633/282/2830 2631/287/2830 2638/281/2830
f 2632/291/2834 2638/290/2834 2631/292/2834
f 2626/288/2833 2637/284/2833 2629/284/2833
f 2630/281/2830 2625/282/2830 2633/282/2830
f 2627/283/2831 2628/286/2831 2629/284/2831
f 2623/285/2832 2624/293/2832 2628/286/2832
f 2623/287/2830 2627/283/2830 2625/282/2830
f 2634/289/2834 2626/289/2834 2630/290/2834
f 2630/290/2834 2626/289/2834 2624/291/2834
f 2629/284/2831 2637/284/2831 2633/282/2831
f 2637/284/2831 2636/286/2831 2635/283/2831
f 2636/286/2835 2632/293/2835 2631/285/2835
f 2633/282/2830 2635/283/2830 2631/287/2830
f 2632/291/2834 2634/289/2834 2638/290/2834
f 2626/288/2833 2634/288/2833 2637/284/2833
usemtl Material.002
f 2628/286/2833 2626/288/2833 2629/284/2833
f 2634/288/2833 2636/286/2833 2637/284/2833
f 2628/286/2833 2624/294/2833 2626/288/2833
f 2634/288/2833 2632/294/2833 2636/286/2833
o Cube.020
v 8.309019 50.984863 1.863247
v 8.309019 50.984863 2.065775
v 7.676847 29.629606 1.863249
v 7.676850 50.984863 2.065775
v 8.309017 29.629606 1.863249
v 8.309017 29.629606 2.065776
v 7.676847 29.629606 2.065776
v 7.676850 50.984863 1.863247
v -5.828571 50.984863 1.863247
v -5.828571 50.984863 2.065774
v -5.196404 29.629608 1.863248
v -5.196402 50.984863 2.065774
v -5.828573 29.629608 1.863248
v -5.828573 29.629608 2.065776
v -5.196404 29.629608 2.065776
v -5.196402 50.984863 1.863247
v 7.676849 44.987663 1.863248
v 7.676849 44.987663 2.065775
v 8.309018 44.987663 1.863248
v 8.309018 44.987663 2.065775
v -5.196402 44.987663 1.863247
v -5.196402 44.987663 2.065774
v -5.828571 44.987663 1.863247
v -5.828571 44.987663 2.065774
v 7.676849 45.844406 1.863248
v 7.676849 46.701149 1.863247
v 7.676849 47.557892 1.863247
v 7.676849 48.414635 1.863247
v 7.676849 49.271378 1.863247
v 7.676850 50.128120 1.863247
v 8.309018 45.844406 2.065775
v 8.309018 46.701149 2.065775
v 8.309018 47.557892 2.065775
v 8.309018 48.414635 2.065775
v 8.309018 49.271378 2.065775
v 8.309019 50.128120 2.065775
v -5.196402 45.844406 1.863247
v -5.196402 46.701149 1.863247
v -5.196402 47.557892 1.863247
v -5.196402 48.414635 1.863247
v -5.196402 49.271378 1.863247
v -5.196402 50.128120 1.863247
v -5.828571 45.844406 2.065774
v -5.828571 46.701149 2.065774
v -5.828571 47.557892 2.065774
v -5.828571 48.414635 2.065774
v -5.828571 49.271378 2.065774
v -5.828571 50.128120 2.065774
v 7.676850 50.128120 2.065775
v 7.676849 49.271378 2.065775
v 7.676849 48.414635 2.065775
v 7.676849 47.557892 2.065775
v 7.676849 46.701149 2.065775
v 7.676849 45.844406 2.065775
v 8.309019 50.128120 1.863247
v 8.309018 49.271378 1.863247
v 8.309018 48.414635 1.863247
v 8.309018 47.557892 1.863247
v 8.309018 46.701149 1.863247
v 8.309018 45.844406 1.863248
v -5.196402 50.128120 2.065774
v -5.196402 49.271378 2.065774
v -5.196402 48.414635 2.065774
v -5.196402 47.557892 2.065774
v -5.196402 46.701149 2.065774
v -5.196402 45.844406 2.065774
v -5.828571 50.128120 1.863247
v -5.828571 49.271378 1.863247
v -5.828571 48.414635 1.863247
v -5.828571 47.557892 1.863247
v -5.828571 46.701149 1.863247
v -5.828571 45.844406 1.863247
v 6.686598 29.629608 2.065776
v 5.696348 29.629608 2.065776
v 4.706098 29.629608 2.065776
v 3.715848 29.629608 2.065776
v 2.725597 29.629608 2.065776
v 1.735347 29.629608 2.065776
v 0.745097 29.629608 2.065776
v -0.245153 29.629608 2.065776
v -1.235403 29.629608 2.065776
v -2.225653 29.629608 2.065776
v -3.215904 29.629608 2.065776
v -4.206154 29.629608 2.065776
v -4.206152 50.984863 2.065774
v -3.215902 50.984863 2.065774
v -2.225652 50.984863 2.065774
v -1.235402 50.984863 2.065774
v -0.245152 50.984863 2.065774
v 0.745099 50.984863 2.065774
v 1.735349 50.984863 2.065774
v 2.725599 50.984863 2.065774
v 3.715849 50.984863 2.065774
v 4.706100 50.984863 2.065774
v 5.696350 50.984863 2.065774
v 6.686600 50.984863 2.065775
v -4.206154 29.629608 1.863248
v -3.215904 29.629608 1.863248
v -2.225653 29.629608 1.863248
v -1.235403 29.629608 1.863248
v -0.245153 29.629608 1.863248
v 0.745097 29.629608 1.863248
v 1.735347 29.629608 1.863248
v 2.725597 29.629608 1.863248
v 3.715848 29.629608 1.863249
v 4.706098 29.629608 1.863249
v 5.696348 29.629608 1.863249
v 6.686598 29.629608 1.863249
v 6.686600 50.984863 1.863247
v 5.696350 50.984863 1.863247
v 4.706100 50.984863 1.863247
v 3.715849 50.984863 1.863247
v 2.725599 50.984863 1.863247
v 1.735349 50.984863 1.863247
v 0.745099 50.984863 1.863247
v -0.245152 50.984863 1.863247
v -1.235402 50.984863 1.863247
v -2.225652 50.984863 1.863247
v -3.215902 50.984863 1.863247
v -4.206152 50.984863 1.863247
v -4.206153 44.987663 2.065775
v -3.215903 44.987663 2.065775
v -2.225652 44.987663 2.065775
v -1.235402 44.987663 2.065775
v -0.245152 44.987663 2.065775
v 0.745098 44.987663 2.065775
v 1.735348 44.987663 2.065775
v 2.725599 44.987663 2.065775
v 3.715849 44.987663 2.065775
v 4.706099 44.987663 2.065775
v 5.696350 44.987663 2.065775
v 6.686600 44.987663 2.065775
v -4.206153 44.987663 1.863247
v -3.215903 44.987663 1.863247
v -2.225652 44.987663 1.863247
v -1.235402 44.987663 1.863247
v -0.245152 44.987663 1.863247
v 0.745098 44.987663 1.863247
v 1.735348 44.987663 1.863247
v 2.725599 44.987663 1.863247
v 3.715849 44.987663 1.863247
v 4.706099 44.987663 1.863247
v 5.696350 44.987663 1.863248
v 6.686600 44.987663 1.863248
v -4.206152 50.128120 1.863247
v -3.215902 50.128120 1.863247
v -2.225652 50.128120 1.863247
v -1.235402 50.128120 1.863247
v -0.245152 50.128120 1.863247
v 0.745099 50.128120 1.863247
v 1.735349 50.128120 1.863247
v 2.725599 50.128120 1.863247
v 3.715849 50.128120 1.863247
v 4.706100 50.128120 1.863247
v 5.696350 50.128120 1.863247
v 6.686600 50.128120 1.863247
v -4.206153 49.271378 1.863247
v -3.215903 49.271378 1.863247
v -2.225652 49.271378 1.863247
v -1.235402 49.271378 1.863247
v -0.245152 49.271378 1.863247
v 0.745098 49.271378 1.863247
v 1.735349 49.271378 1.863247
v 2.725599 49.271378 1.863247
v 3.715849 49.271378 1.863247
v 4.706100 49.271378 1.863247
v 5.696350 49.271378 1.863247
v 6.686600 49.271378 1.863247
v -4.206153 48.414635 1.863247
v -3.215903 48.414635 1.863247
v -2.225652 48.414635 1.863247
v -1.235402 48.414635 1.863247
v -0.245152 48.414635 1.863247
v 0.745098 48.414635 1.863247
v 1.735349 48.414635 1.863247
v 2.725599 48.414635 1.863247
v 3.715849 48.414635 1.863247
v 4.706100 48.414635 1.863247
v 5.696350 48.414635 1.863247
v 6.686600 48.414635 1.863247
v -4.206153 47.557892 1.863247
v -3.215903 47.557892 1.863247
v -2.225652 47.557892 1.863247
v -1.235402 47.557892 1.863247
v -0.245152 47.557892 1.863247
v 0.745098 47.557892 1.863247
v 1.735349 47.557892 1.863247
v 2.725599 47.557892 1.863247
v 3.715849 47.557892 1.863247
v 4.706099 47.557892 1.863247
v 5.696350 47.557892 1.863247
v 6.686600 47.557892 1.863247
v -4.206153 46.701149 1.863247
v -3.215903 46.701149 1.863247
v -2.225652 46.701149 1.863247
v -1.235402 46.701149 1.863247
v -0.245152 46.701149 1.863247
v 0.745098 46.701149 1.863247
v 1.735349 46.701149 1.863247
v 2.725599 46.701149 1.863247
v 3.715849 46.701149 1.863247
v 4.706099 46.701149 1.863247
v 5.696350 46.701149 1.863247
v 6.686600 46.701149 1.863247
v -4.206153 45.844406 1.863247
v -3.215903 45.844406 1.863247
v -2.225652 45.844406 1.863247
v -1.235402 45.844406 1.863247
v -0.245152 45.844406 1.863247
v 0.745098 45.844406 1.863247
v 1.735348 45.844406 1.863247
v 2.725599 45.844406 1.863247
v 3.715849 45.844406 1.863247
v 4.706099 45.844406 1.863247
v 5.696350 45.844406 1.863247
v 6.686600 45.844406 1.863247
v -4.206153 45.844406 2.065774
v -3.215903 45.844406 2.065774
v -2.225652 45.844406 2.065775
v -1.235402 45.844406 2.065775
v -0.245152 45.844406 2.065775
v 0.745098 45.844406 2.065775
v 1.735348 45.844406 2.065775
v 2.725599 45.844406 2.065775
v 3.715849 45.844406 2.065775
v 4.706099 45.844406 2.065775
v 5.696350 45.844406 2.065775
v 6.686600 45.844406 2.065775
v -4.206153 46.701149 2.065774
v -3.215903 46.701149 2.065774
v -2.225652 46.701149 2.065774
v -1.235402 46.701149 2.065775
v -0.245152 46.701149 2.065775
v 0.745098 46.701149 2.065775
v 1.735349 46.701149 2.065775
v 2.725599 46.701149 2.065775
v 3.715849 46.701149 2.065775
v 4.706099 46.701149 2.065775
v 5.696350 46.701149 2.065775
v 6.686600 46.701149 2.065775
v -4.206153 47.557892 2.065774
v -3.215903 47.557892 2.065774
v -2.225652 47.557892 2.065774
v -1.235402 47.557892 2.065774
v -0.245152 47.557892 2.065774
v 0.745098 47.557892 2.065775
v 1.735349 47.557892 2.065775
v 2.725599 47.557892 2.065775
v 3.715849 47.557892 2.065775
v 4.706099 47.557892 2.065775
v 5.696350 47.557892 2.065775
v 6.686600 47.557892 2.065775
v -4.206153 48.414635 2.065774
v -3.215903 48.414635 2.065774
v -2.225652 48.414635 2.065774
v -1.235402 48.414635 2.065774
v -0.245152 48.414635 2.065774
v 0.745098 48.414635 2.065774
v 1.735349 48.414635 2.065775
v 2.725599 48.414635 2.065775
v 3.715849 48.414635 2.065775
v 4.706100 48.414635 2.065775
v 5.696350 48.414635 2.065775
v 6.686600 48.414635 2.065775
v -4.206153 49.271378 2.065774
v -3.215903 49.271378 2.065774
v -2.225652 49.271378 2.065774
v -1.235402 49.271378 2.065774
v -0.245152 49.271378 2.065774
v 0.745098 49.271378 2.065774
v 1.735349 49.271378 2.065774
v 2.725599 49.271378 2.065774
v 3.715849 49.271378 2.065775
v 4.706100 49.271378 2.065775
v 5.696350 49.271378 2.065775
v 6.686600 49.271378 2.065775
v -4.206152 50.128120 2.065774
v -3.215902 50.128120 2.065774
v -2.225652 50.128120 2.065774
v -1.235402 50.128120 2.065774
v -0.245152 50.128120 2.065774
v 0.745099 50.128120 2.065774
v 1.735349 50.128120 2.065774
v 2.725599 50.128120 2.065774
v 3.715849 50.128120 2.065774
v 4.706100 50.128120 2.065774
v 5.696350 50.128120 2.065775
v 6.686600 50.128120 2.065775
vn -0.0000 -0.0000 -1.0000
vn -0.0000 -1.0000 -0.0000
vn 1.0000 -0.0000 -0.0000
vn -0.0000 -0.0000 1.0000
vn -0.0000 1.0000 -0.0000
vn -1.0000 -0.0000 -0.0000
vt 0.375000 0.738821
vt 0.195208 0.738821
vt 0.375000 0.750000
vt 0.625000 0.738821
vt 0.375000 1.000000
vt 0.625000 0.989970
vt 0.375000 0.989970
vt 0.864970 0.750000
vt 0.875000 0.738821
vt 0.864970 0.738821
vt 0.625000 0.011179
vt 0.375000 0.011179
vt 0.625000 0.000000
vt 0.375000 0.000000
vt 0.195208 0.750000
vt 0.804792 0.738821
vt 0.625000 0.750000
vt 0.185178 0.750000
vt 0.185178 0.738821
vt 0.375000 0.929792
vt 0.185178 0.738821
vt 0.135030 0.738821
vt 0.125000 0.738821
vt 0.145059 0.738821
vt 0.155089 0.738821
vt 0.165119 0.738821
vt 0.175148 0.738821
vt 0.165119 0.738821
vt 0.125000 0.750000
vt 0.145059 0.750000
vt 0.155089 0.750000
vt 0.165119 0.738821
vt 0.165119 0.750000
vt 0.175148 0.738821
vt 0.175148 0.750000
vt 0.135030 0.750000
vt 0.814822 0.738821
vt 0.824852 0.738821
vt 0.834881 0.738821
vt 0.824852 0.738821
vt 0.844911 0.738821
vt 0.854941 0.738821
vt 0.804792 0.750000
vt 0.814822 0.750000
vt 0.824852 0.750000
vt 0.834881 0.750000
vt 0.844911 0.750000
vt 0.854941 0.750000
vt 0.625000 0.929792
vt 0.375000 0.939822
vt 0.625000 0.939822
vt 0.375000 0.949852
vt 0.625000 0.949852
vt 0.375000 0.959881
vt 0.625000 0.959881
vt 0.375000 0.969911
vt 0.625000 0.969911
vt 0.375000 0.979941
vt 0.625000 0.979941
vt 0.814822 0.738821
vt 0.824852 0.738821
vt 0.834881 0.738821
vt 0.864970 0.738821
vt 0.854941 0.738821
vt 0.844911 0.738821
vt 0.834881 0.738821
vt 0.834881 0.738821
vt 0.834881 0.738821
vt 0.834881 0.738821
vt 0.824852 0.738821
vt 0.814822 0.738821
vt 0.804793 0.738821
vt 0.175148 0.738821
vt 0.185178 0.738821
vt 0.185178 0.738821
vt 0.175148 0.738821
vt 0.165119 0.738821
vt 0.155089 0.738821
vt 0.145059 0.738821
vt 0.135030 0.738821
vt 0.195208 0.738821
vt 0.875000 0.738821
vt 0.875000 0.738821
vt 0.375000 0.738821
vt 0.375000 0.011179
vt 0.375000 0.011179
vt 0.625000 1.000000
vt 0.875000 0.750000
s 1
usemtl Material.001
f 2735/295/2836 2659/296/2836 2771/296/2836
f 2643/297/2837 2645/298/2837 2641/295/2837
f 2639/299/2838 2674/300/2838 2693/301/2838
f 2655/296/2836 2643/297/2836 2641/295/2836
f 2734/305/2840 2646/306/2840 2747/306/2840
f 2646/306/2840 2640/307/2840 2639/308/2840
f 2722/298/2837 2649/295/2837 2735/295/2837
f 2653/298/2837 2651/297/2837 2649/295/2837
f 2686/300/2841 2647/299/2841 2705/301/2841
f 2649/295/2836 2661/309/2836 2659/296/2836
f 2648/307/2840 2654/306/2840 2647/308/2840
f 2723/303/2839 2699/304/2839 2915/304/2839
f 2759/310/2839 2653/298/2839 2722/298/2839
f 2659/296/2836 2710/312/2836 2675/313/2836
f 2652/311/2841 2661/314/2841 2651/297/2841
f 2698/312/2836 2655/296/2836 2663/315/2836
f 2657/314/2838 2644/311/2838 2643/297/2838
f 2771/296/2836 2675/313/2836 2843/313/2836
f 2783/316/2836 2654/317/2836 2758/317/2836
f 2795/318/2836 2680/316/2836 2783/316/2836
f 2807/319/2836 2679/318/2836 2795/318/2836
f 2819/320/2836 2678/319/2836 2807/319/2836
f 2831/321/2836 2677/322/2836 2819/320/2836
f 2843/313/2836 2676/321/2836 2831/321/2836
f 2639/323/2836 2668/316/2836 2646/317/2836
f 2668/316/2836 2694/324/2836 2667/318/2836
f 2694/324/2836 2666/319/2836 2667/318/2836
f 2695/325/2836 2665/326/2836 2666/319/2836
f 2696/327/2836 2664/328/2836 2665/326/2836
f 2697/329/2836 2663/315/2836 2664/328/2836
f 2680/316/2836 2647/323/2836 2654/317/2836
f 2679/318/2836 2705/330/2836 2680/316/2836
f 2678/319/2836 2706/324/2836 2679/318/2836
f 2677/322/2836 2707/325/2836 2678/319/2836
f 2676/321/2836 2708/327/2836 2677/322/2836
f 2675/313/2836 2709/329/2836 2676/321/2836
f 2855/331/2839 2660/310/2839 2759/310/2839
f 2879/333/2839 2703/334/2839 2867/332/2839
f 2903/336/2839 2701/335/2839 2891/335/2839
f 2662/343/2841 2710/344/2841 2661/314/2841
f 2681/345/2841 2709/346/2841 2710/344/2841
f 2682/347/2841 2708/348/2841 2709/346/2841
f 2683/349/2841 2707/350/2841 2708/348/2841
f 2684/351/2841 2706/352/2841 2707/350/2841
f 2685/353/2841 2705/301/2841 2706/352/2841
f 2698/344/2838 2658/343/2838 2657/314/2838
f 2698/344/2838 2670/347/2838 2669/345/2838
f 2696/348/2838 2670/347/2838 2697/346/2838
f 2695/350/2838 2671/349/2838 2696/348/2838
f 2694/352/2838 2672/351/2838 2695/350/2838
f 2693/301/2838 2673/353/2838 2694/352/2838
f 2914/336/2839 2925/304/2839 2913/336/2839
f 2924/304/2839 2911/336/2839 2912/336/2839
f 2922/304/2839 2909/336/2839 2910/336/2839
f 2920/304/2839 2907/336/2839 2908/336/2839
f 2918/357/2839 2905/358/2839 2906/336/2839
f 2904/358/2839 2915/304/2839 2903/336/2839
f 2688/336/2839 2902/335/2839 2689/335/2839
f 2913/336/2839 2900/335/2839 2901/335/2839
f 2899/335/2839 2910/336/2839 2898/335/2839
f 2909/336/2839 2896/359/2839 2897/359/2839
f 2907/336/2839 2894/359/2839 2895/359/2839
f 2905/358/2839 2892/335/2839 2893/335/2839
f 2902/335/2839 2889/360/2839 2890/360/2839
f 2888/360/2839 2899/335/2839 2887/360/2839
f 2898/335/2839 2885/360/2839 2886/360/2839
f 2896/359/2839 2883/361/2839 2884/361/2839
f 2882/362/2839 2893/335/2839 2881/333/2839
f 2892/335/2839 2879/333/2839 2880/363/2839
f 2690/356/2839 2878/355/2839 2691/355/2839
f 2889/360/2839 2876/355/2839 2877/355/2839
f 2887/360/2839 2874/355/2839 2875/355/2839
f 2885/360/2839 2872/355/2839 2873/355/2839
f 2883/361/2839 2870/334/2839 2871/364/2839
f 2881/333/2839 2868/332/2839 2869/334/2839
f 2878/355/2839 2865/365/2839 2866/354/2839
f 2876/355/2839 2863/354/2839 2864/354/2839
f 2874/355/2839 2861/365/2839 2862/365/2839
f 2872/355/2839 2859/365/2839 2860/365/2839
f 2870/334/2839 2857/331/2839 2858/331/2839
f 2868/332/2839 2855/331/2839 2856/331/2839
f 2692/354/2839 2770/310/2839 2656/310/2839
f 2769/310/2839 2864/354/2839 2768/366/2839
f 2863/354/2839 2766/366/2839 2767/366/2839
f 2861/365/2839 2764/366/2839 2765/366/2839
f 2859/365/2839 2762/366/2839 2763/366/2839
f 2761/366/2839 2856/331/2839 2760/366/2839
f 2663/315/2836 2842/328/2836 2664/328/2836
f 2854/315/2836 2841/367/2836 2842/328/2836
f 2853/368/2836 2840/367/2836 2841/367/2836
f 2852/368/2836 2839/367/2836 2840/367/2836
f 2851/368/2836 2838/367/2836 2839/367/2836
f 2850/369/2836 2837/367/2836 2838/367/2836
f 2849/369/2836 2836/370/2836 2837/367/2836
f 2848/369/2836 2835/370/2836 2836/370/2836
f 2847/369/2836 2834/321/2836 2835/370/2836
f 2846/313/2836 2833/321/2836 2834/321/2836
f 2845/313/2836 2832/321/2836 2833/321/2836
f 2844/313/2836 2831/321/2836 2832/321/2836
f 2664/328/2836 2830/371/2836 2665/326/2836
f 2842/328/2836 2829/371/2836 2830/371/2836
f 2841/367/2836 2828/326/2836 2829/371/2836
f 2840/367/2836 2827/326/2836 2828/326/2836
f 2839/367/2836 2826/326/2836 2827/326/2836
f 2838/367/2836 2825/326/2836 2826/326/2836
f 2837/367/2836 2824/371/2836 2825/326/2836
f 2836/370/2836 2823/371/2836 2824/371/2836
f 2835/370/2836 2822/322/2836 2823/371/2836
f 2834/321/2836 2821/322/2836 2822/322/2836
f 2833/321/2836 2820/320/2836 2821/322/2836
f 2832/321/2836 2819/320/2836 2820/320/2836
f 2665/326/2836 2818/372/2836 2666/319/2836
f 2830/371/2836 2817/372/2836 2818/372/2836
f 2829/371/2836 2816/372/2836 2817/372/2836
f 2828/326/2836 2815/372/2836 2816/372/2836
f 2827/326/2836 2814/372/2836 2815/372/2836
f 2826/326/2836 2813/319/2836 2814/372/2836
f 2825/326/2836 2812/372/2836 2813/319/2836
f 2824/371/2836 2811/372/2836 2812/372/2836
f 2823/371/2836 2810/372/2836 2811/372/2836
f 2822/322/2836 2809/319/2836 2810/372/2836
f 2821/322/2836 2808/319/2836 2809/319/2836
f 2820/320/2836 2807/319/2836 2808/319/2836
f 2666/319/2836 2806/318/2836 2667/318/2836
f 2818/372/2836 2805/318/2836 2806/318/2836
f 2817/372/2836 2804/318/2836 2805/318/2836
f 2816/372/2836 2803/318/2836 2804/318/2836
f 2815/372/2836 2802/318/2836 2803/318/2836
f 2814/372/2836 2801/318/2836 2802/318/2836
f 2813/319/2836 2800/318/2836 2801/318/2836
f 2812/372/2836 2799/318/2836 2800/318/2836
f 2811/372/2836 2798/373/2836 2799/318/2836
f 2810/372/2836 2797/318/2836 2798/373/2836
f 2809/319/2836 2796/318/2836 2797/318/2836
f 2808/319/2836 2795/318/2836 2796/318/2836
f 2667/318/2836 2794/316/2836 2668/316/2836
f 2806/318/2836 2793/316/2836 2794/316/2836
f 2805/318/2836 2792/374/2836 2793/316/2836
f 2804/318/2836 2791/316/2836 2792/374/2836
f 2803/318/2836 2790/316/2836 2791/316/2836
f 2802/318/2836 2789/316/2836 2790/316/2836
f 2801/318/2836 2788/316/2836 2789/316/2836
f 2800/318/2836 2787/316/2836 2788/316/2836
f 2799/318/2836 2786/316/2836 2787/316/2836
f 2798/373/2836 2785/374/2836 2786/316/2836
f 2797/318/2836 2784/316/2836 2785/374/2836
f 2796/318/2836 2783/316/2836 2784/316/2836
f 2668/316/2836 2747/317/2836 2646/317/2836
f 2794/316/2836 2748/317/2836 2747/317/2836
f 2793/316/2836 2749/317/2836 2748/317/2836
f 2792/374/2836 2750/317/2836 2749/317/2836
f 2791/316/2836 2751/317/2836 2750/317/2836
f 2790/316/2836 2752/317/2836 2751/317/2836
f 2789/316/2836 2753/317/2836 2752/317/2836
f 2788/316/2836 2754/317/2836 2753/317/2836
f 2787/316/2836 2755/317/2836 2754/317/2836
f 2786/316/2836 2756/317/2836 2755/317/2836
f 2785/374/2836 2757/317/2836 2756/317/2836
f 2784/316/2836 2758/317/2836 2757/317/2836
f 2655/296/2836 2854/315/2836 2663/315/2836
f 2782/296/2836 2853/368/2836 2854/315/2836
f 2781/296/2836 2852/368/2836 2853/368/2836
f 2780/296/2836 2851/368/2836 2852/368/2836
f 2779/296/2836 2850/369/2836 2851/368/2836
f 2778/296/2836 2849/369/2836 2850/369/2836
f 2777/296/2836 2848/369/2836 2849/369/2836
f 2776/296/2836 2847/369/2836 2848/369/2836
f 2775/296/2836 2846/313/2836 2847/369/2836
f 2774/296/2836 2845/313/2836 2846/313/2836
f 2773/296/2836 2844/313/2836 2845/313/2836
f 2772/375/2836 2843/313/2836 2844/313/2836
f 2656/310/2839 2711/298/2839 2645/298/2839
f 2770/310/2839 2712/298/2839 2711/298/2839
f 2769/310/2839 2713/298/2839 2712/298/2839
f 2768/366/2839 2714/298/2839 2713/298/2839
f 2767/366/2839 2715/298/2839 2714/298/2839
f 2766/366/2839 2716/298/2839 2715/298/2839
f 2765/366/2839 2717/298/2839 2716/298/2839
f 2764/366/2839 2718/298/2839 2717/298/2839
f 2763/366/2839 2719/298/2839 2718/298/2839
f 2762/366/2839 2720/298/2839 2719/298/2839
f 2761/366/2839 2721/298/2839 2720/298/2839
f 2760/366/2839 2722/298/2839 2721/298/2839
f 2642/303/2839 2926/304/2839 2687/304/2839
f 2733/303/2839 2924/304/2839 2925/304/2839
f 2923/304/2839 2730/303/2839 2922/304/2839
f 2729/376/2839 2920/304/2839 2921/304/2839
f 2727/376/2839 2918/357/2839 2919/304/2839
f 2725/303/2839 2916/304/2839 2917/304/2839
f 2641/295/2837 2711/298/2837 2746/295/2837
f 2711/298/2837 2745/295/2837 2746/295/2837
f 2745/295/2837 2713/298/2837 2744/295/2837
f 2744/295/2837 2714/298/2837 2743/295/2837
f 2743/295/2837 2715/298/2837 2742/295/2837
f 2715/298/2837 2741/378/2837 2742/295/2837
f 2716/298/2837 2740/378/2837 2741/378/2837
f 2717/298/2837 2739/295/2837 2740/378/2837
f 2718/298/2837 2738/378/2837 2739/295/2837
f 2719/298/2837 2737/295/2837 2738/378/2837
f 2720/298/2837 2736/295/2837 2737/295/2837
f 2721/298/2837 2735/295/2837 2736/295/2837
f 2650/305/2840 2758/306/2840 2654/306/2840
f 2723/305/2840 2757/306/2840 2758/306/2840
f 2757/306/2840 2725/305/2840 2756/306/2840
f 2756/306/2840 2726/305/2840 2755/306/2840
f 2726/305/2840 2754/379/2840 2755/306/2840
f 2727/305/2840 2753/380/2840 2754/379/2840
f 2728/305/2840 2752/380/2840 2753/380/2840
f 2729/305/2840 2751/379/2840 2752/380/2840
f 2730/305/2840 2750/380/2840 2751/379/2840
f 2731/305/2840 2749/380/2840 2750/380/2840
f 2732/305/2840 2748/306/2840 2749/380/2840
f 2733/305/2840 2747/306/2840 2748/306/2840
f 2641/295/2836 2782/296/2836 2655/296/2836
f 2746/295/2836 2781/296/2836 2782/296/2836
f 2745/295/2836 2780/296/2836 2781/296/2836
f 2744/295/2836 2779/296/2836 2780/296/2836
f 2743/295/2836 2778/296/2836 2779/296/2836
f 2742/295/2836 2777/296/2836 2778/296/2836
f 2741/378/2836 2776/296/2836 2777/296/2836
f 2740/378/2836 2775/296/2836 2776/296/2836
f 2739/295/2836 2774/296/2836 2775/296/2836
f 2738/378/2836 2773/296/2836 2774/296/2836
f 2737/295/2836 2772/375/2836 2773/296/2836
f 2736/295/2836 2771/296/2836 2772/375/2836
f 2735/295/2836 2649/295/2836 2659/296/2836
f 2643/297/2837 2644/311/2837 2645/298/2837
f 2639/299/2838 2640/381/2838 2674/300/2838
f 2655/296/2836 2657/309/2836 2643/297/2836
f 2734/305/2840 2642/305/2840 2646/306/2840
f 2646/306/2840 2642/305/2840 2640/307/2840
f 2722/298/2837 2653/298/2837 2649/295/2837
f 2653/298/2837 2652/311/2837 2651/297/2837
f 2686/300/2841 2648/381/2841 2647/299/2841
f 2649/295/2836 2651/297/2836 2661/309/2836
f 2648/307/2840 2650/305/2840 2654/306/2840
f 2723/303/2839 2650/303/2839 2699/304/2839
f 2759/310/2839 2660/310/2839 2653/298/2839
f 2659/296/2836 2661/309/2836 2710/312/2836
f 2652/311/2841 2662/343/2841 2661/314/2841
f 2698/312/2836 2657/309/2836 2655/296/2836
f 2657/314/2838 2658/343/2838 2644/311/2838
f 2771/296/2836 2659/296/2836 2675/313/2836
f 2783/316/2836 2680/316/2836 2654/317/2836
f 2795/318/2836 2679/318/2836 2680/316/2836
f 2807/319/2836 2678/319/2836 2679/318/2836
f 2819/320/2836 2677/322/2836 2678/319/2836
f 2831/321/2836 2676/321/2836 2677/322/2836
f 2843/313/2836 2675/313/2836 2676/321/2836
f 2639/323/2836 2693/330/2836 2668/316/2836
f 2668/316/2836 2693/330/2836 2694/324/2836
f 2694/324/2836 2695/325/2836 2666/319/2836
f 2695/325/2836 2696/327/2836 2665/326/2836
f 2696/327/2836 2697/329/2836 2664/328/2836
f 2697/329/2836 2698/312/2836 2663/315/2836
f 2680/316/2836 2705/330/2836 2647/323/2836
f 2679/318/2836 2706/324/2836 2705/330/2836
f 2678/319/2836 2707/325/2836 2706/324/2836
f 2677/322/2836 2708/327/2836 2707/325/2836
f 2676/321/2836 2709/329/2836 2708/327/2836
f 2675/313/2836 2710/312/2836 2709/329/2836
f 2855/331/2839 2704/331/2839 2660/310/2839
f 2879/333/2839 2702/333/2839 2703/334/2839
f 2903/336/2839 2700/336/2839 2701/335/2839
f 2662/343/2841 2681/345/2841 2710/344/2841
f 2681/345/2841 2682/347/2841 2709/346/2841
f 2682/347/2841 2683/349/2841 2708/348/2841
f 2683/349/2841 2684/351/2841 2707/350/2841
f 2684/351/2841 2685/353/2841 2706/352/2841
f 2685/353/2841 2686/300/2841 2705/301/2841
f 2698/344/2838 2669/345/2838 2658/343/2838
f 2698/344/2838 2697/346/2838 2670/347/2838
f 2696/348/2838 2671/349/2838 2670/347/2838
f 2695/350/2838 2672/351/2838 2671/349/2838
f 2694/352/2838 2673/353/2838 2672/351/2838
f 2693/301/2838 2674/300/2838 2673/353/2838
f 2914/336/2839 2926/304/2839 2925/304/2839
f 2924/304/2839 2923/304/2839 2911/336/2839
f 2922/304/2839 2921/304/2839 2909/336/2839
f 2920/304/2839 2919/304/2839 2907/336/2839
f 2918/357/2839 2917/304/2839 2905/358/2839
f 2904/358/2839 2916/304/2839 2915/304/2839
f 2688/336/2839 2914/336/2839 2902/335/2839
f 2913/336/2839 2912/336/2839 2900/335/2839
f 2899/335/2839 2911/336/2839 2910/336/2839
f 2909/336/2839 2908/336/2839 2896/359/2839
f 2907/336/2839 2906/336/2839 2894/359/2839
f 2905/358/2839 2904/358/2839 2892/335/2839
f 2902/335/2839 2901/335/2839 2889/360/2839
f 2888/360/2839 2900/335/2839 2899/335/2839
f 2898/335/2839 2897/359/2839 2885/360/2839
f 2896/359/2839 2895/359/2839 2883/361/2839
f 2882/362/2839 2894/359/2839 2893/335/2839
f 2892/335/2839 2891/335/2839 2879/333/2839
f 2690/356/2839 2890/360/2839 2878/355/2839
f 2889/360/2839 2888/360/2839 2876/355/2839
f 2887/360/2839 2886/360/2839 2874/355/2839
f 2885/360/2839 2884/361/2839 2872/355/2839
f 2883/361/2839 2882/362/2839 2870/334/2839
f 2881/333/2839 2880/363/2839 2868/332/2839
f 2878/355/2839 2877/355/2839 2865/365/2839
f 2876/355/2839 2875/355/2839 2863/354/2839
f 2874/355/2839 2873/355/2839 2861/365/2839
f 2872/355/2839 2871/364/2839 2859/365/2839
f 2870/334/2839 2869/334/2839 2857/331/2839
f 2868/332/2839 2867/332/2839 2855/331/2839
f 2692/354/2839 2866/354/2839 2770/310/2839
f 2769/310/2839 2865/365/2839 2864/354/2839
f 2863/354/2839 2862/365/2839 2766/366/2839
f 2861/365/2839 2860/365/2839 2764/366/2839
f 2859/365/2839 2858/331/2839 2762/366/2839
f 2761/366/2839 2857/331/2839 2856/331/2839
f 2663/315/2836 2854/315/2836 2842/328/2836
f 2854/315/2836 2853/368/2836 2841/367/2836
f 2853/368/2836 2852/368/2836 2840/367/2836
f 2852/368/2836 2851/368/2836 2839/367/2836
f 2851/368/2836 2850/369/2836 2838/367/2836
f 2850/369/2836 2849/369/2836 2837/367/2836
f 2849/369/2836 2848/369/2836 2836/370/2836
f 2848/369/2836 2847/369/2836 2835/370/2836
f 2847/369/2836 2846/313/2836 2834/321/2836
f 2846/313/2836 2845/313/2836 2833/321/2836
f 2845/313/2836 2844/313/2836 2832/321/2836
f 2844/313/2836 2843/313/2836 2831/321/2836
f 2664/328/2836 2842/328/2836 2830/371/2836
f 2842/328/2836 2841/367/2836 2829/371/2836
f 2841/367/2836 2840/367/2836 2828/326/2836
f 2840/367/2836 2839/367/2836 2827/326/2836
f 2839/367/2836 2838/367/2836 2826/326/2836
f 2838/367/2836 2837/367/2836 2825/326/2836
f 2837/367/2836 2836/370/2836 2824/371/2836
f 2836/370/2836 2835/370/2836 2823/371/2836
f 2835/370/2836 2834/321/2836 2822/322/2836
f 2834/321/2836 2833/321/2836 2821/322/2836
f 2833/321/2836 2832/321/2836 2820/320/2836
f 2832/321/2836 2831/321/2836 2819/320/2836
f 2665/326/2836 2830/371/2836 2818/372/2836
f 2830/371/2836 2829/371/2836 2817/372/2836
f 2829/371/2836 2828/326/2836 2816/372/2836
f 2828/326/2836 2827/326/2836 2815/372/2836
f 2827/326/2836 2826/326/2836 2814/372/2836
f 2826/326/2836 2825/326/2836 2813/319/2836
f 2825/326/2836 2824/371/2836 2812/372/2836
f 2824/371/2836 2823/371/2836 2811/372/2836
f 2823/371/2836 2822/322/2836 2810/372/2836
f 2822/322/2836 2821/322/2836 2809/319/2836
f 2821/322/2836 2820/320/2836 2808/319/2836
f 2820/320/2836 2819/320/2836 2807/319/2836
f 2666/319/2836 2818/372/2836 2806/318/2836
f 2818/372/2836 2817/372/2836 2805/318/2836
f 2817/372/2836 2816/372/2836 2804/318/2836
f 2816/372/2836 2815/372/2836 2803/318/2836
f 2815/372/2836 2814/372/2836 2802/318/2836
f 2814/372/2836 2813/319/2836 2801/318/2836
f 2813/319/2836 2812/372/2836 2800/318/2836
f 2812/372/2836 2811/372/2836 2799/318/2836
f 2811/372/2836 2810/372/2836 2798/373/2836
f 2810/372/2836 2809/319/2836 2797/318/2836
f 2809/319/2836 2808/319/2836 2796/318/2836
f 2808/319/2836 2807/319/2836 2795/318/2836
f 2667/318/2836 2806/318/2836 2794/316/2836
f 2806/318/2836 2805/318/2836 2793/316/2836
f 2805/318/2836 2804/318/2836 2792/374/2836
f 2804/318/2836 2803/318/2836 2791/316/2836
f 2803/318/2836 2802/318/2836 2790/316/2836
f 2802/318/2836 2801/318/2836 2789/316/2836
f 2801/318/2836 2800/318/2836 2788/316/2836
f 2800/318/2836 2799/318/2836 2787/316/2836
f 2799/318/2836 2798/373/2836 2786/316/2836
f 2798/373/2836 2797/318/2836 2785/374/2836
f 2797/318/2836 2796/318/2836 2784/316/2836
f 2796/318/2836 2795/318/2836 2783/316/2836
f 2668/316/2836 2794/316/2836 2747/317/2836
f 2794/316/2836 2793/316/2836 2748/317/2836
f 2793/316/2836 2792/374/2836 2749/317/2836
f 2792/374/2836 2791/316/2836 2750/317/2836
f 2791/316/2836 2790/316/2836 2751/317/2836
f 2790/316/2836 2789/316/2836 2752/317/2836
f 2789/316/2836 2788/316/2836 2753/317/2836
f 2788/316/2836 2787/316/2836 2754/317/2836
f 2787/316/2836 2786/316/2836 2755/317/2836
f 2786/316/2836 2785/374/2836 2756/317/2836
f 2785/374/2836 2784/316/2836 2757/317/2836
f 2784/316/2836 2783/316/2836 2758/317/2836
f 2655/296/2836 2782/296/2836 2854/315/2836
f 2782/296/2836 2781/296/2836 2853/368/2836
f 2781/296/2836 2780/296/2836 2852/368/2836
f 2780/296/2836 2779/296/2836 2851/368/2836
f 2779/296/2836 2778/296/2836 2850/369/2836
f 2778/296/2836 2777/296/2836 2849/369/2836
f 2777/296/2836 2776/296/2836 2848/369/2836
f 2776/296/2836 2775/296/2836 2847/369/2836
f 2775/296/2836 2774/296/2836 2846/313/2836
f 2774/296/2836 2773/296/2836 2845/313/2836
f 2773/296/2836 2772/375/2836 2844/313/2836
f 2772/375/2836 2771/296/2836 2843/313/2836
f 2656/310/2839 2770/310/2839 2711/298/2839
f 2770/310/2839 2769/310/2839 2712/298/2839
f 2769/310/2839 2768/366/2839 2713/298/2839
f 2768/366/2839 2767/366/2839 2714/298/2839
f 2767/366/2839 2766/366/2839 2715/298/2839
f 2766/366/2839 2765/366/2839 2716/298/2839
f 2765/366/2839 2764/366/2839 2717/298/2839
f 2764/366/2839 2763/366/2839 2718/298/2839
f 2763/366/2839 2762/366/2839 2719/298/2839
f 2762/366/2839 2761/366/2839 2720/298/2839
f 2761/366/2839 2760/366/2839 2721/298/2839
f 2760/366/2839 2759/310/2839 2722/298/2839
f 2642/303/2839 2734/303/2839 2926/304/2839
f 2733/303/2839 2732/303/2839 2924/304/2839
f 2923/304/2839 2731/303/2839 2730/303/2839
f 2729/376/2839 2728/376/2839 2920/304/2839
f 2727/376/2839 2726/376/2839 2918/357/2839
f 2725/303/2839 2724/377/2839 2916/304/2839
f 2641/295/2837 2645/298/2837 2711/298/2837
f 2711/298/2837 2712/298/2837 2745/295/2837
f 2745/295/2837 2712/298/2837 2713/298/2837
f 2744/295/2837 2713/298/2837 2714/298/2837
f 2743/295/2837 2714/298/2837 2715/298/2837
f 2715/298/2837 2716/298/2837 2741/378/2837
f 2716/298/2837 2717/298/2837 2740/378/2837
f 2717/298/2837 2718/298/2837 2739/295/2837
f 2718/298/2837 2719/298/2837 2738/378/2837
f 2719/298/2837 2720/298/2837 2737/295/2837
f 2720/298/2837 2721/298/2837 2736/295/2837
f 2721/298/2837 2722/298/2837 2735/295/2837
f 2650/305/2840 2723/305/2840 2758/306/2840
f 2723/305/2840 2724/305/2840 2757/306/2840
f 2757/306/2840 2724/305/2840 2725/305/2840
f 2756/306/2840 2725/305/2840 2726/305/2840
f 2726/305/2840 2727/305/2840 2754/379/2840
f 2727/305/2840 2728/305/2840 2753/380/2840
f 2728/305/2840 2729/305/2840 2752/380/2840
f 2729/305/2840 2730/305/2840 2751/379/2840
f 2730/305/2840 2731/305/2840 2750/380/2840
f 2731/305/2840 2732/305/2840 2749/380/2840
f 2732/305/2840 2733/305/2840 2748/306/2840
f 2733/305/2840 2734/305/2840 2747/306/2840
f 2641/295/2836 2746/295/2836 2782/296/2836
f 2746/295/2836 2745/295/2836 2781/296/2836
f 2745/295/2836 2744/295/2836 2780/296/2836
f 2744/295/2836 2743/295/2836 2779/296/2836
f 2743/295/2836 2742/295/2836 2778/296/2836
f 2742/295/2836 2741/378/2836 2777/296/2836
f 2741/378/2836 2740/378/2836 2776/296/2836
f 2740/378/2836 2739/295/2836 2775/296/2836
f 2739/295/2836 2738/378/2836 2774/296/2836
f 2738/378/2836 2737/295/2836 2773/296/2836
f 2737/295/2836 2736/295/2836 2772/375/2836
f 2736/295/2836 2735/295/2836 2771/296/2836
usemtl Material.002
f 2674/302/2839 2642/303/2839 2687/304/2839
f 2650/303/2839 2686/302/2839 2699/304/2839
f 2660/310/2839 2652/311/2839 2653/298/2839
f 2644/311/2839 2656/310/2839 2645/298/2839
f 2704/331/2839 2662/337/2839 2660/310/2839
f 2703/334/2839 2681/338/2839 2704/331/2839
f 2702/333/2839 2682/339/2839 2703/334/2839
f 2701/335/2839 2683/340/2839 2702/333/2839
f 2700/336/2839 2684/341/2839 2701/335/2839
f 2700/336/2839 2686/302/2839 2685/342/2839
f 2658/337/2839 2692/354/2839 2656/310/2839
f 2669/338/2839 2691/355/2839 2692/354/2839
f 2670/339/2839 2690/356/2839 2691/355/2839
f 2671/340/2839 2689/335/2839 2690/356/2839
f 2672/341/2839 2688/336/2839 2689/335/2839
f 2673/342/2839 2687/304/2839 2688/336/2839
f 2674/302/2839 2640/382/2839 2642/303/2839
f 2650/303/2839 2648/382/2839 2686/302/2839
f 2660/310/2839 2662/337/2839 2652/311/2839
f 2644/311/2839 2658/337/2839 2656/310/2839
f 2704/331/2839 2681/338/2839 2662/337/2839
f 2703/334/2839 2682/339/2839 2681/338/2839
f 2702/333/2839 2683/340/2839 2682/339/2839
f 2701/335/2839 2684/341/2839 2683/340/2839
f 2700/336/2839 2685/342/2839 2684/341/2839
f 2700/336/2839 2699/304/2839 2686/302/2839
f 2658/337/2839 2669/338/2839 2692/354/2839
f 2669/338/2839 2670/339/2839 2691/355/2839
f 2670/339/2839 2671/340/2839 2690/356/2839
f 2671/340/2839 2672/341/2839 2689/335/2839
f 2672/341/2839 2673/342/2839 2688/336/2839
f 2673/342/2839 2674/302/2839 2687/304/2839
usemtl Material.006
f 2867/332/2839 2704/331/2839 2855/331/2839
f 2891/335/2839 2702/333/2839 2879/333/2839
f 2903/336/2839 2699/304/2839 2700/336/2839
f 2688/336/2839 2926/304/2839 2914/336/2839
f 2925/304/2839 2912/336/2839 2913/336/2839
f 2923/304/2839 2910/336/2839 2911/336/2839
f 2921/304/2839 2908/336/2839 2909/336/2839
f 2919/304/2839 2906/336/2839 2907/336/2839
f 2917/304/2839 2904/358/2839 2905/358/2839
f 2914/336/2839 2901/335/2839 2902/335/2839
f 2912/336/2839 2899/335/2839 2900/335/2839
f 2898/335/2839 2909/336/2839 2897/359/2839
f 2908/336/2839 2895/359/2839 2896/359/2839
f 2906/336/2839 2893/335/2839 2894/359/2839
f 2904/358/2839 2891/335/2839 2892/335/2839
f 2689/335/2839 2890/360/2839 2690/356/2839
f 2901/335/2839 2888/360/2839 2889/360/2839
f 2887/360/2839 2898/335/2839 2886/360/2839
f 2885/360/2839 2896/359/2839 2884/361/2839
f 2883/361/2839 2894/359/2839 2882/362/2839
f 2893/335/2839 2880/363/2839 2881/333/2839
f 2890/360/2839 2877/355/2839 2878/355/2839
f 2888/360/2839 2875/355/2839 2876/355/2839
f 2886/360/2839 2873/355/2839 2874/355/2839
f 2872/355/2839 2883/361/2839 2871/364/2839
f 2882/362/2839 2869/334/2839 2870/334/2839
f 2880/363/2839 2867/332/2839 2868/332/2839
f 2691/355/2839 2866/354/2839 2692/354/2839
f 2877/355/2839 2864/354/2839 2865/365/2839
f 2875/355/2839 2862/365/2839 2863/354/2839
f 2873/355/2839 2860/365/2839 2861/365/2839
f 2871/364/2839 2858/331/2839 2859/365/2839
f 2869/334/2839 2856/331/2839 2857/331/2839
f 2866/354/2839 2769/310/2839 2770/310/2839
f 2768/366/2839 2863/354/2839 2767/366/2839
f 2862/365/2839 2765/366/2839 2766/366/2839
f 2860/365/2839 2763/366/2839 2764/366/2839
f 2762/366/2839 2857/331/2839 2761/366/2839
f 2856/331/2839 2759/310/2839 2760/366/2839
f 2734/303/2839 2925/304/2839 2926/304/2839
f 2732/303/2839 2923/304/2839 2924/304/2839
f 2730/303/2839 2921/304/2839 2922/304/2839
f 2728/376/2839 2919/304/2839 2920/304/2839
f 2726/376/2839 2917/304/2839 2918/357/2839
f 2724/377/2839 2915/304/2839 2916/304/2839
f 2867/332/2839 2703/334/2839 2704/331/2839
f 2891/335/2839 2701/335/2839 2702/333/2839
f 2903/336/2839 2915/304/2839 2699/304/2839
f 2688/336/2839 2687/304/2839 2926/304/2839
f 2925/304/2839 2924/304/2839 2912/336/2839
f 2923/304/2839 2922/304/2839 2910/336/2839
f 2921/304/2839 2920/304/2839 2908/336/2839
f 2919/304/2839 2918/357/2839 2906/336/2839
f 2917/304/2839 2916/304/2839 2904/358/2839
f 2914/336/2839 2913/336/2839 2901/335/2839
f 2912/336/2839 2911/336/2839 2899/335/2839
f 2898/335/2839 2910/336/2839 2909/336/2839
f 2908/336/2839 2907/336/2839 2895/359/2839
f 2906/336/2839 2905/358/2839 2893/335/2839
f 2904/358/2839 2903/336/2839 2891/335/2839
f 2689/335/2839 2902/335/2839 2890/360/2839
f 2901/335/2839 2900/335/2839 2888/360/2839
f 2887/360/2839 2899/335/2839 2898/335/2839
f 2885/360/2839 2897/359/2839 2896/359/2839
f 2883/361/2839 2895/359/2839 2894/359/2839
f 2893/335/2839 2892/335/2839 2880/363/2839
f 2890/360/2839 2889/360/2839 2877/355/2839
f 2888/360/2839 2887/360/2839 2875/355/2839
f 2886/360/2839 2885/360/2839 2873/355/2839
f 2872/355/2839 2884/361/2839 2883/361/2839
f 2882/362/2839 2881/333/2839 2869/334/2839
f 2880/363/2839 2879/333/2839 2867/332/2839
f 2691/355/2839 2878/355/2839 2866/354/2839
f 2877/355/2839 2876/355/2839 2864/354/2839
f 2875/355/2839 2874/355/2839 2862/365/2839
f 2873/355/2839 2872/355/2839 2860/365/2839
f 2871/364/2839 2870/334/2839 2858/331/2839
f 2869/334/2839 2868/332/2839 2856/331/2839
f 2866/354/2839 2865/365/2839 2769/310/2839
f 2768/366/2839 2864/354/2839 2863/354/2839
f 2862/365/2839 2861/365/2839 2765/366/2839
f 2860/365/2839 2859/365/2839 2763/366/2839
f 2762/366/2839 2858/331/2839 2857/331/2839
f 2856/331/2839 2855/331/2839 2759/310/2839
f 2734/303/2839 2733/303/2839 2925/304/2839
f 2732/303/2839 2731/303/2839 2923/304/2839
f 2730/303/2839 2729/376/2839 2921/304/2839
f 2728/376/2839 2727/376/2839 2919/304/2839
f 2726/376/2839 2725/303/2839 2917/304/2839
f 2724/377/2839 2723/303/2839 2915/304/2839
o Cube.021
v 8.309019 29.662964 1.863247
v 8.309019 29.662964 2.065775
v 7.676847 8.307707 1.863249
v 7.676850 29.662964 2.065775
v 8.309017 8.307707 1.863249
v 8.309017 8.307707 2.065776
v 7.676847 8.307707 2.065776
v 7.676850 29.662964 1.863247
v -5.828571 29.662966 1.863247
v -5.828571 29.662966 2.065774
v -5.196404 8.307710 1.863248
v -5.196402 29.662966 2.065774
v -5.828573 8.307710 1.863248
v -5.828573 8.307710 2.065776
v -5.196404 8.307710 2.065776
v -5.196402 29.662966 1.863247
vn -0.0000 -0.0000 -1.0000
vn -0.0000 -1.0000 -0.0000
vn 1.0000 -0.0000 -0.0000
vn -0.0000 -0.0000 1.0000
vn -0.0000 1.0000 -0.0000
vn -1.0000 -0.0000 -0.0000
vt 0.375000 0.738821
vt 0.125000 0.738821
vt 0.375000 0.750000
vt 0.625000 0.738821
vt 0.375000 1.000000
vt 0.625000 0.750000
vt 0.125000 0.750000
vt 0.875000 0.738821
vt 0.625000 0.011179
vt 0.375000 0.011179
vt 0.625000 0.000000
vt 0.375000 0.000000
vt 0.625000 1.000000
vt 0.875000 0.750000
s 1
usemtl Material.001
f 2929/383/2842 2942/384/2842 2934/384/2842
f 2931/385/2843 2933/386/2843 2929/383/2843
f 2927/387/2844 2932/388/2844 2931/385/2844
f 2927/389/2842 2929/383/2842 2934/384/2842
f 2938/391/2846 2934/392/2846 2942/392/2846
f 2934/392/2846 2928/393/2846 2927/394/2846
f 2933/386/2843 2937/383/2843 2929/383/2843
f 2941/386/2843 2939/385/2843 2937/383/2843
f 2940/388/2847 2935/387/2847 2939/385/2847
f 2942/384/2842 2939/385/2842 2935/389/2842
f 2936/393/2846 2942/392/2846 2935/394/2846
f 2930/390/2845 2941/386/2845 2933/386/2845
f 2929/383/2842 2937/383/2842 2942/384/2842
f 2931/385/2843 2932/388/2843 2933/386/2843
f 2927/387/2844 2928/395/2844 2932/388/2844
f 2927/389/2842 2931/385/2842 2929/383/2842
f 2938/391/2846 2930/391/2846 2934/392/2846
f 2934/392/2846 2930/391/2846 2928/393/2846
f 2933/386/2843 2941/386/2843 2937/383/2843
f 2941/386/2843 2940/388/2843 2939/385/2843
f 2940/388/2847 2936/395/2847 2935/387/2847
f 2942/384/2842 2937/383/2842 2939/385/2842
f 2936/393/2846 2938/391/2846 2942/392/2846
f 2930/390/2845 2938/390/2845 2941/386/2845
usemtl Material.002
f 2932/388/2845 2930/390/2845 2933/386/2845
f 2938/390/2845 2940/388/2845 2941/386/2845
f 2932/388/2845 2928/396/2845 2930/390/2845
f 2938/390/2845 2936/396/2845 2940/388/2845
o Cube.022
v -14.685489 -44.662712 1.967210
v -14.685428 -44.662594 2.170557
v -14.687148 -44.036503 2.066080
v -14.687153 -44.036514 1.863460
v -14.687152 -30.531096 2.047278
v -14.687152 -30.531096 2.249805
v -14.687152 -31.163265 2.073241
v -14.687152 -31.163265 1.870713
v -12.196186 -44.500572 1.967209
v -12.196125 -44.500454 2.170557
v -12.280283 -43.879776 2.065777
v -12.280283 -43.879776 1.863249
v -14.041365 -30.489668 2.016788
v -14.041365 -30.489668 2.219316
v -13.958930 -31.116440 2.066839
v -13.958930 -31.116440 1.864311
v -9.749283 -44.015217 1.967209
v -9.749222 -44.015099 2.170557
v -9.914404 -43.410522 2.065777
v -9.914404 -43.410522 1.863249
v -13.406492 -30.364386 1.987716
v -13.406492 -30.364386 2.190244
v -13.243034 -30.975056 2.065774
v -13.243034 -30.975056 1.863246
v -7.386559 -43.214935 1.967209
v -7.386497 -43.214817 2.170557
v -7.629915 -42.636768 2.065777
v -7.629915 -42.636768 1.863249
v -12.793379 -30.157387 1.976060
v -12.793379 -30.157387 2.178588
v -12.551684 -30.741528 2.065774
v -12.551684 -30.741528 1.863246
v -5.148367 -42.113392 1.967208
v -5.148306 -42.113274 2.170556
v -5.465828 -41.571732 2.065776
v -5.465828 -41.571732 1.863249
v -12.212492 -29.872206 1.976060
v -12.212492 -29.872206 2.178588
v -11.896690 -30.419844 2.065774
v -11.896690 -30.419844 1.863246
v -3.072925 -40.729397 1.967209
v -3.072864 -40.729279 2.170556
v -3.459099 -40.233589 2.065776
v -3.459099 -40.233589 1.863248
v -11.673752 -29.513714 1.976060
v -11.673752 -29.513714 2.178588
v -11.289236 -30.015495 2.065774
v -11.289236 -30.015495 1.863246
v -1.195671 -39.086586 1.967208
v -1.195608 -39.086468 2.170556
v -1.643993 -38.645203 2.065776
v -1.643993 -38.645203 1.863248
v -11.186359 -29.088032 1.976060
v -11.186359 -29.088032 2.178588
v -10.739697 -29.535389 2.065773
v -10.739697 -29.535389 1.863246
v 0.451334 -37.213009 1.967208
v 0.451397 -37.212891 2.170555
v -0.051508 -36.833691 2.065775
v -0.051508 -36.833691 1.863248
v -10.758636 -28.602428 1.976060
v -10.758636 -28.602428 2.178587
v -10.257452 -28.987722 2.065773
v -10.257452 -28.987722 1.863246
v 1.839966 -35.140667 1.967207
v 1.840029 -35.140549 2.170555
v 1.291157 -34.829990 2.065775
v 1.291157 -34.829990 1.863247
v -10.397886 -28.065199 1.976060
v -10.397886 -28.065199 2.178587
v -9.850740 -28.381847 2.065773
v -9.850740 -28.381847 1.863246
v 2.946511 -32.904942 1.967206
v 2.946570 -32.904823 2.170554
v 2.361084 -32.668320 2.065774
v 2.361084 -32.668320 1.863247
v -10.110270 -27.485514 1.988863
v -10.110270 -27.485514 2.191391
v -9.526505 -27.728113 2.065773
v -9.526505 -27.728113 1.863245
v 3.752075 -30.544016 1.967206
v 3.752138 -30.543898 2.170554
v 3.139996 -30.385584 2.065774
v 3.139996 -30.385584 1.863246
v -9.900700 -26.873274 2.018012
v -9.900700 -26.873274 2.220540
v -9.290283 -27.037680 2.066978
v -9.290283 -27.037680 1.864450
v 4.242899 -28.098204 1.967205
v 4.242960 -28.098085 2.170553
v 3.614599 -28.020746 2.066165
v 3.614592 -28.020763 1.863519
v -9.772753 -26.238935 2.048537
v -9.772753 -26.238935 2.251065
v -9.146112 -26.322340 2.073632
v -9.146112 -26.322340 1.871105
v 4.410604 -25.609274 1.967204
v 4.410666 -25.609156 2.170552
v 3.776814 -25.614141 2.067784
v 3.776789 -25.614183 1.864967
v -9.728617 -25.593327 2.079346
v -9.728617 -25.593327 2.281873
v -9.096451 -25.594305 2.086586
v -9.096451 -25.594305 1.884058
v 3.776789 -25.614183 1.864967
v 4.410604 -25.609274 1.967204
v -21.501736 -44.036518 1.863249
v -21.501734 -44.036518 2.065777
v -9.096451 -25.594305 1.884058
v -9.728617 -25.593327 2.079346
v -9.728617 -25.593327 2.281873
v -9.096451 -25.594305 2.086586
v 3.784422 -20.683546 1.863244
v 4.416590 -20.684528 1.863244
v 4.416590 -20.684528 2.065772
v 3.784422 -20.683546 2.065772
v -9.088802 -20.663584 1.863244
v -9.720970 -20.662603 1.863244
v -9.720970 -20.662603 2.065772
v -9.088802 -20.663584 2.065772
v -21.501734 -44.668686 1.863250
v -21.501736 -44.668686 2.065777
v -21.501736 -31.163265 1.863246
v -21.501734 -31.163265 2.065774
v -21.501734 -30.531096 1.863246
v -21.501736 -30.531096 2.065774
v -14.685489 -44.662712 1.967210
v -14.685428 -44.662594 2.170557
v -12.196186 -44.500572 1.967209
v -12.196125 -44.500454 2.170557
v -12.196186 -44.500572 1.967209
v -12.196125 -44.500454 2.170557
v -9.749283 -44.015217 1.967209
v -9.749222 -44.015099 2.170557
v -7.386559 -43.214935 1.967209
v -7.386497 -43.214817 2.170557
v -5.148367 -42.113392 1.967208
v -5.148306 -42.113274 2.170556
v -3.072925 -40.729397 1.967209
v -3.072864 -40.729279 2.170556
v -1.195671 -39.086586 1.967208
v -1.195608 -39.086468 2.170556
v 0.451334 -37.213009 1.967208
v 0.451397 -37.212891 2.170555
v 1.839966 -35.140667 1.967207
v 1.840029 -35.140549 2.170555
v 2.946511 -32.904942 1.967206
v 2.946570 -32.904823 2.170554
v 3.752075 -30.544016 1.967206
v 3.752138 -30.543898 2.170554
v 4.242899 -28.098204 1.967205
v 4.242960 -28.098085 2.170553
v 4.410666 -25.609156 2.170552
v 4.410604 -25.609274 1.967204
v -14.685489 -44.662712 1.967210
v -14.685428 -44.662594 2.170557
v -12.196186 -44.500572 1.967209
v -12.196125 -44.500454 2.170557
v -14.685489 -44.662712 1.967210
v -14.685428 -44.662594 2.170557
v -12.196186 -44.500572 1.967209
v -12.196125 -44.500454 2.170557
v -14.685489 -44.662712 1.967210
v -14.685428 -44.662594 2.170557
v -12.196186 -44.500572 1.967209
v -12.196125 -44.500454 2.170557
v -10.901299 -45.988281 1.966894
v -10.901237 -45.988159 2.170238
v -8.454393 -45.502926 1.966894
v -8.454332 -45.502808 2.170238
v -6.091673 -44.702641 1.966893
v -6.091608 -44.702522 2.170238
v -3.853475 -43.601097 1.966893
v -3.853418 -43.600979 2.170238
v -1.778032 -42.217102 1.966892
v -1.777971 -42.216988 2.170237
v 0.099219 -40.574291 1.966892
v 0.099280 -40.574173 2.170237
v 1.746226 -38.700718 1.966892
v 1.746287 -38.700600 2.170237
v 3.134856 -36.628372 1.966891
v 3.134920 -36.628254 2.170236
v 4.241404 -34.392651 1.966890
v 4.241465 -34.392532 2.170235
v 5.046965 -32.031723 1.966890
v 5.047029 -32.031605 2.170235
v 5.537794 -29.585913 1.966889
v 5.537851 -29.585794 2.170234
v 5.705557 -27.096863 2.170234
v 5.705496 -27.096979 1.966889
v -13.390600 -46.150417 1.966894
v -13.390539 -46.150299 2.170238
v -10.901299 -45.988281 1.966894
v -10.901237 -45.988159 2.170238
v 1.425259 -38.319202 2.129723
v 1.102951 -37.942326 2.214248
v 0.777807 -37.575356 2.129826
v -0.869196 -39.448933 2.129826
v -0.544056 -39.815899 2.214248
v -0.221746 -40.192780 2.129723
v 5.384531 -26.715467 2.332247
v 5.062220 -26.338591 2.416773
v 4.737082 -25.971621 2.332351
v 4.737082 -25.971621 2.129823
v 5.062220 -26.338591 2.214245
v 5.384531 -26.715467 2.129720
v -6.412636 -44.321129 2.129725
v -6.734941 -43.944252 2.214249
v -7.060085 -43.577282 2.129827
v -9.422806 -44.377563 2.129827
v -9.097664 -44.744534 2.214250
v -8.775362 -45.121410 2.129725
v 1.425259 -38.319202 2.332250
v 1.102951 -37.942326 2.416776
v 0.777807 -37.575356 2.332354
v 2.166441 -35.503014 2.332353
v 2.491583 -35.869980 2.416775
v 2.813893 -36.246861 2.332250
v 4.726000 -31.650209 2.332249
v 4.403692 -31.273331 2.416774
v 4.078547 -30.906364 2.332352
v 4.569376 -28.460552 2.332352
v 4.894518 -28.827520 2.416774
v 5.216829 -29.204399 2.332248
v -7.060085 -43.577282 2.332355
v -6.734941 -43.944252 2.416777
v -6.412636 -44.321129 2.332252
v -8.775362 -45.121410 2.332253
v -9.097666 -44.744534 2.416777
v -9.422808 -44.377563 2.332355
v 4.569376 -28.460552 2.129824
v 4.894518 -28.827520 2.214246
v 5.216829 -29.204399 2.129720
v -0.221746 -40.192780 2.332251
v -0.544056 -39.815899 2.416776
v -0.869196 -39.448933 2.332354
v -4.174440 -43.219585 2.129724
v -4.496750 -42.842705 2.214249
v -4.821892 -42.475739 2.129827
v -4.821892 -42.475739 2.332355
v -4.496750 -42.842705 2.416777
v -4.174440 -43.219585 2.332252
v 3.272986 -33.267288 2.129825
v 3.598128 -33.634258 2.214247
v 3.920435 -34.011135 2.129722
v 4.726000 -31.650209 2.129721
v 4.403692 -31.273331 2.214246
v 4.078547 -30.906364 2.129824
v 3.272986 -33.267288 2.332353
v 3.598128 -33.634258 2.416775
v 3.920435 -34.011135 2.332250
v -2.746450 -41.091743 2.129827
v -2.421306 -41.458710 2.214249
v -2.098999 -41.835590 2.129723
v 2.166441 -35.503014 2.129826
v 2.491583 -35.869980 2.214247
v 2.813893 -36.246861 2.129722
v -2.746450 -41.091743 2.332355
v -2.421306 -41.458710 2.416776
v -2.098999 -41.835590 2.332251
v -11.869712 -44.862919 2.332355
v -11.544571 -45.229889 2.416777
v -11.222263 -45.606766 2.332253
v -11.222263 -45.606766 2.129725
v -11.544571 -45.229889 2.214250
v -11.869712 -44.862919 2.129828
v -14.359014 -45.025059 2.332355
v -14.033871 -45.392025 2.416777
v -13.711566 -45.768906 2.332253
v -13.711566 -45.768906 2.129725
v -14.033872 -45.392025 2.214250
v -14.359015 -45.025059 2.129828
v -11.869712 -44.862919 2.129828
v -11.544571 -45.229889 2.214250
v -11.222263 -45.606766 2.129725
v -11.222263 -45.606766 2.332253
v -11.544571 -45.229889 2.416777
v -11.869712 -44.862919 2.332355
v -14.687152 -30.531096 2.249805
v -14.041365 -30.489668 2.219316
v -13.406492 -30.364386 2.190244
v -12.793379 -30.157387 2.178588
v -12.212492 -29.872206 2.178588
v -11.673752 -29.513714 2.178588
v -11.186359 -29.088032 2.178588
v -10.758636 -28.602428 2.178587
v -10.397886 -28.065199 2.178587
v -10.110270 -27.485514 2.191391
v -9.900700 -26.873274 2.220540
v -9.772753 -26.238935 2.251065
v -9.728617 -25.593327 2.281873
v -9.728617 -25.593327 2.281873
v -14.687152 -30.531096 2.249805
v -14.041365 -30.489668 2.219316
v -13.406492 -30.364386 2.190244
v -12.793379 -30.157387 2.178588
v -12.212492 -29.872206 2.178588
v -11.673752 -29.513714 2.178588
v -11.186359 -29.088032 2.178588
v -10.758636 -28.602428 2.178587
v -10.397886 -28.065199 2.178587
v -10.110270 -27.485514 2.191391
v -9.900700 -26.873274 2.220540
v -9.772753 -26.238935 2.251065
v -9.728617 -25.593327 2.281873
v -9.728617 -25.593327 2.281873
v -14.687152 -30.531096 2.249805
v -14.041365 -30.489668 2.219316
v -13.406492 -30.364386 2.190244
v -12.793379 -30.157387 2.178588
v -12.212492 -29.872206 2.178588
v -11.673752 -29.513714 2.178588
v -11.186359 -29.088032 2.178588
v -10.758636 -28.602428 2.178587
v -10.397886 -28.065199 2.178587
v -10.110270 -27.485514 2.191391
v -9.900700 -26.873274 2.220540
v -9.772753 -26.238935 2.251065
v -9.728617 -25.593327 2.281873
v -9.728617 -25.593327 2.281873
v -14.687152 -30.531096 2.249805
v -14.041365 -30.489668 2.219316
v -13.406492 -30.364386 2.190244
v -12.793379 -30.157387 2.178588
v -12.212492 -29.872206 2.178588
v -11.673752 -29.513714 2.178588
v -11.186359 -29.088032 2.178588
v -10.758636 -28.602428 2.178587
v -10.397886 -28.065199 2.178587
v -10.110270 -27.485514 2.191391
v -9.900700 -26.873274 2.220540
v -9.772753 -26.238935 2.251065
v -9.728617 -25.593327 2.281873
v -9.728617 -25.593327 2.281873
v -14.041365 -30.489668 2.219316
v -14.687152 -30.531096 2.249805
v -14.687152 -30.531096 2.047278
v -14.041365 -30.489668 2.016788
v -12.793379 -30.157387 1.976060
v -13.406492 -30.364386 1.987716
v -13.406492 -30.364386 2.190244
v -12.793379 -30.157387 2.178588
v -11.673752 -29.513714 2.178588
v -12.212492 -29.872206 2.178588
v -12.212492 -29.872206 1.976060
v -11.673752 -29.513714 1.976060
v -10.758636 -28.602428 1.976060
v -11.186359 -29.088032 1.976060
v -11.186359 -29.088032 2.178588
v -10.758636 -28.602428 2.178587
v -10.397886 -28.065199 1.976060
v -10.397886 -28.065199 2.178587
v -10.110270 -27.485514 2.191391
v -10.110270 -27.485514 1.988863
v -9.900700 -26.873274 2.018012
v -9.900700 -26.873274 2.220540
v -9.772753 -26.238935 2.048537
v -9.772753 -26.238935 2.251065
v -9.728617 -25.593327 2.079346
v -9.728617 -25.593327 2.281873
v -14.041365 -30.489668 2.219316
v -14.687152 -30.531096 2.249805
v -14.687152 -30.531096 2.047278
v -14.041365 -30.489668 2.016788
v -12.793379 -30.157387 1.976060
v -13.406492 -30.364386 1.987716
v -13.406492 -30.364386 2.190244
v -12.793379 -30.157387 2.178588
v -11.673752 -29.513714 2.178588
v -12.212492 -29.872206 2.178588
v -12.212492 -29.872206 1.976060
v -11.673752 -29.513714 1.976060
v -10.758636 -28.602428 1.976060
v -11.186359 -29.088032 1.976060
v -11.186359 -29.088032 2.178588
v -10.758636 -28.602428 2.178587
v -10.397886 -28.065199 1.976060
v -10.397886 -28.065199 2.178587
v -10.110270 -27.485514 2.191391
v -10.110270 -27.485514 1.988863
v -9.900700 -26.873274 2.018012
v -9.900700 -26.873274 2.220540
v -9.772753 -26.238935 2.048537
v -9.772753 -26.238935 2.251065
v -9.728617 -24.114109 2.097710
v -9.728617 -24.114109 2.300238
v -15.334796 -29.000719 2.249805
v -15.980583 -29.042147 2.264932
v -15.980583 -29.042147 2.062404
v -15.334796 -29.000719 2.047277
v -14.086811 -28.668438 1.987716
v -14.699925 -28.875437 2.016788
v -14.699925 -28.875437 2.219316
v -14.086811 -28.668438 2.190244
v -12.967186 -28.024763 2.178587
v -13.505925 -28.383257 2.178587
v -13.505925 -28.383257 1.976060
v -12.967186 -28.024763 1.976059
v -12.052068 -27.113478 1.976060
v -12.479793 -27.599081 1.976060
v -12.479793 -27.599081 2.178587
v -12.052068 -27.113478 2.178587
v -11.691319 -26.576248 1.988863
v -11.691319 -26.576248 2.191391
v -11.403702 -25.996565 2.220540
v -11.403702 -25.996565 2.018012
v -11.194132 -25.384325 2.048537
v -11.194132 -25.384325 2.251065
v -11.066185 -24.749987 2.086043
v -11.066185 -24.749987 2.288570
v -11.022049 -24.104378 2.097709
v -11.022049 -24.104378 2.300237
v -15.989595 -30.531096 2.076253
v -15.989595 -30.531096 2.241287
v -15.980583 -29.042147 2.062404
v -15.980583 -29.042147 2.264932
v -14.364720 -30.117432 2.352303
v -14.688080 -29.745193 2.442726
v -15.011436 -29.372957 2.352303
v -10.742826 -25.122223 2.149775
v -10.419470 -25.494459 2.240197
v -10.096113 -25.866697 2.149775
v -11.367962 -26.948486 2.149775
v -11.044601 -27.320723 2.240198
v -10.721245 -27.692961 2.149776
v -10.433630 -27.113276 2.149775
v -10.756987 -26.741037 2.240198
v -11.080345 -26.368801 2.149775
v -13.182567 -28.755493 2.149775
v -12.859209 -29.127731 2.240198
v -12.535851 -29.499968 2.149776
v -10.698690 -24.106810 2.197696
v -10.375332 -24.109243 2.240197
v -10.051975 -24.111677 2.197696
v -10.051975 -24.111677 2.400224
v -10.375332 -24.109243 2.442725
v -10.698690 -24.106810 2.400223
v -12.643826 -28.397001 2.149775
v -12.320470 -28.769239 2.240198
v -11.997111 -29.141476 2.149776
v -11.509716 -28.715796 2.149775
v -11.833076 -28.343557 2.240198
v -12.156434 -27.971319 2.149775
v -14.376567 -29.247673 2.149776
v -14.053209 -29.619911 2.240198
v -13.729851 -29.992147 2.149776
v -13.116738 -29.785149 2.149776
v -13.440095 -29.412910 2.240198
v -13.763454 -29.040674 2.149775
v -14.376567 -29.247673 2.352303
v -14.053209 -29.619911 2.442726
v -13.729851 -29.992147 2.352303
v -11.509716 -28.715796 2.352303
v -11.833076 -28.343557 2.442726
v -12.156434 -27.971319 2.352303
v -11.728710 -27.485716 2.352302
v -11.405352 -27.857954 2.442726
v -11.081995 -28.230192 2.352303
v -10.096113 -25.866697 2.352303
v -10.419470 -25.494459 2.442725
v -10.742826 -25.122223 2.352303
v -13.116738 -29.785149 2.352303
v -13.440095 -29.412910 2.442726
v -13.763454 -29.040674 2.352303
v -13.182567 -28.755493 2.352303
v -12.859209 -29.127731 2.442726
v -12.535851 -29.499968 2.352303
v -10.433630 -27.113276 2.352303
v -10.756987 -26.741037 2.442725
v -11.080345 -26.368801 2.352302
v -10.870775 -25.756561 2.352302
v -10.547415 -26.128799 2.442725
v -10.224058 -26.501036 2.352303
v -15.011436 -29.372957 2.149776
v -14.688080 -29.745193 2.240198
v -14.364720 -30.117432 2.149776
v -15.010509 -30.158857 2.352303
v -15.333867 -29.786621 2.442726
v -15.657225 -29.414385 2.352303
v -10.224058 -26.501036 2.149775
v -10.547415 -26.128798 2.240197
v -10.870775 -25.756561 2.149774
v -10.721245 -27.692961 2.352303
v -11.044601 -27.320723 2.442725
v -11.367962 -26.948484 2.352302
v -15.010509 -30.158857 2.149776
v -15.333867 -29.786621 2.240198
v -15.657225 -29.414385 2.149776
v -11.081995 -28.230192 2.149775
v -11.405352 -27.857954 2.240198
v -11.728710 -27.485716 2.149775
v -12.643826 -28.397001 2.352303
v -12.320470 -28.769239 2.442726
v -11.997111 -29.141476 2.352303
v -15.987342 -30.158857 2.387784
v -15.985088 -29.786621 2.442726
v -15.982837 -29.414385 2.387784
v -15.987342 -30.158857 2.185256
v -15.985088 -29.786621 2.240198
v -15.982837 -29.414385 2.185256
v -15.338373 -30.531096 2.241393
v -15.980583 -29.042147 2.264932
v -15.980583 -29.042147 2.062404
v -15.338373 -30.531096 2.065237
v -15.498925 -30.158857 2.167516
v -15.659478 -29.786621 2.240198
v -15.820030 -29.414385 2.167516
v -15.820030 -29.414385 2.370043
v -15.659478 -29.786621 2.442726
v -15.498925 -30.158857 2.370044
vn 0.0009 -1.0000 0.0005
vn 0.0009 -1.0000 -0.0000
vn -0.0009 0.0097 1.0000
vn -0.0064 0.0818 0.9966
vn -0.0000 -0.0000 1.0000
vn -0.0130 0.1646 0.9863
vn -0.0111 0.0854 0.9963
vn 0.0111 -0.0848 -0.9963
vn 0.0968 -0.4324 0.8965
vn 0.0063 -0.0812 -0.9967
vn -1.0000 -0.0000 -0.0000
vn -0.0000 1.0000 -0.0000
vn 0.0063 -0.1250 0.9921
vn -0.0026 -0.0164 0.9999
vn -0.0009 -0.0002 1.0000
vn 0.9377 0.3382 0.0799
vn 0.2654 -0.3226 0.9086
vn -0.0000 -0.0000 -1.0000
vn -0.8291 0.5584 0.0280
vn 0.0236 -0.1064 0.9940
vn 0.0705 -0.1924 0.9788
vn 0.0651 -0.2373 0.9693
vn -0.0260 0.0872 -0.9958
vn -0.0236 0.1064 -0.9940
vn -0.0063 0.1250 -0.9921
vn -0.1189 0.9071 -0.4038
vn 0.9647 0.0910 0.2472
vn 0.7397 -0.6530 0.1629
vn -0.4936 -0.8466 0.1991
vn 0.0191 -0.2690 0.9630
vn -0.0322 0.0782 -0.9964
vn 0.0221 -0.0826 -0.9963
vn 0.0326 -0.0789 -0.9963
vn 0.2534 -0.6687 -0.6991
vn 0.8909 -0.4152 0.1844
vn 0.1834 -0.7062 0.6839
vn -0.0215 0.1636 0.9863
vn -0.0222 0.0832 0.9963
vn -0.9646 0.2601 0.0424
vn -0.9903 0.1321 0.0424
vn 0.0260 -0.0872 0.9958
vn 0.0426 -0.0740 -0.9964
vn 0.9984 -0.0568 0.0018
vn 0.9495 -0.2708 0.1583
vn -0.0329 0.0796 0.9963
vn 0.0421 -0.0733 0.9964
vn 0.0322 -0.0782 0.9964
vn 0.0722 -0.1652 0.9836
vn -0.0426 0.1593 0.9863
vn -0.4275 -0.9032 -0.0392
vn 0.9277 -0.3660 0.0731
vn -0.3464 0.1692 0.9227
vn -0.4994 -0.8637 0.0678
vn 0.7071 -0.7057 0.0437
vn 0.0201 0.1560 0.9876
vn -0.0822 0.1426 0.9864
vn -0.0522 0.0682 0.9963
vn -0.0429 0.0745 0.9963
vn -0.6067 0.7938 0.0424
vn -0.4979 0.8662 0.0424
vn -0.0421 0.0733 -0.9964
vn 0.0876 -0.1523 0.9844
vn 0.2246 -0.2310 0.9467
vn -0.0630 0.1523 0.9863
vn -0.9688 0.1470 -0.1997
vn 0.9869 -0.1026 0.1247
vn -0.6129 -0.0518 0.7885
vn 0.0513 -0.0672 0.9964
vn 0.1240 -0.1245 0.9844
vn 0.1067 -0.1396 0.9844
vn -0.0597 0.0599 -0.9964
vn 0.0518 -0.0677 -0.9964
vn -0.0513 0.0672 -0.9964
vn 0.0601 -0.0603 -0.9964
vn 0.4706 -0.3902 -0.7914
vn 0.9869 -0.0766 0.1422
vn 0.9930 0.1108 -0.0420
vn -0.0670 0.0516 -0.9964
vn 0.0674 -0.0519 -0.9964
vn 0.2865 -0.4240 0.8591
vn -0.7913 0.6099 0.0424
vn -0.7050 0.7080 0.0424
vn -0.1000 0.1306 0.9864
vn -0.0606 0.0608 0.9963
vn -0.9225 0.3837 0.0424
vn 0.0597 -0.0599 0.9964
vn -0.0679 0.0523 0.9963
vn 0.0731 -0.0424 0.9964
vn 0.0670 -0.0516 0.9964
vn 0.9670 -0.2363 0.0953
vn 0.1391 -0.1073 0.9844
vn -0.1161 0.1163 0.9864
vn -0.3817 0.9233 0.0424
vn -0.4988 0.8657 0.0424
vn -0.1419 0.0821 0.9865
vn -0.0789 0.0329 0.9963
vn -0.0741 0.0430 0.9963
vn 0.4812 0.8755 0.0444
vn 0.0326 0.6086 0.7928
vn 0.0677 -0.9845 -0.1617
vn 0.0833 -0.0380 0.9958
vn 0.1542 -0.0943 0.9835
vn 0.0735 -0.0426 -0.9964
vn -0.0731 0.0424 -0.9964
vn -0.2869 0.9561 0.0599
vn -0.1729 0.9834 0.0543
vn -0.1301 0.1000 0.9864
vn 0.1025 -0.0382 0.9940
vn 0.1824 -0.0972 0.9784
vn -0.1025 0.0382 -0.9940
vn 0.0783 -0.0326 -0.9964
vn -0.0833 0.0380 -0.9958
vn 0.0817 -0.0219 -0.9964
vn 0.4910 -0.8697 0.0500
vn 0.5812 0.7995 -0.1516
vn 0.0833 -0.0107 -0.9965
vn 0.4089 0.2069 0.8888
vn -0.1229 0.0339 -0.9918
vn -0.0823 0.0221 0.9964
vn 0.1229 -0.0339 0.9918
vn -0.0000 -0.0000 -0.0000
vn -0.1512 0.0628 0.9865
vn -0.7919 0.6092 0.0424
vn -0.8646 0.5007 0.0424
vn -0.0838 0.0107 0.9964
vn 0.0904 -0.0218 0.9957
vn -0.6075 0.7932 0.0424
vn -0.6074 0.7933 0.0424
vn -0.1611 0.0212 0.9867
vn -0.0816 0.0031 0.9967
vn 0.2279 -0.0970 0.9688
vn -0.9007 0.4334 0.0312
vn -0.1578 0.0424 0.9866
vn 0.8704 -0.4890 0.0576
vn 0.8008 0.1855 0.5695
vn -0.2904 0.9451 -0.1500
vn 0.7511 0.5815 0.3126
vn -0.9930 0.0116 -0.1179
vn 0.2344 0.7900 -0.5665
vn 0.2698 -0.0739 0.9601
vn -0.0006 -0.0038 -1.0000
vn -0.3310 -0.9380 -0.1026
vn 0.0066 -0.0099 -0.9999
vn -0.9987 0.0154 -0.0493
vn -0.0251 -0.0074 -0.9997
vn 1.0000 -0.0012 -0.0003
vn 0.7118 -0.0009 0.7024
vn 1.0000 -0.0012 -0.0000
vn 0.0015 1.0000 -0.0000
vn 0.0016 1.0000 -0.0000
vn 0.0920 0.0144 0.9957
vn 0.0251 0.0074 0.9997
vn 0.2950 0.0414 0.9546
vn -1.0000 0.0016 -0.0000
vn 0.0026 0.0164 -0.9999
vn 0.0006 0.0038 1.0000
vn -0.1535 0.0064 0.9881
vn -0.0066 0.0100 0.9999
vn 0.0009 -0.0097 -1.0000
vn 0.0009 0.0002 -1.0000
vn -0.2579 0.9652 0.0424
vn 0.3324 -0.6451 -0.6880
vn 0.2180 -0.1269 -0.9677
vn 0.1937 -0.1494 -0.9696
vn -0.3721 0.0251 0.9279
vn -0.4057 0.0422 0.9130
vn -0.3049 0.0420 0.9515
vn -0.0842 0.3419 0.9359
vn -0.0595 0.3001 0.9520
vn -0.0697 0.2571 0.9639
vn -0.2231 0.2227 0.9490
vn -0.1465 0.1910 0.9706
vn -0.1697 0.1702 0.9707
vn 0.6721 -0.3543 0.6502
vn 0.1230 -0.2126 -0.9694
vn -0.2720 0.0744 0.9594
vn -0.3232 0.1275 0.9377
vn -0.2433 0.1020 0.9646
vn -0.1912 0.2514 0.9488
vn -0.1226 0.2119 0.9696
vn 0.2440 -0.1023 -0.9644
vn 0.8747 0.0570 -0.4813
vn -0.0558 0.8570 -0.5124
vn -0.2881 0.1619 0.9438
vn -0.8731 -0.0569 0.4842
vn -0.0560 0.8589 0.5091
vn 0.1469 -0.1915 -0.9704
vn -0.7057 0.7072 0.0424
vn 0.2385 -0.9681 0.0774
vn -0.7110 0.6976 0.0888
vn -0.2581 0.9652 0.0424
vn -0.0935 0.9212 0.3778
vn 0.3681 -0.9278 0.0609
vn -0.0570 0.8747 -0.4813
vn -0.0568 0.8731 0.4842
vn -0.0590 0.9376 0.3427
vn 0.0498 0.3310 0.9423
vn 0.0597 -0.3012 -0.9517
vn 0.3057 -0.0421 -0.9512
vn 0.2727 -0.0746 -0.9592
vn 0.0699 -0.2578 -0.9637
vn -0.3619 0.0884 0.9280
vn -0.2551 0.1932 0.9474
vn -0.2173 0.1265 0.9679
vn 0.7431 0.6692 -0.0005
vn 0.7454 0.6666 -0.0001
vn 0.7431 0.6692 -0.0006
vn 0.1702 -0.1707 -0.9705
vn -0.1230 0.3100 0.9427
vn -0.0973 0.2337 0.9674
vn 0.3734 -0.0252 -0.9273
vn -0.1931 0.1489 0.9698
vn 0.0976 -0.2344 -0.9672
vn -0.1582 0.2802 0.9468
vn 0.1263 -0.2959 0.9468
vn 0.1222 -0.2133 0.9693
vn 0.0958 -0.2348 0.9673
vn 0.7651 0.6439 -0.0005
vn 0.7629 0.6465 -0.0001
vn 0.7621 0.6474 -0.0000
vn -0.1225 0.2139 -0.9691
vn -0.1269 0.2972 -0.9464
vn -0.0961 0.2355 -0.9671
vn -0.7629 -0.6465 0.0001
vn -0.7651 -0.6439 0.0005
vn -0.7621 -0.6474 -0.0000
vn 0.1717 -0.1717 0.9701
vn 0.2483 -0.1942 0.9490
vn 0.1966 -0.1502 0.9689
vn -0.4250 0.0286 -0.9048
vn -0.3190 0.0389 -0.9470
vn -0.2859 0.0193 -0.9581
vn 0.0920 -0.3228 0.9420
vn 0.0671 -0.2577 0.9639
vn -0.2494 0.1951 -0.9486
vn -0.1723 0.1722 -0.9699
vn -0.1972 0.1506 -0.9687
vn -0.0923 0.3241 -0.9415
vn -0.0673 0.2585 -0.9637
vn 0.2793 -0.1666 0.9456
vn 0.2225 -0.1273 0.9666
vn 0.2818 -0.0732 0.9567
vn 0.3892 -0.0628 0.9190
vn 0.3180 -0.0388 0.9473
vn -0.7431 -0.6692 0.0005
vn -0.7454 -0.6666 0.0001
vn -0.7462 -0.6657 -0.0000
vn 0.2582 -0.9661 0.0005
vn 0.1946 -0.9809 0.0005
vn 0.3820 -0.9242 0.0004
vn 0.2583 -0.9661 0.0005
vn 0.6080 -0.7940 0.0003
vn 0.4993 -0.8664 0.0004
vn 0.4992 -0.8665 0.0004
vn 0.7063 -0.7079 0.0002
vn 0.6080 -0.7939 0.0003
vn 0.8653 -0.5012 -0.0000
vn 0.7926 -0.6097 0.0001
vn 0.7926 -0.6098 0.0001
vn 0.9233 -0.3841 -0.0001
vn 0.9655 -0.2604 -0.0002
vn 0.9233 -0.3840 -0.0001
vn 0.9977 -0.0672 -0.0003
vn 0.9912 -0.1322 -0.0002
vn 0.9912 -0.1323 -0.0002
vn 0.0650 -0.9979 0.0006
vn -0.0212 0.3255 -0.9453
vn -0.0244 0.3750 -0.9267
vn -0.0169 0.2598 -0.9655
vn -0.3500 0.1029 -0.9311
vn -0.2513 0.1024 -0.9625
vn -0.2826 0.0734 -0.9564
vn 0.0243 -0.3734 0.9273
vn 0.0211 -0.3245 0.9457
vn 0.0169 -0.2593 0.9656
vn 0.3123 -0.1365 0.9401
vn 0.2505 -0.1021 0.9627
vn -0.2192 0.2211 -0.9503
vn -0.1476 0.1930 -0.9700
vn -0.3137 0.1371 -0.9396
vn -0.2232 0.1277 -0.9664
vn 0.1581 -0.2703 0.9497
vn 0.1472 -0.1925 0.9702
vn -0.1588 0.2715 -0.9492
vn 0.3484 -0.1025 0.9317
vn 0.2183 -0.2201 0.9507
vn 0.0677 -0.3413 0.9375
vn 0.0480 -0.2418 0.9692
vn 0.4232 -0.0285 0.9056
vn 0.2854 -0.0192 0.9582
vn -0.0680 0.3427 -0.9370
vn -0.0481 0.2423 -0.9690
vn -0.3908 0.0631 -0.9183
vn -0.2805 0.1674 -0.9451
vn -0.0081 0.0018 -1.0000
vn -0.0063 0.0031 -1.0000
vn -0.0163 -0.0047 -0.9999
vn -0.0127 -0.0018 -0.9999
vn 0.0128 -0.0646 -0.9978
vn 0.0014 0.0084 -1.0000
vn -0.1181 0.0080 0.9930
vn 0.0163 0.0047 0.9999
vn -0.0128 0.0646 0.9978
vn -0.0014 -0.0084 1.0000
vn 0.0034 -0.0051 1.0000
vn 0.0048 -0.0041 1.0000
vn 0.0127 0.0018 0.9999
vn 0.0101 -0.0003 0.9999
vn -0.7543 -0.6566 -0.0000
vn -0.0019 0.0061 -1.0000
vn -0.0034 0.0051 -1.0000
vn 0.0019 -0.0061 1.0000
vn -0.0101 0.0003 -0.9999
vn -0.0048 0.0041 -1.0000
vn 0.0081 -0.0018 1.0000
vn 0.0063 -0.0031 1.0000
vn -0.0004 0.0072 -1.0000
vn 0.7462 0.6657 -0.0000
vn 0.7543 0.6566 -0.0000
vn 0.0004 -0.0072 1.0000
vn 0.1181 -0.0080 -0.9930
vn -0.0220 0.3377 0.9410
vn -0.0253 0.3884 0.9211
vn -0.0058 0.0892 0.9960
vn -0.0173 0.2659 0.9639
vn 0.0056 -0.0854 0.9963
vn 0.0221 -0.3389 -0.9406
vn 0.0174 -0.2664 -0.9637
vn 0.0058 -0.0892 -0.9960
vn -0.0056 0.0854 -0.9963
vn -0.7431 -0.6692 0.0006
vn -0.1728 0.9835 0.0543
vn -0.2870 0.9565 0.0529
vn -0.8998 0.4329 0.0536
vn -0.8284 0.5579 0.0511
vn -0.7050 0.7079 0.0424
vn -0.7912 0.6100 0.0424
vn -0.6066 0.7939 0.0424
vn -0.5537 0.8321 0.0320
vn -0.6970 0.5610 -0.4467
vn -0.8833 0.4659 0.0514
vn -0.8745 0.4835 0.0384
vn -0.3891 0.9200 0.0468
vn -0.8528 0.5200 0.0487
vn -0.8528 0.5199 0.0500
vn -0.8834 0.4659 0.0498
vn -0.1110 0.9938 0.0006
vn -0.1730 0.9844 0.0320
vn -0.2870 0.9566 0.0512
vn -0.3890 0.9198 0.0512
vn -0.2381 0.9707 0.0327
vn 0.3169 -0.9027 -0.2911
vn -0.8830 0.4657 0.0587
vn -0.8918 0.4508 0.0396
vn -0.4404 0.8970 0.0379
vn -0.4588 -0.0110 0.8885
vn -0.0151 -0.0004 0.9999
vn -0.7500 0.6607 0.0320
vn -0.2381 0.9704 0.0408
vn 0.8970 0.4404 0.0379
vn 0.4839 -0.8280 -0.2833
vn -0.4404 0.8972 0.0320
vn -0.8206 -0.5243 -0.2274
vn 0.4588 0.0110 -0.8885
vn -0.8511 0.4370 0.2908
vn 0.5842 -0.7608 -0.2827
vn 0.5537 -0.8321 0.0320
vn 1.0000 -0.0000 -0.0000
vn 0.6751 -0.6814 -0.2827
vn -0.8837 0.4661 0.0429
vn -0.8529 0.5200 0.0471
vn -0.2356 0.0550 0.9703
vn -0.2749 0.0803 0.9581
vn -0.2355 0.0908 0.9676
vn -0.1610 0.2930 0.9425
vn -0.0971 0.2412 0.9656
vn -0.1291 0.2239 0.9660
vn -0.2016 -0.0257 0.9791
vn -0.2354 -0.0245 0.9716
vn -0.2322 0.0063 0.9726
vn -0.2047 0.1582 0.9660
vn -0.2357 0.2353 0.9429
vn -0.1796 0.1805 0.9670
vn -0.0430 0.2848 0.9576
vn -0.0229 0.2412 0.9702
vn -0.0585 0.2460 0.9675
vn 0.0971 -0.2412 -0.9656
vn 0.1610 -0.2930 -0.9425
vn 0.1291 -0.2239 -0.9660
vn 0.2354 0.0245 -0.9716
vn 0.2016 0.0257 -0.9791
vn 0.2322 -0.0063 -0.9726
vn 0.2873 -0.1416 -0.9473
vn 0.2355 -0.0908 -0.9676
vn 0.2258 -0.1283 -0.9657
vn 0.2015 -0.2651 -0.9430
vn 0.1546 -0.2022 -0.9671
vn 0.0075 1.0000 -0.0000
vn 0.1796 -0.1805 -0.9670
vn 0.0585 -0.2460 -0.9675
vn 0.1028 -0.3047 -0.9469
vn -0.8925 0.3529 0.2810
vn -0.8526 0.5199 0.0519
vn -0.8122 -0.4707 0.3446
vn -0.7551 0.5910 0.2836
vn -0.2871 0.9569 0.0446
vn -0.8108 0.5085 0.2900
vn 0.2289 -0.9320 -0.2811
vn -0.8190 0.4805 0.3137
vn 0.3930 -0.8727 -0.2897
vn -0.1276 0.9918 -0.0000
vn -0.0640 0.9979 -0.0000
vn -0.2554 0.9668 -0.0000
vn -0.1305 0.9914 -0.0000
vn -0.3799 0.9250 -0.0000
vn -0.2591 0.9658 -0.0000
vn -0.6072 0.7945 -0.0000
vn -0.4987 0.8668 -0.0000
vn -0.4981 0.8671 -0.0000
vn -0.3823 0.9240 -0.0000
vn -0.7056 0.7086 -0.0000
vn -0.7922 0.6102 -0.0000
vn -0.8655 0.5009 -0.0000
vn -0.9222 0.3868 -0.0000
vn -0.8642 0.5032 -0.0000
vn -0.7917 0.6109 -0.0000
vn -0.9237 0.3832 -0.0000
vn -0.9647 0.2635 -0.0000
vn -0.9658 0.2592 -0.0000
vn -0.9909 0.1348 -0.0000
vn -0.9913 0.1317 -0.0000
vn -0.9977 0.0682 -0.0000
vn 0.0229 -0.2412 -0.9702
vn 0.0430 -0.2848 -0.9576
vn -0.0063 0.2507 0.9680
vn 0.0379 0.2470 0.9683
vn 0.2749 -0.0803 -0.9581
vn 0.2356 -0.0550 -0.9703
vn -0.2873 0.1416 0.9473
vn -0.2258 0.1283 0.9657
vn 0.0234 -0.2617 0.9649
vn 0.0191 -0.3493 0.9368
vn 0.0085 -0.3080 0.9513
vn 0.2357 -0.2353 -0.9429
vn 0.2047 -0.1582 -0.9660
vn -0.1028 0.3047 0.9469
vn 0.2689 -0.1986 -0.9425
vn -0.0379 -0.2470 -0.9683
vn 0.0063 -0.2507 -0.9680
vn 0.2403 -0.0295 -0.9702
vn -0.2015 0.2651 0.9430
vn -0.1546 0.2022 0.9671
vn -0.2689 0.1986 0.9425
vn -0.2403 0.0295 0.9702
vn -1.0000 0.0061 -0.0000
vn -1.0000 0.0060 -0.0000
vn -0.0912 -0.2516 -0.9635
vn 0.0568 0.4681 0.8819
vn 0.4654 -0.1403 0.8739
vn -0.0000 -1.0000 -0.0000
vn -0.0270 0.2714 -0.9621
vn -0.0269 0.2262 -0.9737
vn -0.0258 0.2516 -0.9675
vn -0.0272 0.2223 -0.9746
vn -0.0135 -0.0232 -0.9996
vn -0.0141 -0.0164 -0.9998
vn 0.2600 -0.0593 0.9638
vn 0.2375 -0.0736 0.9686
vn 0.2833 -0.1120 0.9525
vn 0.2455 -0.0377 0.9687
vn 0.0134 0.0019 0.9999
vn 0.0081 -0.0011 1.0000
vn 0.2343 -0.2365 0.9430
vn 0.1581 -0.2073 0.9654
vn 0.2027 -0.2640 0.9430
vn 0.1842 -0.1846 0.9654
vn 0.0042 -0.0063 1.0000
vn 0.0057 -0.0050 1.0000
vn 0.2928 -0.1836 0.9384
vn 0.2104 -0.1612 0.9642
vn 0.2660 -0.2082 0.9412
vn 0.2323 -0.1375 0.9629
vn 0.0072 -0.0036 1.0000
vn 0.0089 -0.0021 1.0000
vn 0.1703 -0.2914 0.9413
vn 0.1313 -0.2300 0.9643
vn 0.0027 -0.0076 1.0000
vn -0.2375 0.0736 -0.9686
vn -0.0134 -0.0019 -0.9999
vn -0.2455 0.0377 -0.9687
vn -0.0081 0.0011 -1.0000
vn -0.0410 0.2459 -0.9684
vn -0.0232 0.2341 -0.9719
vn 0.0037 0.0129 -0.9999
vn -0.0034 -0.0064 -1.0000
vn -0.2104 0.1612 -0.9642
vn -0.0072 0.0036 -1.0000
vn -0.2323 0.1375 -0.9629
vn -0.0089 0.0021 -1.0000
vn 0.1047 -0.2488 0.9629
vn 0.1123 -0.3200 0.9408
vn 0.1418 -0.3148 0.9385
vn 0.0009 -0.0091 1.0000
vn 0.0751 -0.2539 0.9643
vn -0.0011 -0.0108 0.9999
vn -0.1842 0.1846 -0.9654
vn -0.0057 0.0050 -1.0000
vn 0.0117 0.0355 0.9993
vn 0.1055 0.2270 0.9682
vn 0.0912 0.2516 0.9635
vn 0.0141 0.0164 0.9998
vn 0.0135 0.0232 0.9996
vn 0.0268 -0.2658 0.9637
vn 0.3007 -0.1544 0.9411
vn 0.2408 -0.1084 0.9645
vn 0.0109 -0.0003 0.9999
vn -0.2408 0.1084 -0.9645
vn -0.0109 0.0003 -0.9999
vn 0.0410 -0.2459 0.9684
vn 0.0215 -0.2686 0.9630
vn 0.0731 -0.2974 0.9519
vn -0.0037 -0.0129 0.9999
vn 0.0144 -0.2501 0.9681
vn 0.0034 0.0064 1.0000
vn -0.0751 0.2538 -0.9643
vn 0.0011 0.0108 -0.9999
vn -0.1047 0.2488 -0.9629
vn -0.0009 0.0091 -1.0000
vn -0.1581 0.2073 -0.9654
vn -0.0042 0.0063 -1.0000
vn -0.1313 0.2300 -0.9643
vn -0.0027 0.0076 -1.0000
vn -0.2919 0.0328 -0.9559
vn -0.2220 0.0212 -0.9748
vn 0.0119 0.0174 -0.9998
vn 0.2919 -0.0328 0.9559
vn 0.2220 -0.0212 0.9748
vn -0.0119 -0.0174 0.9998
vn 0.0140 0.1134 0.9935
vn -0.0561 -0.1230 0.9908
vn 0.0009 -1.0000 0.0006
vn 0.1441 -0.0000 0.9896
vn -0.2904 0.9451 0.1499
vn 0.2944 -0.0656 0.9534
vn -0.0000 -0.0211 -0.9998
vn -0.0000 0.0213 0.9998
vn -0.4186 0.0282 0.9077
vn -0.0701 0.3533 0.9329
vn 0.7651 0.6439 -0.0006
vn -0.7651 -0.6439 0.0006
vn 0.0243 -0.3735 0.9273
vn -0.1893 0.2464 -0.9505
vn 0.1885 -0.2453 0.9509
vn -0.2954 0.0029 0.9554
vn 0.2954 -0.0029 -0.9554
vn -0.7401 0.3424 -0.5788
vn -0.1055 -0.2271 -0.9682
vt 0.375000 1.000000
vt 0.625000 0.920224
vt 0.375000 0.920224
vt 0.795224 0.750000
vt 0.875000 0.738821
vt 0.795224 0.738821
vt 0.875000 0.750000
vt 0.125000 0.738821
vt 0.125000 0.750000
vt 0.204776 0.738821
vt 0.625000 1.000000
vt 0.625000 0.011179
vt 0.375000 0.011179
vt 0.625000 0.000000
vt 0.375000 0.000000
vt 0.204776 0.750000
vt 0.875000 0.750000
vt 0.875000 0.750000
vt 0.875000 0.750000
vt 0.875000 0.750000
vt 0.875000 0.750000
vt 0.125000 0.750000
vt 0.125000 0.750000
vt 0.125000 0.750000
vt 0.875000 0.750000
vt 0.875000 0.750000
vt 0.875000 0.750000
vt 0.625000 1.000000
vt 0.875000 0.750000
vt 0.125000 0.750000
vt 0.875000 0.750000
vt 0.125000 0.750000
vt 0.375000 1.000000
vt 0.125000 0.750000
vt 0.875000 0.750000
vt 0.125000 0.750000
vt 0.125000 0.750000
vt 0.125000 0.750000
vt 0.625000 1.000000
vt 0.125000 0.750000
vt 0.875000 0.750000
vt 0.125000 0.750000
s 1
usemtl Material.001
f 2943/397/2848 3064/398/2849 3063/399/2849
f 2954/404/2855 2943/405/2856 2946/404/2857
f 3050/402/2858 3068/398/2858 3049/406/2858
f 3068/398/2859 2947/397/2859 3067/399/2859
f 3003/405/2863 3293/405/2852 3011/405/2864
f 2945/401/2851 3066/402/2862 3050/402/2852
f 3044/403/2865 3300/403/2852 3036/403/2866
f 2966/404/2870 2954/404/2855 2958/404/2871
f 2958/404/2871 2946/404/2857 2950/404/2872
f 2945/401/2851 2957/401/2867 2949/401/2860
f 2952/407/2873 3071/397/2852 2951/397/2874
f 2955/405/2875 2950/404/2872 2947/405/2876
f 2974/404/2878 2962/404/2879 2966/404/2870
f 2970/404/2880 2959/405/2881 2962/404/2879
f 2971/405/2882 2966/404/2870 2963/405/2883
f 3024/403/2886 3094/403/2887 3032/403/2887
f 2953/401/2854 2965/401/2888 2957/401/2867
f 2963/405/2883 2958/404/2871 2955/405/2875
f 2962/404/2879 2951/405/2874 2954/404/2855
f 2978/404/2889 2967/405/2890 2970/404/2880
f 2979/405/2891 2974/404/2878 2971/405/2882
f 2969/401/2892 2981/401/2893 2973/401/2894
f 2955/405/2875 3282/405/2852 2963/405/2883
f 3023/405/2897 3089/405/2898 3015/405/2899
f 2961/401/2885 2973/401/2894 2965/401/2888
f 2999/405/2900 3083/405/2901 2991/405/2902
f 2988/403/2906 3286/403/2852 2980/403/2907
f 2982/404/2908 2970/404/2880 2974/404/2878
f 3011/405/2864 3296/405/2852 3019/405/2910
f 3039/405/2912 3093/405/2913 3031/405/2914
f 2998/404/2918 2986/404/2919 2990/404/2920
f 2994/404/2921 2983/405/2922 2986/404/2919
f 2977/401/2905 2989/401/2915 2981/401/2893
f 2987/405/2923 2982/404/2908 2979/405/2891
f 2986/404/2919 2975/405/2924 2978/404/2889
f 2990/404/2920 2978/404/2889 2982/404/2908
f 3006/404/2925 2994/404/2921 2998/404/2918
f 3002/404/2926 2991/405/2902 2994/404/2921
f 3003/405/2863 2998/404/2918 2995/405/2927
f 3004/403/2928 3291/403/2852 2996/403/2929
f 3016/403/2932 3092/403/2886 3024/403/2886
f 2985/401/2904 2997/401/2933 2989/401/2915
f 2995/405/2927 2990/404/2920 2987/405/2923
f 3011/405/2864 3006/404/2925 3003/405/2863
f 3001/401/2934 3013/401/2935 3005/401/2936
f 3031/405/2914 3091/405/2937 3023/405/2897
f 2987/405/2923 3290/405/2852 2995/405/2927
f 2968/403/2940 3080/403/2941 2976/403/2941
f 2993/401/2931 3005/401/2936 2997/401/2933
f 3035/405/2945 3301/405/2946 3043/405/2947
f 3010/404/2950 2999/405/2900 3002/404/2926
f 3014/404/2951 3002/404/2926 3006/404/2925
f 2964/403/2952 3277/403/2852 2956/403/2953
f 3030/404/2957 3018/404/2958 3022/404/2959
f 3026/404/2960 3015/405/2899 3018/404/2958
f 2983/405/2922 3079/405/2961 2975/405/2924
f 3009/401/2944 3021/401/2948 3013/401/2935
f 3011/405/2864 3022/404/2959 3014/404/2951
f 3018/404/2958 3007/405/2962 3010/404/2950
f 3022/404/2959 3010/404/2950 3014/404/2951
f 3034/404/2963 3023/405/2897 3026/404/2960
f 3027/405/2964 3038/404/2965 3030/404/2957
f 3025/401/2966 3037/401/2967 3029/401/2955
f 2956/403/2953 3278/403/2865 2948/403/2968
f 3000/403/2970 3088/403/2971 3008/403/2971
f 3017/401/2943 3029/401/2955 3021/401/2948
f 3019/405/2910 3030/404/2957 3022/404/2959
f 3033/401/2972 3045/401/2973 3037/401/2967
f 2976/403/2941 3082/403/2974 2984/403/2975
f 3038/404/2965 3026/404/2960 3030/404/2957
f 3036/403/2866 3298/403/2852 3028/403/2979
f 3015/405/2899 3087/405/2981 3007/405/2962
f 3044/407/2865 3052/397/2982 3043/397/2947
f 3045/401/2852 3053/403/2865 3044/403/2983
f 3046/404/2984 3047/404/2985 3042/404/2986
f 3035/405/2945 3046/404/2984 3038/404/2965
f 3042/404/2986 3031/405/2914 3034/404/2963
f 3046/404/2984 3034/404/2963 3038/404/2965
f 3043/397/2947 3302/407/2968 3044/407/2865
f 3059/404/2988 3047/404/2985 3051/404/2989
f 3055/404/2990 3048/405/2991 3047/404/2985
f 3060/405/2992 3051/404/2989 3052/405/2982
f 3040/407/2993 3039/397/2994 3056/397/2995
f 3043/405/2947 3051/404/2989 3046/404/2984
f 3042/404/2986 3048/405/2991 3039/405/2912
f 3062/408/2996 3055/409/2997 3059/409/2996
f 3055/409/2997 3057/410/2997 3056/411/2997
f 3061/410/2996 3059/409/2996 3060/411/2996
f 3061/407/3001 3052/397/3001 3053/407/3001
f 2950/404/2872 3067/412/3002 2947/405/2876
f 3054/401/2998 3041/401/2977 3062/401/3003
f 2946/404/2857 3063/412/3006 3049/406/2865
f 2946/404/2857 3065/406/3007 2950/404/2872
f 2960/403/3008 3078/403/2940 2968/403/2940
f 2951/405/2874 3069/405/2852 2943/405/2856
f 2944/403/2968 3072/403/2852 2952/403/2873
f 2943/397/2856 3070/407/2865 2944/407/2968
f 3085/405/3009 3197/405/3010 3139/405/3011
f 3081/405/3021 3181/418/3022 3079/405/2961
f 3087/405/2981 3185/405/3028 3197/405/3010
f 3098/403/3029 3104/403/2865 3100/403/3030
f 3099/405/3032 3101/405/2852 3097/405/3033
f 3083/405/2901 3194/419/3034 3081/405/3021
f 2951/397/2874 3074/407/2968 2952/407/2873
f 3032/403/2887 3095/403/2968 3040/403/2968
f 2984/403/2975 3084/403/3035 2992/403/3035
f 2967/405/2890 3075/405/3036 2959/405/2881
f 3040/407/2968 3096/397/3037 3039/397/2912
f 2991/405/2902 3081/405/3021 2983/405/2922
f 3069/397/2852 3098/407/3029 3070/407/2865
f 2952/403/2873 3076/403/3038 2960/403/3008
f 2992/403/3035 3086/403/2970 3000/403/2970
f 3072/407/2852 3099/397/3032 3071/397/2852
f 3007/405/2962 3085/405/3009 2999/405/2900
f 2959/405/2881 3073/405/3039 2951/405/2874
f 3071/405/2852 3097/405/3033 3069/405/2852
f 3008/403/2971 3090/403/2932 3016/403/2932
f 3070/403/2865 3100/403/3030 3072/403/2852
f 2975/405/2924 3077/405/3040 2967/405/2890
f 3102/403/3041 3108/403/2968 3104/403/2865
f 3103/405/3042 3105/405/3043 3101/405/2852
f 3104/407/2865 3107/397/3044 3103/397/3042
f 3101/397/2852 3106/407/2968 3102/407/3041
f 3075/405/3036 3208/405/3045 3073/405/3039
f 3091/405/2937 3173/405/3046 3190/420/3047
f 3077/405/3040 3152/405/3048 3075/405/3036
f 3095/407/3052 3146/397/3053 3096/397/3054
f 3083/405/2901 3139/405/3011 3140/420/3055
f 3093/405/2913 3146/418/3058 3173/405/3046
f 3079/405/2961 3151/405/3060 3077/405/3040
f 3089/405/2898 3190/420/3047 3185/405/3028
f 3097/397/3033 3102/407/3041 3098/407/3029
f 3100/407/3030 3103/397/3042 3099/397/3032
f 3136/407/3065 3217/397/3066 3218/424/3067
f 3179/418/3068 3113/405/3069 3149/405/3070
f 3212/397/3071 3134/407/3072 3211/407/3073
f 3132/405/3077 3175/418/3078 3148/405/3079
f 3121/405/3082 3142/405/3083 3137/405/3084
f 3131/407/3065 3148/397/3066 3143/407/3067
f 3149/405/3070 3111/405/3085 3154/426/3086
f 3074/407/3092 3208/397/3093 3203/407/3094
f 3111/397/3095 3110/407/3096 3109/397/3096
f 3113/397/3097 3112/407/3098 3111/397/3095
f 3115/397/3101 3114/407/3097 3113/397/3097
f 3119/397/3102 3118/407/3103 3117/397/3099
f 3123/397/3104 3122/407/3105 3121/397/3106
f 3121/397/3106 3120/407/3102 3119/397/3102
f 3125/397/3107 3124/407/3104 3123/397/3104
f 3127/397/3108 3126/407/3109 3125/397/3107
f 3132/397/3110 3130/407/3111 3129/397/3112
f 3129/397/3112 3128/407/3108 3127/397/3108
f 3135/397/3113 3134/407/3113 3133/397/3113
f 3217/405/3114 3133/405/3115 3212/405/3116
f 3127/405/3117 3187/418/3118 3188/428/3119
f 3119/405/3125 3196/405/3126 3142/405/3083
f 3125/405/3127 3199/428/3128 3187/418/3118
f 3196/405/3126 3115/405/3131 3179/418/3068
f 3206/429/3071 3110/407/3072 3205/407/3073
f 3154/426/3086 3109/405/3138 3206/420/3139
f 3129/405/3140 3188/428/3119 3175/418/3078
f 3123/405/3141 3137/405/3084 3199/428/3128
f 3198/428/3142 3139/405/3011 3197/405/3010
f 3199/428/3128 3138/405/3143 3198/428/3142
f 3174/405/3144 3190/420/3047 3173/405/3046
f 3175/418/3078 3189/405/3145 3174/405/3144
f 3152/405/3048 3207/405/3146 3208/405/3045
f 3153/405/3147 3206/420/3139 3207/405/3146
f 3207/397/3156 3203/407/3094 3208/397/3093
f 3207/397/3156 3205/407/3073 3204/407/3156
f 3194/419/3034 3180/430/3157 3181/418/3022
f 3195/405/3158 3179/418/3068 3180/430/3157
f 3186/405/3160 3197/405/3010 3185/405/3028
f 3187/418/3118 3198/428/3142 3186/405/3160
f 3140/420/3055 3195/405/3158 3194/419/3034
f 3142/405/3083 3195/405/3158 3141/405/3161
f 3189/405/3145 3185/405/3028 3190/420/3047
f 3188/428/3119 3186/405/3160 3189/405/3145
f 3151/405/3060 3153/405/3147 3152/405/3048
f 3150/426/3164 3154/426/3086 3153/405/3147
f 3145/407/3165 3147/397/3166 3146/397/3053
f 3143/407/3067 3147/397/3166 3144/407/3166
f 3138/405/3143 3140/420/3055 3139/405/3011
f 3137/405/3084 3141/405/3161 3138/405/3143
f 3147/405/3168 3173/405/3046 3146/418/3058
f 3148/405/3079 3174/405/3144 3147/405/3168
f 3181/418/3022 3150/426/3164 3151/405/3060
f 3180/430/3157 3149/405/3070 3150/426/3164
f 3107/405/3044 3214/405/3174 3105/405/3043
f 3215/405/3175 3213/405/3176 3214/405/3174
f 3216/405/3177 3212/405/3116 3213/405/3176
f 3214/397/3093 3106/407/3092 3105/397/3178
f 3213/397/3156 3209/424/3094 3214/397/3093
f 3213/397/3156 3211/407/3073 3210/407/3156
f 3108/407/3052 3215/397/3053 3107/397/3054
f 3220/407/3165 3216/397/3166 3215/397/3053
f 3218/424/3067 3216/397/3166 3219/407/3166
f 2956/407/3179 3221/407/2865 3222/407/2852
f 2964/407/3180 3222/407/2852 3223/407/2852
f 3028/403/3181 3232/403/2852 3036/403/3182
f 2996/403/3183 3228/403/2852 3004/403/3184
f 2988/407/3185 3225/407/3186 3226/407/2852
f 3036/403/3182 3233/403/2865 3044/403/3187
f 3020/407/3188 3229/407/3189 3230/407/2852
f 3020/403/3188 3231/403/2852 3028/403/3181
f 2964/403/3180 3224/403/2852 2972/403/3190
f 3053/407/2865 3233/407/2865 3234/407/2865
f 3004/403/3184 3229/403/3189 3012/403/3191
f 2988/403/3185 3227/403/2852 2996/403/3183
f 2972/403/3190 3225/403/3186 2980/403/2907
f 3230/403/2852 3245/403/2852 3231/403/2852
f 3223/403/2852 3238/403/2852 3224/403/2852
f 3231/403/2852 3246/403/2852 3232/403/2852
f 3226/407/2852 3239/407/3186 3240/407/2852
f 3232/403/2852 3247/403/2865 3233/403/2865
f 3224/403/2852 3239/403/3186 3225/403/3186
f 3234/407/2865 3247/407/2865 3248/407/2865
f 3226/403/2852 3241/403/2852 3227/403/2852
f 3227/403/2852 3242/403/2852 3228/403/2852
f 3230/407/2852 3243/407/3189 3244/407/2852
f 3222/407/2852 3235/407/2865 3236/407/2852
f 3228/403/2852 3243/403/3189 3229/403/3189
f 3223/407/2852 3236/407/2852 3237/407/2852
f 3238/403/2852 3253/403/2852 3239/403/3186
f 3248/407/2865 3261/407/2865 3262/407/2865
f 3240/403/2852 3255/403/2852 3241/403/2852
f 3241/403/2852 3256/403/2852 3242/403/2852
f 3244/407/2852 3257/407/3189 3258/407/2852
f 3236/407/2852 3249/407/2865 3250/407/2852
f 3242/403/2852 3257/403/3189 3243/403/3189
f 3237/407/2852 3250/407/2852 3251/407/2852
f 3244/403/2852 3259/403/2852 3245/403/2852
f 3237/403/2852 3252/403/2852 3238/403/2852
f 3245/403/2852 3260/403/2852 3246/403/2852
f 3240/407/2852 3253/407/2852 3254/407/2852
f 3246/403/2852 3261/403/2865 3247/403/2865
f 3258/407/2852 3271/407/3192 3272/407/3193
f 3250/407/2852 3263/407/3194 3264/407/3195
f 3256/403/2852 3271/403/3192 3257/403/3189
f 3251/407/2852 3264/407/3195 3265/407/3196
f 3258/403/2852 3273/403/2979 3259/403/2852
f 3251/403/2852 3266/403/3197 3252/403/2852
f 3259/403/2852 3274/403/2866 3260/403/2852
f 3254/407/2852 3267/407/2907 3268/407/2906
f 3260/403/2852 3275/403/2865 3261/403/2865
f 3252/403/2852 3267/403/2907 3253/403/2852
f 3262/407/2865 3275/407/2865 3276/407/2865
f 3254/403/2852 3269/403/2929 3255/403/2852
f 3255/403/2852 3270/403/2928 3256/403/2852
f 3280/405/3198 3308/405/3199 3282/405/2852
f 3298/403/2852 3321/403/3200 3295/403/3201
f 3286/403/2852 3310/403/3190 3284/403/3202
f 3302/403/3203 3326/403/3204 3300/403/2852
f 3292/403/3205 3317/403/3183 3291/403/2852
f 3283/403/3206 3303/403/3195 3277/403/2852
f 3281/405/3207 3313/405/3208 3287/405/3209
f 3299/405/3210 3327/405/3211 3301/405/2946
f 3293/405/2852 3322/405/3212 3296/405/2852
f 3287/405/3209 3314/405/3213 3288/405/3214
f 3327/397/3215 3302/407/3215 3301/397/3215
f 3288/405/3214 3316/405/3216 3290/405/2852
f 3028/403/2979 3295/403/3201 3020/403/3217
f 3020/403/3217 3294/403/2852 3012/403/3218
f 2972/403/3197 3283/403/3206 2964/403/2952
f 2971/405/2882 3287/405/3209 2979/405/2891
f 2948/407/2968 3279/397/2852 2947/397/2876
f 2995/405/2927 3289/405/2852 3003/405/2863
f 3027/405/2964 3299/405/3210 3035/405/2945
f 3012/403/3218 3292/403/3205 3004/403/2928
f 3019/405/2910 3297/405/2852 3027/405/2964
f 2996/403/2929 3285/403/2852 2988/403/2906
f 2979/405/2891 3288/405/3214 2987/405/2923
f 2947/405/2876 3280/405/3198 2955/405/2875
f 2980/403/2907 3284/403/3202 2972/403/3197
f 2963/405/2883 3281/405/3207 2971/405/2882
f 3391/419/3234 3339/405/3235 3371/405/3236
f 3351/405/3237 3374/405/3238 3362/405/3239
f 3345/405/3240 3370/430/3241 3365/420/3242
f 3371/405/3236 3340/405/3243 3380/432/3244
f 3374/397/3245 3354/407/3245 3379/407/3245
f 3340/405/3243 3385/433/3246 3380/432/3244
f 3386/432/3247 3333/405/3248 3391/419/3234
f 3277/403/2852 3304/403/2968 3278/403/2865
f 3296/405/2852 3323/405/3249 3297/405/2852
f 3295/403/3201 3320/403/3250 3294/403/2852
f 3278/407/2865 3305/397/3251 3279/397/2852
f 3290/405/2852 3315/405/3252 3289/405/2852
f 3284/403/3202 3309/403/3253 3283/403/3206
f 3289/405/2852 3319/405/3254 3293/405/2852
f 3279/405/2852 3306/405/3255 3280/405/3198
f 3297/405/2852 3325/405/3256 3299/405/3210
f 3285/403/2852 3312/403/2907 3286/403/2852
f 3294/403/2852 3318/403/3184 3292/403/3205
f 3291/403/2852 3311/403/3185 3285/403/2852
f 3300/403/2852 3324/403/3181 3298/403/2852
f 3282/405/2852 3307/405/3257 3281/405/3207
f 3329/407/3258 3331/397/3259 3330/407/3259
f 3335/407/3260 3332/397/3261 3329/407/3258
f 3336/407/3262 3334/397/3263 3335/407/3260
f 3337/407/3264 3339/397/3265 3338/407/3266
f 3338/407/3266 3333/397/3267 3336/407/3262
f 3337/407/3264 3342/397/3268 3340/397/3264
f 3344/407/3269 3342/397/3268 3343/407/3268
f 3346/407/3270 3348/397/3271 3345/397/3272
f 3344/407/3269 3345/397/3272 3341/397/3273
f 3347/407/3274 3349/397/3275 3348/397/3271
f 3350/407/3276 3351/397/3277 3349/397/3275
f 3352/407/3278 3353/397/3279 3351/397/3277
f 3416/405/3280 3334/405/3281 3386/432/3247
f 3348/405/3284 3424/434/3285 3370/430/3241
f 3342/405/3291 3433/426/3292 3385/433/3246
f 3341/405/3294 3365/420/3242 3433/426/3292
f 3430/428/3295 3332/405/3296 3416/405/3280
f 3349/405/3297 3362/405/3239 3424/434/3285
f 3358/407/3302 3442/397/3302 3439/407/3303
f 3449/426/3304 3357/405/3305 3445/405/3306
f 3445/397/3306 3358/407/2968 3444/407/2865
f 3443/435/3307 3355/397/3307 3446/397/3307
f 3355/405/3308 3447/405/3309 3446/420/3310
f 3440/405/3311 3448/405/3312 3447/405/3309
f 3441/405/3313 3449/426/3304 3448/405/3312
f 3356/407/3302 3440/397/3302 3355/397/3302
f 3437/407/3302 3441/397/3302 3440/397/3302
f 3439/407/3303 3441/397/3302 3438/407/3302
f 3422/405/3335 3325/405/3256 3323/405/3249
f 3423/405/3336 3364/433/3337 3422/405/3335
f 3424/434/3285 3363/419/3338 3423/405/3336
f 3305/405/3251 3418/432/3339 3306/405/3255
f 3428/405/3340 3417/405/3341 3418/432/3339
f 3429/420/3342 3416/405/3280 3417/405/3341
f 3431/405/3343 3319/405/3254 3315/405/3252
f 3432/405/3344 3367/420/3345 3431/405/3343
f 3433/426/3292 3366/436/3346 3432/405/3344
f 3383/420/3353 3315/405/3252 3316/405/3216
f 3384/420/3354 3431/405/3343 3383/420/3353
f 3385/433/3246 3432/405/3344 3384/420/3354
f 3368/405/3364 3323/405/3249 3322/405/3212
f 3369/432/3365 3422/405/3335 3368/405/3364
f 3370/430/3241 3423/405/3336 3369/432/3365
f 3306/405/3255 3388/405/3372 3308/405/3199
f 3418/432/3339 3387/430/3373 3388/405/3372
f 3417/405/3341 3386/432/3247 3387/430/3373
f 3308/405/3199 3389/430/3374 3307/405/3257
f 3388/405/3372 3390/438/3375 3389/430/3374
f 3387/430/3373 3391/419/3234 3390/438/3375
f 3382/432/3376 3316/405/3216 3314/405/3213
f 3381/432/3377 3383/420/3353 3382/432/3376
f 3380/432/3244 3384/420/3354 3381/432/3377
f 3376/397/3245 3328/407/3245 3327/397/3245
f 3375/397/3245 3377/407/3245 3376/397/3245
f 3375/397/3245 3379/407/3245 3378/407/3245
f 3313/405/3208 3382/432/3376 3314/405/3213
f 3373/418/3378 3381/432/3377 3382/432/3376
f 3372/405/3379 3380/432/3244 3381/432/3377
f 3367/420/3345 3322/405/3212 3319/405/3254
f 3366/436/3346 3368/405/3364 3367/420/3345
f 3365/420/3242 3369/432/3365 3366/436/3346
f 3364/433/3337 3327/405/3380 3325/405/3256
f 3363/419/3338 3376/405/3381 3364/433/3337
f 3362/405/3239 3375/405/3382 3363/419/3338
f 3307/405/3257 3373/418/3378 3313/405/3208
f 3389/430/3374 3372/405/3379 3373/418/3378
f 3390/438/3375 3371/405/3236 3372/405/3379
f 3448/405/3312 3430/428/3295 3429/420/3342
f 3447/405/3309 3429/420/3342 3428/405/3340
f 3446/420/3310 3428/405/3340 3305/405/3251
f 3304/407/3307 3446/397/3307 3305/397/3307
f 3331/397/3387 3444/407/2865 3330/407/2968
f 3430/428/3295 3445/405/3306 3331/405/3387
f 2943/397/2848 2944/407/3388 3064/398/2849
f 2954/404/2855 2951/405/2874 2943/405/2856
f 3050/402/2858 3066/402/3389 3068/398/2858
f 3068/398/2858 3067/412/2858 3065/406/2858
f 3049/406/2858 3063/399/2858 3064/400/2858
f 3068/398/2858 3065/406/2858 3049/406/2858
f 3049/406/2858 3064/400/2858 3050/402/2858
f 3068/398/2859 2948/407/2859 2947/397/2859
f 3003/405/2863 3289/405/2852 3293/405/2852
f 2945/401/2851 2949/401/2860 3066/402/2862
f 3044/403/2865 3302/403/2968 3300/403/2852
f 2966/404/2870 2962/404/2879 2954/404/2855
f 2958/404/2871 2954/404/2855 2946/404/2857
f 2945/401/2851 2953/401/2854 2957/401/2867
f 2952/407/2873 3072/407/2852 3071/397/2852
f 2955/405/2875 2958/404/2871 2950/404/2872
f 2974/404/2878 2970/404/2880 2962/404/2879
f 2970/404/2880 2967/405/2890 2959/405/2881
f 2971/405/2882 2974/404/2878 2966/404/2870
f 3024/403/2886 3092/403/2886 3094/403/2887
f 2953/401/2854 2961/401/2885 2965/401/2888
f 2963/405/2883 2966/404/2870 2958/404/2871
f 2962/404/2879 2959/405/2881 2951/405/2874
f 2978/404/2889 2975/405/2924 2967/405/2890
f 2979/405/2891 2982/404/2908 2974/404/2878
f 2969/401/2892 2977/401/2905 2981/401/2893
f 2955/405/2875 3280/405/3198 3282/405/2852
f 3023/405/2897 3091/405/2937 3089/405/2898
f 2961/401/2885 2969/401/2892 2973/401/2894
f 2999/405/2900 3085/405/3009 3083/405/2901
f 2988/403/2906 3285/403/2852 3286/403/2852
f 2982/404/2908 2978/404/2889 2970/404/2880
f 3011/405/2864 3293/405/2852 3296/405/2852
f 3039/405/2912 3096/405/3037 3093/405/2913
f 2998/404/2918 2994/404/2921 2986/404/2919
f 2994/404/2921 2991/405/2902 2983/405/2922
f 2977/401/2905 2985/401/2904 2989/401/2915
f 2987/405/2923 2990/404/2920 2982/404/2908
f 2986/404/2919 2983/405/2922 2975/405/2924
f 2990/404/2920 2986/404/2919 2978/404/2889
f 3006/404/2925 3002/404/2926 2994/404/2921
f 3002/404/2926 2999/405/2900 2991/405/2902
f 3003/405/2863 3006/404/2925 2998/404/2918
f 3004/403/2928 3292/403/3205 3291/403/2852
f 3016/403/2932 3090/403/2932 3092/403/2886
f 2985/401/2904 2993/401/2931 2997/401/2933
f 2995/405/2927 2998/404/2918 2990/404/2920
f 3011/405/2864 3014/404/2951 3006/404/2925
f 3001/401/2934 3009/401/2944 3013/401/2935
f 3031/405/2914 3093/405/2913 3091/405/2937
f 2987/405/2923 3288/405/3214 3290/405/2852
f 2968/403/2940 3078/403/2940 3080/403/2941
f 2993/401/2931 3001/401/2934 3005/401/2936
f 3035/405/2945 3299/405/3210 3301/405/2946
f 3010/404/2950 3007/405/2962 2999/405/2900
f 3014/404/2951 3010/404/2950 3002/404/2926
f 2964/403/2952 3283/403/3206 3277/403/2852
f 3030/404/2957 3026/404/2960 3018/404/2958
f 3026/404/2960 3023/405/2897 3015/405/2899
f 2983/405/2922 3081/405/3021 3079/405/2961
f 3009/401/2944 3017/401/2943 3021/401/2948
f 3011/405/2864 3019/405/2910 3022/404/2959
f 3018/404/2958 3015/405/2899 3007/405/2962
f 3022/404/2959 3018/404/2958 3010/404/2950
f 3034/404/2963 3031/405/2914 3023/405/2897
f 3027/405/2964 3035/405/2945 3038/404/2965
f 3025/401/2966 3033/401/2972 3037/401/2967
f 2956/403/2953 3277/403/2852 3278/403/2865
f 3000/403/2970 3086/403/2970 3088/403/2971
f 3017/401/2943 3025/401/2966 3029/401/2955
f 3019/405/2910 3027/405/2964 3030/404/2957
f 3033/401/2972 3041/401/2977 3045/401/2973
f 2976/403/2941 3080/403/2941 3082/403/2974
f 3038/404/2965 3034/404/2963 3026/404/2960
f 3036/403/2866 3300/403/2852 3298/403/2852
f 3015/405/2899 3089/405/2898 3087/405/2981
f 3044/407/2865 3053/407/2968 3052/397/2982
f 3045/401/2852 3054/401/3390 3053/403/2865
f 3046/404/2984 3051/404/2989 3047/404/2985
f 3035/405/2945 3043/405/2947 3046/404/2984
f 3042/404/2986 3039/405/2912 3031/405/2914
f 3046/404/2984 3042/404/2986 3034/404/2963
f 3043/397/2947 3301/397/2946 3302/407/2968
f 3059/404/2988 3055/404/2990 3047/404/2985
f 3055/404/2990 3056/405/3392 3048/405/2991
f 3060/405/2992 3059/404/2988 3051/404/2989
f 3056/397/2995 3057/407/2995 3040/407/2993
f 3039/397/2994 3048/397/2852 3056/397/2995
f 3043/405/2947 3052/405/2982 3051/404/2989
f 3042/404/2986 3047/404/2985 3048/405/2991
f 3062/408/2996 3058/408/2997 3055/409/2997
f 3055/409/2997 3058/408/2997 3057/410/2997
f 3061/410/2996 3062/408/2996 3059/409/2996
f 3061/407/3001 3060/397/3001 3052/397/3001
f 2950/404/2872 3065/406/3007 3067/412/3002
f 3041/401/2977 3058/401/3005 3062/401/3003
f 3054/401/2998 3045/401/2973 3041/401/2977
f 2946/404/2857 2943/405/2856 3063/412/3006
f 2946/404/2857 3049/406/2865 3065/406/3007
f 2960/403/3008 3076/403/3038 3078/403/2940
f 2951/405/2874 3071/405/2852 3069/405/2852
f 2944/403/2968 3070/403/2865 3072/403/2852
f 2943/397/2856 3069/397/2852 3070/407/2865
f 3085/405/3009 3087/405/2981 3197/405/3010
f 3081/405/3021 3194/419/3034 3181/418/3022
f 3087/405/2981 3089/405/2898 3185/405/3028
f 3098/403/3029 3102/403/3041 3104/403/2865
f 3099/405/3032 3103/405/3042 3101/405/2852
f 3083/405/2901 3140/420/3055 3194/419/3034
f 2951/397/2874 3073/397/3039 3074/407/2968
f 3032/403/2887 3094/403/2887 3095/403/2968
f 2984/403/2975 3082/403/2974 3084/403/3035
f 2967/405/2890 3077/405/3040 3075/405/3036
f 3040/407/2968 3095/407/2968 3096/397/3037
f 2991/405/2902 3083/405/2901 3081/405/3021
f 3069/397/2852 3097/397/3033 3098/407/3029
f 2952/403/2873 3074/403/2968 3076/403/3038
f 2992/403/3035 3084/403/3035 3086/403/2970
f 3072/407/2852 3100/407/3030 3099/397/3032
f 3007/405/2962 3087/405/2981 3085/405/3009
f 2959/405/2881 3075/405/3036 3073/405/3039
f 3071/405/2852 3099/405/3032 3097/405/3033
f 3008/403/2971 3088/403/2971 3090/403/2932
f 3070/403/2865 3098/403/3029 3100/403/3030
f 2975/405/2924 3079/405/2961 3077/405/3040
f 3102/403/3041 3106/403/2968 3108/403/2968
f 3103/405/3042 3107/405/3044 3105/405/3043
f 3104/407/2865 3108/407/2968 3107/397/3044
f 3101/397/2852 3105/397/3043 3106/407/2968
f 3075/405/3036 3152/405/3048 3208/405/3045
f 3091/405/2937 3093/405/2913 3173/405/3046
f 3077/405/3040 3151/405/3060 3152/405/3048
f 3095/407/3052 3145/407/3165 3146/397/3053
f 3083/405/2901 3085/405/3009 3139/405/3011
f 3093/405/2913 3096/405/3037 3146/418/3058
f 3079/405/2961 3181/418/3022 3151/405/3060
f 3089/405/2898 3091/405/2937 3190/420/3047
f 3097/397/3033 3101/397/2852 3102/407/3041
f 3100/407/3030 3104/407/2865 3103/397/3042
f 3136/407/3065 3135/397/3396 3217/397/3066
f 3179/418/3068 3115/405/3131 3113/405/3069
f 3212/397/3071 3133/397/3397 3134/407/3072
f 3132/405/3077 3129/405/3140 3175/418/3078
f 3121/405/3082 3119/405/3125 3142/405/3083
f 3131/407/3065 3132/397/3396 3148/397/3066
f 3149/405/3070 3113/405/3069 3111/405/3085
f 3074/407/3092 3073/397/3178 3208/397/3093
f 3111/397/3095 3112/407/3098 3110/407/3096
f 3113/397/3097 3114/407/3097 3112/407/3098
f 3115/397/3101 3116/407/3100 3114/407/3097
f 3119/397/3102 3120/407/3102 3118/407/3103
f 3123/397/3104 3124/407/3104 3122/407/3105
f 3121/397/3106 3122/407/3105 3120/407/3102
f 3125/397/3107 3126/407/3109 3124/407/3104
f 3127/397/3108 3128/407/3108 3126/407/3109
f 3132/397/3110 3131/407/3110 3130/407/3111
f 3129/397/3112 3130/407/3111 3128/407/3108
f 3135/397/3113 3136/407/3113 3134/407/3113
f 3217/405/3114 3135/405/3115 3133/405/3115
f 3127/405/3117 3125/405/3127 3187/418/3118
f 3119/405/3125 3117/405/3399 3196/405/3126
f 3125/405/3127 3123/405/3141 3199/428/3128
f 3196/405/3126 3117/405/3399 3115/405/3131
f 3206/429/3071 3109/397/3397 3110/407/3072
f 3154/426/3086 3111/405/3085 3109/405/3138
f 3129/405/3140 3127/405/3117 3188/428/3119
f 3123/405/3141 3121/405/3082 3137/405/3084
f 3198/428/3142 3138/405/3143 3139/405/3011
f 3199/428/3128 3137/405/3084 3138/405/3143
f 3174/405/3144 3189/405/3145 3190/420/3047
f 3175/418/3078 3188/428/3119 3189/405/3145
f 3152/405/3048 3153/405/3147 3207/405/3146
f 3153/405/3147 3154/426/3086 3206/420/3139
f 3207/397/3156 3204/407/3156 3203/407/3094
f 3207/397/3156 3206/429/3071 3205/407/3073
f 3194/419/3034 3195/405/3158 3180/430/3157
f 3195/405/3158 3196/405/3126 3179/418/3068
f 3186/405/3160 3198/428/3142 3197/405/3010
f 3187/418/3118 3199/428/3128 3198/428/3142
f 3140/420/3055 3141/405/3161 3195/405/3158
f 3142/405/3083 3196/405/3126 3195/405/3158
f 3189/405/3145 3186/405/3160 3185/405/3028
f 3188/428/3119 3187/418/3118 3186/405/3160
f 3151/405/3060 3150/426/3164 3153/405/3147
f 3150/426/3164 3149/405/3070 3154/426/3086
f 3145/407/3165 3144/407/3166 3147/397/3166
f 3143/407/3067 3148/397/3066 3147/397/3166
f 3138/405/3143 3141/405/3161 3140/420/3055
f 3137/405/3084 3142/405/3083 3141/405/3161
f 3147/405/3168 3174/405/3144 3173/405/3046
f 3148/405/3079 3175/418/3078 3174/405/3144
f 3181/418/3022 3180/430/3157 3150/426/3164
f 3180/430/3157 3179/418/3068 3149/405/3070
f 3107/405/3044 3215/405/3175 3214/405/3174
f 3215/405/3175 3216/405/3177 3213/405/3176
f 3216/405/3177 3217/405/3114 3212/405/3116
f 3214/397/3093 3209/424/3094 3106/407/3092
f 3213/397/3156 3210/407/3156 3209/424/3094
f 3213/397/3156 3212/397/3071 3211/407/3073
f 3108/407/3052 3220/407/3165 3215/397/3053
f 3220/407/3165 3219/407/3166 3216/397/3166
f 3218/424/3067 3217/397/3066 3216/397/3166
f 2956/407/3179 2948/407/2852 3221/407/2865
f 2964/407/3180 2956/407/3179 3222/407/2852
f 3028/403/3181 3231/403/2852 3232/403/2852
f 2996/403/3183 3227/403/2852 3228/403/2852
f 2988/407/3185 2980/407/2907 3225/407/3186
f 3036/403/3182 3232/403/2852 3233/403/2865
f 3020/407/3188 3012/407/3191 3229/407/3189
f 3020/403/3188 3230/403/2852 3231/403/2852
f 2964/403/3180 3223/403/2852 3224/403/2852
f 3053/407/2865 3044/407/3187 3233/407/2865
f 3004/403/3184 3228/403/2852 3229/403/3189
f 2988/403/3185 3226/403/2852 3227/403/2852
f 2972/403/3190 3224/403/2852 3225/403/3186
f 3230/403/2852 3244/403/2852 3245/403/2852
f 3223/403/2852 3237/403/2852 3238/403/2852
f 3231/403/2852 3245/403/2852 3246/403/2852
f 3226/407/2852 3225/407/3186 3239/407/3186
f 3232/403/2852 3246/403/2852 3247/403/2865
f 3224/403/2852 3238/403/2852 3239/403/3186
f 3234/407/2865 3233/407/2865 3247/407/2865
f 3226/403/2852 3240/403/2852 3241/403/2852
f 3227/403/2852 3241/403/2852 3242/403/2852
f 3230/407/2852 3229/407/3189 3243/407/3189
f 3222/407/2852 3221/407/2865 3235/407/2865
f 3228/403/2852 3242/403/2852 3243/403/3189
f 3223/407/2852 3222/407/2852 3236/407/2852
f 3238/403/2852 3252/403/2852 3253/403/2852
f 3248/407/2865 3247/407/2865 3261/407/2865
f 3240/403/2852 3254/403/2852 3255/403/2852
f 3241/403/2852 3255/403/2852 3256/403/2852
f 3244/407/2852 3243/407/3189 3257/407/3189
f 3236/407/2852 3235/407/2865 3249/407/2865
f 3242/403/2852 3256/403/2852 3257/403/3189
f 3237/407/2852 3236/407/2852 3250/407/2852
f 3244/403/2852 3258/403/2852 3259/403/2852
f 3237/403/2852 3251/403/2852 3252/403/2852
f 3245/403/2852 3259/403/2852 3260/403/2852
f 3240/407/2852 3239/407/3186 3253/407/2852
f 3246/403/2852 3260/403/2852 3261/403/2865
f 3258/407/2852 3257/407/3189 3271/407/3192
f 3250/407/2852 3249/407/2865 3263/407/3194
f 3256/403/2852 3270/403/2928 3271/403/3192
f 3251/407/2852 3250/407/2852 3264/407/3195
f 3258/403/2852 3272/403/3193 3273/403/2979
f 3251/403/2852 3265/403/3196 3266/403/3197
f 3259/403/2852 3273/403/2979 3274/403/2866
f 3254/407/2852 3253/407/2852 3267/407/2907
f 3260/403/2852 3274/403/2866 3275/403/2865
f 3252/403/2852 3266/403/3197 3267/403/2907
f 3262/407/2865 3261/407/2865 3275/407/2865
f 3254/403/2852 3268/403/2906 3269/403/2929
f 3255/403/2852 3269/403/2929 3270/403/2928
f 3280/405/3198 3306/405/3255 3308/405/3199
f 3298/403/2852 3324/403/3181 3321/403/3200
f 3286/403/2852 3312/403/2907 3310/403/3190
f 3302/403/3203 3328/403/3203 3326/403/3204
f 3292/403/3205 3318/403/3184 3317/403/3183
f 3283/403/3206 3309/403/3253 3303/403/3195
f 3281/405/3207 3307/405/3257 3313/405/3208
f 3299/405/3210 3325/405/3256 3327/405/3211
f 3293/405/2852 3319/405/3254 3322/405/3212
f 3287/405/3209 3313/405/3208 3314/405/3213
f 3327/397/3215 3328/407/3215 3302/407/3215
f 3288/405/3214 3314/405/3213 3316/405/3216
f 3028/403/2979 3298/403/2852 3295/403/3201
f 3020/403/3217 3295/403/3201 3294/403/2852
f 2972/403/3197 3284/403/3202 3283/403/3206
f 2971/405/2882 3281/405/3207 3287/405/3209
f 2948/407/2968 3278/407/2865 3279/397/2852
f 2995/405/2927 3290/405/2852 3289/405/2852
f 3027/405/2964 3297/405/2852 3299/405/3210
f 3012/403/3218 3294/403/2852 3292/403/3205
f 3019/405/2910 3296/405/2852 3297/405/2852
f 2996/403/2929 3291/403/2852 3285/403/2852
f 2979/405/2891 3287/405/3209 3288/405/3214
f 2947/405/2876 3279/405/2852 3280/405/3198
f 2980/403/2907 3286/403/2852 3284/403/3202
f 2963/405/2883 3282/405/2852 3281/405/3207
f 3391/419/3234 3333/405/3248 3339/405/3235
f 3351/405/3237 3353/405/3402 3374/405/3238
f 3345/405/3240 3348/405/3284 3370/430/3241
f 3371/405/3236 3339/405/3235 3340/405/3243
f 3374/397/3245 3353/397/3245 3354/407/3245
f 3340/405/3243 3342/405/3291 3385/433/3246
f 3386/432/3247 3334/405/3281 3333/405/3248
f 3277/403/2852 3303/403/3195 3304/403/2968
f 3296/405/2852 3322/405/3212 3323/405/3249
f 3295/403/3201 3321/403/3200 3320/403/3250
f 3278/407/2865 3304/407/2968 3305/397/3251
f 3290/405/2852 3316/405/3216 3315/405/3252
f 3284/403/3202 3310/403/3190 3309/403/3253
f 3289/405/2852 3315/405/3252 3319/405/3254
f 3279/405/2852 3305/405/3251 3306/405/3255
f 3297/405/2852 3323/405/3249 3325/405/3256
f 3285/403/2852 3311/403/3185 3312/403/2907
f 3294/403/2852 3320/403/3250 3318/403/3184
f 3291/403/2852 3317/403/3183 3311/403/3185
f 3300/403/2852 3326/403/3403 3324/403/3181
f 3282/405/2852 3308/405/3199 3307/405/3257
f 3329/407/3258 3332/397/3261 3331/397/3259
f 3335/407/3260 3334/397/3263 3332/397/3261
f 3336/407/3262 3333/397/3267 3334/397/3263
f 3337/407/3264 3340/397/3264 3339/397/3265
f 3338/407/3266 3339/397/3265 3333/397/3267
f 3337/407/3264 3343/407/3268 3342/397/3268
f 3344/407/3269 3341/397/3273 3342/397/3268
f 3346/407/3270 3347/407/3274 3348/397/3271
f 3344/407/3269 3346/407/3270 3345/397/3272
f 3347/407/3274 3350/407/3276 3349/397/3275
f 3350/407/3276 3352/407/3278 3351/397/3277
f 3352/407/3278 3354/407/3279 3353/397/3279
f 3416/405/3280 3332/405/3296 3334/405/3281
f 3348/405/3284 3349/405/3297 3424/434/3285
f 3342/405/3291 3341/405/3294 3433/426/3292
f 3341/405/3294 3345/405/3240 3365/420/3242
f 3430/428/3295 3331/405/3387 3332/405/3296
f 3349/405/3297 3351/405/3237 3362/405/3239
f 3358/407/3302 3357/397/3302 3442/397/3302
f 3449/426/3304 3442/405/3404 3357/405/3305
f 3445/397/3306 3357/397/3305 3358/407/2968
f 3443/435/3307 3356/407/3307 3355/397/3307
f 3355/405/3308 3440/405/3311 3447/405/3309
f 3440/405/3311 3441/405/3313 3448/405/3312
f 3441/405/3313 3442/405/3404 3449/426/3304
f 3356/407/3302 3437/407/3302 3440/397/3302
f 3437/407/3302 3438/407/3302 3441/397/3302
f 3439/407/3303 3442/397/3302 3441/397/3302
f 3422/405/3335 3364/433/3337 3325/405/3256
f 3423/405/3336 3363/419/3338 3364/433/3337
f 3424/434/3285 3362/405/3239 3363/419/3338
f 3305/405/3251 3428/405/3340 3418/432/3339
f 3428/405/3340 3429/420/3342 3417/405/3341
f 3429/420/3342 3430/428/3295 3416/405/3280
f 3431/405/3343 3367/420/3345 3319/405/3254
f 3432/405/3344 3366/436/3346 3367/420/3345
f 3433/426/3292 3365/420/3242 3366/436/3346
f 3383/420/3353 3431/405/3343 3315/405/3252
f 3384/420/3354 3432/405/3344 3431/405/3343
f 3385/433/3246 3433/426/3292 3432/405/3344
f 3368/405/3364 3422/405/3335 3323/405/3249
f 3369/432/3365 3423/405/3336 3422/405/3335
f 3370/430/3241 3424/434/3285 3423/405/3336
f 3306/405/3255 3418/432/3339 3388/405/3372
f 3418/432/3339 3417/405/3341 3387/430/3373
f 3417/405/3341 3416/405/3280 3386/432/3247
f 3308/405/3199 3388/405/3372 3389/430/3374
f 3388/405/3372 3387/430/3373 3390/438/3375
f 3387/430/3373 3386/432/3247 3391/419/3234
f 3382/432/3376 3383/420/3353 3316/405/3216
f 3381/432/3377 3384/420/3354 3383/420/3353
f 3380/432/3244 3385/433/3246 3384/420/3354
f 3376/397/3245 3377/407/3245 3328/407/3245
f 3375/397/3245 3378/407/3245 3377/407/3245
f 3375/397/3245 3374/397/3245 3379/407/3245
f 3313/405/3208 3373/418/3378 3382/432/3376
f 3373/418/3378 3372/405/3379 3381/432/3377
f 3372/405/3379 3371/405/3236 3380/432/3244
f 3367/420/3345 3368/405/3364 3322/405/3212
f 3366/436/3346 3369/432/3365 3368/405/3364
f 3365/420/3242 3370/430/3241 3369/432/3365
f 3364/433/3337 3376/405/3381 3327/405/3380
f 3363/419/3338 3375/405/3382 3376/405/3381
f 3362/405/3239 3374/405/3238 3375/405/3382
f 3307/405/3257 3389/430/3374 3373/418/3378
f 3389/430/3374 3390/438/3375 3372/405/3379
f 3390/438/3375 3391/419/3234 3371/405/3236
f 3448/405/3312 3449/426/3304 3430/428/3295
f 3447/405/3309 3448/405/3312 3429/420/3342
f 3446/420/3310 3447/405/3309 3428/405/3340
f 3304/407/3307 3443/435/3307 3446/397/3307
f 3331/397/3387 3445/397/3306 3444/407/2865
f 3430/428/3295 3449/426/3304 3445/405/3306
usemtl Material.003
f 3082/403/3026 3182/417/3027 3200/416/3019
f 3088/403/3031 3191/415/3025 3090/403/3024
f 3092/403/3049 3164/414/3014 3094/403/3013
f 3078/403/3056 3172/415/3017 3167/422/3057
f 3084/403/3018 3157/423/3059 3086/403/3050
f 3176/414/3074 3122/403/3075 3155/415/3076
f 3112/403/3080 3169/417/3064 3170/425/3081
f 3161/403/3089 3130/403/3090 3166/403/3091
f 3117/397/3099 3116/407/3100 3115/397/3101
f 3134/403/3120 3218/413/3121 3211/403/3122
f 3160/427/3088 3126/403/3123 3193/403/3124
f 3116/403/3129 3202/413/3130 3184/415/3063
f 3183/403/3159 3200/416/3019 3182/417/3027
f 3184/415/3063 3201/416/3152 3183/403/3159
f 3158/421/3051 3192/425/3155 3191/415/3025
f 3159/415/3162 3193/403/3124 3192/425/3155
f 3163/415/3023 3165/416/3149 3164/414/3014
f 3162/403/3154 3166/403/3091 3165/416/3149
f 3171/425/3151 3167/422/3057 3172/415/3017
f 3170/425/3081 3168/403/3167 3171/425/3151
f 3178/417/3020 3156/422/3163 3157/423/3059
f 3177/427/3153 3155/415/3076 3156/422/3163
f 3209/413/3169 3108/403/3170 3106/403/3170
f 3210/403/3171 3220/403/3172 3209/413/3169
f 3211/403/3122 3219/403/3173 3210/403/3171
f 3413/427/3219 3347/403/3220 3412/425/3221
f 3338/403/3222 3406/403/3223 3407/403/3224
f 3335/403/3231 3361/403/3232 3392/416/3233
f 3412/425/3221 3346/403/3286 3427/423/3287
f 3336/403/3293 3392/416/3233 3406/403/3223
f 3427/423/3287 3344/403/3300 3398/431/3228
f 3320/403/3326 3400/431/3327 3318/403/3328
f 3425/403/3329 3399/431/3330 3400/431/3327
f 3426/403/3331 3398/431/3228 3399/431/3330
f 3404/403/3347 3309/403/3348 3310/403/3349
f 3405/403/3350 3394/422/3351 3404/403/3347
f 3406/403/3223 3393/417/3352 3405/403/3350
f 3321/403/3361 3425/403/3329 3320/403/3326
f 3410/415/3362 3426/403/3331 3425/403/3329
f 3411/415/3363 3427/423/3287 3426/403/3331
f 3394/422/3351 3303/403/3368 3309/403/3348
f 3393/417/3352 3359/403/3366 3394/422/3351
f 3392/416/3233 3360/403/3369 3393/417/3352
f 3409/427/3333 3310/403/3349 3312/403/3332
f 3408/403/3334 3404/403/3347 3409/427/3333
f 3407/403/3224 3405/403/3350 3408/403/3334
f 3324/403/3316 3410/415/3362 3321/403/3361
f 3415/403/3315 3411/415/3363 3410/415/3362
f 3414/413/3318 3412/425/3221 3411/415/3363
f 3082/403/3026 3080/403/3061 3182/417/3027
f 3088/403/3031 3158/421/3051 3191/415/3025
f 3092/403/3049 3163/415/3023 3164/414/3014
f 3078/403/3056 3076/403/3015 3172/415/3017
f 3084/403/3018 3178/417/3020 3157/423/3059
f 3176/414/3074 3120/403/3133 3122/403/3075
f 3112/403/3080 3114/403/3062 3169/417/3064
f 3161/403/3089 3128/403/3132 3130/403/3090
f 3117/397/3099 3118/407/3103 3116/407/3100
f 3134/403/3120 3136/403/3398 3218/413/3121
f 3160/427/3088 3124/403/3087 3126/403/3123
f 3116/403/3129 3118/403/3400 3202/413/3130
f 3183/403/3159 3201/416/3152 3200/416/3019
f 3184/415/3063 3202/413/3130 3201/416/3152
f 3158/421/3051 3159/415/3162 3192/425/3155
f 3159/415/3162 3160/427/3088 3193/403/3124
f 3163/415/3023 3162/403/3154 3165/416/3149
f 3162/403/3154 3161/403/3089 3166/403/3091
f 3171/425/3151 3168/403/3167 3167/422/3057
f 3170/425/3081 3169/417/3064 3168/403/3167
f 3178/417/3020 3177/427/3153 3156/422/3163
f 3177/427/3153 3176/414/3074 3155/415/3076
f 3209/413/3169 3220/403/3172 3108/403/3170
f 3210/403/3171 3219/403/3173 3220/403/3172
f 3211/403/3122 3218/413/3121 3219/403/3173
f 3413/427/3219 3350/403/3301 3347/403/3220
f 3338/403/3222 3336/403/3293 3406/403/3223
f 3335/403/3231 3329/403/3282 3361/403/3232
f 3412/425/3221 3347/403/3220 3346/403/3286
f 3336/403/3293 3335/403/3231 3392/416/3233
f 3427/423/3287 3346/403/3286 3344/403/3300
f 3320/403/3326 3425/403/3329 3400/431/3327
f 3425/403/3329 3426/403/3331 3399/431/3330
f 3426/403/3331 3427/423/3287 3398/431/3228
f 3404/403/3347 3394/422/3351 3309/403/3348
f 3405/403/3350 3393/417/3352 3394/422/3351
f 3406/403/3223 3392/416/3233 3393/417/3352
f 3321/403/3361 3410/415/3362 3425/403/3329
f 3410/415/3362 3411/415/3363 3426/403/3331
f 3411/415/3363 3412/425/3221 3427/423/3287
f 3394/422/3351 3359/403/3366 3303/403/3368
f 3393/417/3352 3360/403/3369 3359/403/3366
f 3392/416/3233 3361/403/3232 3360/403/3369
f 3409/427/3333 3404/403/3347 3310/403/3349
f 3408/403/3334 3405/403/3350 3404/403/3347
f 3407/403/3224 3406/403/3223 3405/403/3350
f 3324/403/3316 3415/403/3315 3410/415/3362
f 3415/403/3315 3414/413/3318 3411/415/3363
f 3414/413/3318 3413/427/3219 3412/425/3221
usemtl Material.004
f 3064/400/2850 2945/401/2851 3050/402/2852
f 2944/403/2853 2953/401/2854 2945/401/2851
f 2949/401/2860 3068/400/2861 3066/402/2862
f 2957/401/2867 2964/403/2868 2956/403/2869
f 2949/401/2860 2956/403/2869 2948/403/2877
f 2952/403/2884 2961/401/2885 2953/401/2854
f 2965/401/2888 2972/403/2895 2964/403/2868
f 2960/403/2896 2969/401/2892 2961/401/2885
f 2976/403/2903 2985/401/2904 2977/401/2905
f 2973/401/2894 2980/403/2909 2972/403/2895
f 2968/403/2911 2977/401/2905 2969/401/2892
f 2989/401/2915 2996/403/2916 2988/403/2917
f 2981/401/2893 2988/403/2917 2980/403/2909
f 2984/403/2930 2993/401/2931 2985/401/2904
f 2997/401/2933 3004/403/2938 2996/403/2916
f 2992/403/2939 3001/401/2934 2993/401/2931
f 3008/403/2942 3017/401/2943 3009/401/2944
f 3021/401/2948 3012/403/2949 3013/401/2935
f 3005/401/2936 3012/403/2949 3004/403/2938
f 3000/403/2954 3009/401/2944 3001/401/2934
f 3029/401/2955 3020/403/2956 3021/401/2948
f 3016/403/2969 3025/401/2966 3017/401/2943
f 3032/403/2976 3041/401/2977 3033/401/2972
f 3037/401/2967 3028/403/2978 3029/401/2955
f 3024/403/2980 3033/401/2972 3025/401/2966
f 3045/401/2973 3036/403/2987 3037/401/2967
f 3054/401/2998 3061/403/2999 3053/403/3000
f 3040/403/3004 3058/401/3005 3041/401/2977
f 3145/413/3012 3094/403/3013 3164/414/3014
f 3076/403/3015 3203/415/3016 3172/415/3017
f 3084/403/3018 3200/416/3019 3178/417/3020
f 3163/415/3023 3090/403/3024 3191/415/3025
f 3086/403/3050 3158/421/3051 3088/403/3031
f 3080/403/3061 3167/422/3057 3182/417/3027
f 3114/403/3062 3184/415/3063 3169/417/3064
f 3155/415/3076 3124/403/3087 3160/427/3088
f 3193/403/3124 3128/403/3132 3161/403/3089
f 3202/413/3130 3120/403/3133 3176/414/3074
f 3110/403/3134 3170/425/3081 3205/403/3135
f 3166/403/3091 3131/403/3136 3143/403/3137
f 3164/414/3014 3144/403/3148 3145/413/3012
f 3165/416/3149 3143/403/3137 3144/403/3148
f 3204/403/3150 3172/415/3017 3203/415/3016
f 3205/403/3135 3171/425/3151 3204/403/3150
f 3201/416/3152 3178/417/3020 3200/416/3019
f 3201/416/3152 3176/414/3074 3177/427/3153
f 3191/415/3025 3162/403/3154 3163/415/3023
f 3192/425/3155 3161/403/3089 3162/403/3154
f 3157/423/3059 3159/415/3162 3158/421/3051
f 3156/422/3163 3160/427/3088 3159/415/3162
f 3168/403/3167 3182/417/3027 3167/422/3057
f 3169/417/3064 3183/403/3159 3168/403/3167
f 3379/403/3225 3352/403/3226 3403/403/3227
f 3398/431/3228 3343/403/3229 3397/415/3230
f 3329/403/3282 3421/416/3283 3361/403/3232
f 3452/403/3288 3356/403/3289 3443/403/3290
f 3337/403/3298 3407/403/3224 3434/403/3299
f 3397/415/3230 3337/403/3298 3434/403/3299
f 3403/403/3227 3350/403/3301 3413/427/3219
f 3326/403/3314 3415/403/3315 3324/403/3316
f 3401/403/3317 3414/413/3318 3415/403/3315
f 3402/416/3319 3413/427/3219 3414/413/3318
f 3317/403/3320 3436/403/3321 3311/403/3322
f 3395/403/3323 3435/403/3324 3436/403/3321
f 3396/403/3325 3434/403/3299 3435/403/3324
f 3436/403/3321 3312/403/3332 3311/403/3322
f 3435/403/3324 3409/427/3333 3436/403/3321
f 3434/403/3299 3408/403/3334 3435/403/3324
f 3444/403/3355 3439/403/3356 3450/427/3357
f 3450/427/3357 3438/403/3358 3451/437/3359
f 3451/437/3359 3437/403/3360 3452/403/3288
f 3359/403/3366 3304/403/3367 3303/403/3368
f 3360/403/3369 3419/413/3370 3359/403/3366
f 3361/403/3232 3420/417/3371 3360/403/3369
f 3318/403/3328 3395/403/3323 3317/403/3320
f 3400/431/3327 3396/403/3325 3395/403/3323
f 3399/431/3330 3397/415/3230 3396/403/3325
f 3328/403/3383 3401/403/3317 3326/403/3314
f 3377/403/3384 3402/416/3319 3401/403/3317
f 3378/403/3385 3403/403/3227 3402/416/3319
f 3420/417/3371 3452/403/3288 3419/413/3370
f 3421/416/3283 3451/437/3359 3420/417/3371
f 3330/403/3386 3450/427/3357 3421/416/3283
f 3419/413/3370 3443/403/3290 3304/403/3367
f 3064/400/2850 2944/403/2853 2945/401/2851
f 2944/403/2853 2952/403/2884 2953/401/2854
f 2949/401/2860 2948/403/2877 3068/400/2861
f 2957/401/2867 2965/401/2888 2964/403/2868
f 2949/401/2860 2957/401/2867 2956/403/2869
f 2952/403/2884 2960/403/2896 2961/401/2885
f 2965/401/2888 2973/401/2894 2972/403/2895
f 2960/403/2896 2968/403/2911 2969/401/2892
f 2976/403/2903 2984/403/2930 2985/401/2904
f 2973/401/2894 2981/401/2893 2980/403/2909
f 2968/403/2911 2976/403/2903 2977/401/2905
f 2989/401/2915 2997/401/2933 2996/403/2916
f 2981/401/2893 2989/401/2915 2988/403/2917
f 2984/403/2930 2992/403/2939 2993/401/2931
f 2997/401/2933 3005/401/2936 3004/403/2938
f 2992/403/2939 3000/403/2954 3001/401/2934
f 3008/403/2942 3016/403/2969 3017/401/2943
f 3021/401/2948 3020/403/2956 3012/403/2949
f 3005/401/2936 3013/401/2935 3012/403/2949
f 3000/403/2954 3008/403/2942 3009/401/2944
f 3029/401/2955 3028/403/2978 3020/403/2956
f 3016/403/2969 3024/403/2980 3025/401/2966
f 3032/403/2976 3040/403/3004 3041/401/2977
f 3037/401/2967 3036/403/2987 3028/403/2978
f 3024/403/2980 3032/403/2976 3033/401/2972
f 3045/401/2973 3044/403/3391 3036/403/2987
f 3054/401/2998 3062/401/3003 3061/403/2999
f 3040/403/3004 3057/403/3393 3058/401/3005
f 3145/413/3012 3095/403/3394 3094/403/3013
f 3076/403/3015 3074/403/3395 3203/415/3016
f 3084/403/3018 3082/403/3026 3200/416/3019
f 3163/415/3023 3092/403/3049 3090/403/3024
f 3086/403/3050 3157/423/3059 3158/421/3051
f 3080/403/3061 3078/403/3056 3167/422/3057
f 3114/403/3062 3116/403/3129 3184/415/3063
f 3155/415/3076 3122/403/3075 3124/403/3087
f 3193/403/3124 3126/403/3123 3128/403/3132
f 3202/413/3130 3118/403/3400 3120/403/3133
f 3110/403/3134 3112/403/3080 3170/425/3081
f 3166/403/3091 3130/403/3090 3131/403/3136
f 3164/414/3014 3165/416/3149 3144/403/3148
f 3165/416/3149 3166/403/3091 3143/403/3137
f 3204/403/3150 3171/425/3151 3172/415/3017
f 3205/403/3135 3170/425/3081 3171/425/3151
f 3201/416/3152 3177/427/3153 3178/417/3020
f 3201/416/3152 3202/413/3130 3176/414/3074
f 3191/415/3025 3192/425/3155 3162/403/3154
f 3192/425/3155 3193/403/3124 3161/403/3089
f 3157/423/3059 3156/422/3163 3159/415/3162
f 3156/422/3163 3155/415/3076 3160/427/3088
f 3168/403/3167 3183/403/3159 3182/417/3027
f 3169/417/3064 3184/415/3063 3183/403/3159
f 3379/403/3225 3354/403/3401 3352/403/3226
f 3398/431/3228 3344/403/3300 3343/403/3229
f 3329/403/3282 3330/403/3386 3421/416/3283
f 3452/403/3288 3437/403/3360 3356/403/3289
f 3337/403/3298 3338/403/3222 3407/403/3224
f 3397/415/3230 3343/403/3229 3337/403/3298
f 3403/403/3227 3352/403/3226 3350/403/3301
f 3326/403/3314 3401/403/3317 3415/403/3315
f 3401/403/3317 3402/416/3319 3414/413/3318
f 3402/416/3319 3403/403/3227 3413/427/3219
f 3317/403/3320 3395/403/3323 3436/403/3321
f 3395/403/3323 3396/403/3325 3435/403/3324
f 3396/403/3325 3397/415/3230 3434/403/3299
f 3436/403/3321 3409/427/3333 3312/403/3332
f 3435/403/3324 3408/403/3334 3409/427/3333
f 3434/403/3299 3407/403/3224 3408/403/3334
f 3444/403/3355 3358/403/2852 3439/403/3356
f 3450/427/3357 3439/403/3356 3438/403/3358
f 3451/437/3359 3438/403/3358 3437/403/3360
f 3359/403/3366 3419/413/3370 3304/403/3367
f 3360/403/3369 3420/417/3371 3419/413/3370
f 3361/403/3232 3421/416/3283 3420/417/3371
f 3318/403/3328 3400/431/3327 3395/403/3323
f 3400/431/3327 3399/431/3330 3396/403/3325
f 3399/431/3330 3398/431/3228 3397/415/3230
f 3328/403/3383 3377/403/3384 3401/403/3317
f 3377/403/3384 3378/403/3385 3402/416/3319
f 3378/403/3385 3379/403/3225 3403/403/3227
f 3420/417/3371 3451/437/3359 3452/403/3288
f 3421/416/3283 3450/427/3357 3451/437/3359
f 3330/403/3386 3444/403/3355 3450/427/3357
f 3419/413/3370 3452/403/3288 3443/403/3290
o Cube.023
v -21.406036 -44.558689 1.863252
v -21.406036 -44.558689 2.065779
v -42.761292 -43.926521 1.863252
v -21.406036 -43.926521 2.065779
v -42.761292 -44.558689 1.863252
v -42.761292 -44.558689 2.065779
v -42.761292 -43.926521 2.065779
v -21.406036 -43.926521 1.863252
v -21.406036 -30.421101 1.863248
v -21.406036 -30.421101 2.065776
v -42.761292 -31.053268 1.863248
v -21.406036 -31.053268 2.065776
v -42.761292 -30.421101 1.863248
v -42.761292 -30.421101 2.065776
v -42.761292 -31.053268 2.065776
v -21.406036 -31.053268 1.863248
vn -0.0000 -0.0000 -1.0000
vn -1.0000 -0.0000 -0.0000
vn -0.0000 -1.0000 -0.0000
vn -0.0000 -0.0000 1.0000
vn 1.0000 -0.0000 -0.0000
vn -0.0000 1.0000 -0.0000
vt 0.375000 0.738821
vt 0.125000 0.738821
vt 0.375000 0.750000
vt 0.625000 0.738821
vt 0.375000 1.000000
vt 0.625000 0.750000
vt 0.125000 0.750000
vt 0.875000 0.738821
vt 0.625000 0.011179
vt 0.375000 0.011179
vt 0.625000 0.000000
vt 0.375000 0.000000
vt 0.625000 1.000000
vt 0.875000 0.750000
s 1
usemtl Material.001
f 3455/439/3405 3468/440/3405 3460/440/3405
f 3457/441/3406 3459/442/3406 3455/439/3406
f 3453/443/3407 3458/444/3407 3457/441/3407
f 3453/445/3405 3455/439/3405 3460/440/3405
f 3464/447/3409 3460/448/3409 3468/448/3409
f 3460/448/3409 3454/449/3409 3453/450/3409
f 3459/442/3406 3463/439/3406 3455/439/3406
f 3467/442/3406 3465/441/3406 3463/439/3406
f 3466/444/3410 3461/443/3410 3465/441/3410
f 3463/439/3405 3461/445/3405 3468/440/3405
f 3462/449/3409 3468/448/3409 3461/450/3409
f 3456/446/3408 3467/442/3408 3459/442/3408
f 3455/439/3405 3463/439/3405 3468/440/3405
f 3457/441/3406 3458/444/3406 3459/442/3406
f 3453/443/3407 3454/451/3407 3458/444/3407
f 3453/445/3405 3457/441/3405 3455/439/3405
f 3464/447/3409 3456/447/3409 3460/448/3409
f 3460/448/3409 3456/447/3409 3454/449/3409
f 3459/442/3406 3467/442/3406 3463/439/3406
f 3467/442/3406 3466/444/3406 3465/441/3406
f 3466/444/3410 3462/451/3410 3461/443/3410
f 3463/439/3405 3465/441/3405 3461/445/3405
f 3462/449/3409 3464/447/3409 3468/448/3409
f 3456/446/3408 3464/446/3408 3467/442/3408
usemtl Material.002
f 3458/444/3408 3456/446/3408 3459/442/3408
f 3464/446/3408 3466/444/3408 3467/442/3408
f 3458/444/3408 3454/452/3408 3456/446/3408
f 3464/446/3408 3462/452/3408 3466/444/3408
o Cube.024
v -66.807747 -25.455807 1.967206
v -66.807632 -25.455868 2.170554
v -66.181534 -25.454147 2.066077
v -66.181549 -25.454140 1.863457
v -52.676132 -25.454140 2.047280
v -52.676132 -25.454140 2.249807
v -53.308300 -25.454140 2.073243
v -53.308300 -25.454140 1.870715
v -66.645607 -27.945107 1.967206
v -66.645485 -27.945168 2.170554
v -66.024811 -27.861012 2.065774
v -66.024811 -27.861012 1.863246
v -52.634705 -26.099926 2.016790
v -52.634705 -26.099926 2.219318
v -53.261475 -26.182358 2.066840
v -53.261475 -26.182358 1.864313
v -66.160248 -30.392014 1.967206
v -66.160133 -30.392075 2.170554
v -65.555557 -30.226891 2.065774
v -65.555557 -30.226891 1.863246
v -52.509418 -26.734795 1.987718
v -52.509418 -26.734795 2.190246
v -53.120090 -26.898254 2.065776
v -53.120090 -26.898254 1.863248
v -65.359970 -32.754734 1.967206
v -65.359848 -32.754795 2.170554
v -64.781799 -32.511375 2.065774
v -64.781799 -32.511375 1.863246
v -52.302422 -27.347908 1.976062
v -52.302422 -27.347908 2.178590
v -52.886562 -27.589603 2.065776
v -52.886562 -27.589603 1.863248
v -64.258423 -34.992928 1.967206
v -64.258301 -34.992989 2.170554
v -63.716759 -34.675465 2.065774
v -63.716759 -34.675465 1.863247
v -52.017239 -27.928795 1.976063
v -52.017239 -27.928795 2.178590
v -52.564877 -28.244598 2.065776
v -52.564877 -28.244598 1.863248
v -62.874428 -37.068367 1.967207
v -62.874306 -37.068428 2.170554
v -62.378620 -36.682194 2.065774
v -62.378620 -36.682194 1.863247
v -51.658749 -28.467537 1.976063
v -51.658749 -28.467537 2.178590
v -52.160530 -28.852051 2.065776
v -52.160530 -28.852051 1.863248
v -61.231613 -38.945621 1.967207
v -61.231495 -38.945683 2.170555
v -60.790234 -38.497299 2.065775
v -60.790234 -38.497299 1.863247
v -51.233067 -28.954926 1.976063
v -51.233067 -28.954926 2.178590
v -51.680424 -29.401592 2.065776
v -51.680424 -29.401592 1.863248
v -59.358040 -40.592625 1.967207
v -59.357922 -40.592690 2.170555
v -58.978722 -40.089783 2.065775
v -58.978722 -40.089783 1.863247
v -50.747463 -29.382652 1.976063
v -50.747463 -29.382652 2.178591
v -51.132755 -29.883835 2.065776
v -51.132755 -29.883835 1.863248
v -57.285694 -41.981258 1.967207
v -57.285576 -41.981319 2.170555
v -56.975021 -41.432449 2.065775
v -56.975021 -41.432449 1.863248
v -50.210232 -29.743401 1.976063
v -50.210232 -29.743401 2.178590
v -50.526882 -30.290546 2.065776
v -50.526882 -30.290546 1.863248
v -55.049969 -43.087799 1.967207
v -55.049850 -43.087860 2.170555
v -54.813347 -42.502373 2.065776
v -54.813347 -42.502373 1.863248
v -49.630547 -30.031017 1.988867
v -49.630547 -30.031017 2.191395
v -49.873146 -30.614784 2.065776
v -49.873146 -30.614784 1.863249
v -52.689045 -43.893364 1.967208
v -52.688927 -43.893425 2.170556
v -52.530613 -43.281284 2.065776
v -52.530613 -43.281284 1.863248
v -49.018307 -30.240585 2.018015
v -49.018307 -30.240585 2.220543
v -49.182713 -30.851006 2.066981
v -49.182713 -30.851006 1.864453
v -50.243233 -44.384186 1.967208
v -50.243114 -44.384247 2.170556
v -50.165775 -43.755890 2.066168
v -50.165791 -43.755882 1.863522
v -48.383968 -30.368534 2.048541
v -48.383968 -30.368534 2.251069
v -48.467373 -30.995174 2.073636
v -48.467373 -30.995174 1.871109
v -47.754303 -44.551891 1.967209
v -47.754185 -44.551952 2.170557
v -47.759171 -43.918098 2.067788
v -47.759212 -43.918076 1.864972
v -47.738361 -30.412670 2.079350
v -47.738361 -30.412670 2.281878
v -47.739338 -31.044838 2.086590
v -47.739338 -31.044838 1.884063
v -47.759212 -43.918076 1.864972
v -47.754303 -44.551891 1.967209
v -66.181557 -18.639557 1.863246
v -66.181557 -18.639557 2.065774
v -47.739338 -31.044838 1.884063
v -47.738361 -30.412670 2.079350
v -47.738361 -30.412670 2.281878
v -47.739338 -31.044838 2.086590
v -42.828571 -43.925705 1.863250
v -42.829556 -44.557873 1.863250
v -42.829556 -44.557873 2.065778
v -42.828571 -43.925705 2.065778
v -42.808617 -31.052483 1.863250
v -42.807636 -30.420315 1.863250
v -42.807636 -30.420315 2.065778
v -42.808617 -31.052483 2.065778
v -66.813721 -18.639557 1.863246
v -66.813721 -18.639557 2.065774
v -53.308304 -18.639553 1.863248
v -53.308304 -18.639553 2.065776
v -52.676136 -18.639553 1.863248
v -52.676136 -18.639553 2.065776
v -66.807747 -25.455807 1.967206
v -66.807632 -25.455868 2.170554
v -66.645607 -27.945107 1.967206
v -66.645485 -27.945168 2.170554
v -66.645607 -27.945107 1.967206
v -66.645485 -27.945168 2.170554
v -66.160248 -30.392014 1.967206
v -66.160133 -30.392075 2.170554
v -65.359970 -32.754734 1.967206
v -65.359848 -32.754795 2.170554
v -64.258423 -34.992928 1.967206
v -64.258301 -34.992989 2.170554
v -62.874428 -37.068367 1.967207
v -62.874306 -37.068428 2.170554
v -61.231613 -38.945621 1.967207
v -61.231495 -38.945683 2.170555
v -59.358040 -40.592625 1.967207
v -59.357922 -40.592690 2.170555
v -57.285694 -41.981258 1.967207
v -57.285576 -41.981319 2.170555
v -55.049969 -43.087799 1.967207
v -55.049850 -43.087860 2.170555
v -52.689045 -43.893364 1.967208
v -52.688927 -43.893425 2.170556
v -50.243233 -44.384186 1.967208
v -50.243114 -44.384247 2.170556
v -47.754185 -44.551952 2.170557
v -47.754303 -44.551891 1.967209
v -66.807747 -25.455807 1.967206
v -66.807632 -25.455868 2.170554
v -66.645607 -27.945107 1.967206
v -66.645485 -27.945168 2.170554
v -66.807747 -25.455807 1.967206
v -66.807632 -25.455868 2.170554
v -66.645607 -27.945107 1.967206
v -66.645485 -27.945168 2.170554
v -66.807747 -25.455807 1.967206
v -66.807632 -25.455868 2.170554
v -66.645607 -27.945107 1.967206
v -66.645485 -27.945168 2.170554
v -68.133316 -29.239998 1.966890
v -68.133194 -29.240059 2.170234
v -67.647957 -31.686901 1.966890
v -67.647835 -31.686962 2.170234
v -66.847672 -34.049622 1.966890
v -66.847549 -34.049686 2.170234
v -65.746124 -36.287819 1.966890
v -65.746010 -36.287876 2.170235
v -64.362137 -38.363258 1.966890
v -64.362015 -38.363319 2.170234
v -62.719322 -40.240513 1.966890
v -62.719200 -40.240574 2.170235
v -60.845745 -41.887516 1.966891
v -60.845627 -41.887577 2.170235
v -58.773399 -43.276146 1.966891
v -58.773285 -43.276211 2.170236
v -56.537678 -44.382694 1.966891
v -56.537560 -44.382755 2.170236
v -54.176750 -45.188255 1.966892
v -54.176632 -45.188320 2.170236
v -51.730938 -45.679085 1.966892
v -51.730824 -45.679138 2.170237
v -49.241890 -45.846840 2.170237
v -49.242008 -45.846779 1.966892
v -68.295448 -26.750694 1.966890
v -68.295334 -26.750755 2.170234
v -68.133316 -29.239998 1.966890
v -68.133194 -29.240059 2.170234
v -60.464233 -41.566551 2.129722
v -60.087353 -41.244244 2.214247
v -59.720387 -40.919098 2.129825
v -61.593964 -39.272095 2.129825
v -61.960930 -39.597237 2.214247
v -62.337807 -39.919548 2.129721
v -48.860497 -45.525818 2.332251
v -48.483620 -45.203506 2.416777
v -48.116650 -44.878368 2.332355
v -48.116650 -44.878368 2.129827
v -48.483620 -45.203506 2.214249
v -48.860497 -45.525818 2.129723
v -66.466156 -33.728661 2.129721
v -66.089279 -33.406349 2.214246
v -65.722313 -33.081207 2.129824
v -66.522598 -30.718491 2.129824
v -66.889565 -31.043633 2.214246
v -67.266441 -31.365936 2.129722
v -60.464233 -41.566551 2.332250
v -60.087353 -41.244244 2.416775
v -59.720387 -40.919098 2.332353
v -57.648041 -42.307732 2.332354
v -58.015011 -42.632874 2.416775
v -58.391888 -42.955181 2.332250
v -53.795238 -44.867287 2.332251
v -53.418362 -44.544979 2.416776
v -53.051392 -44.219837 2.332354
v -50.605579 -44.710663 2.332355
v -50.972546 -45.035805 2.416776
v -51.349426 -45.358116 2.332251
v -65.722313 -33.081207 2.332352
v -66.089279 -33.406349 2.416774
v -66.466156 -33.728661 2.332249
v -67.266441 -31.365936 2.332249
v -66.889565 -31.043629 2.416774
v -66.522598 -30.718487 2.332352
v -50.605579 -44.710663 2.129827
v -50.972546 -45.035805 2.214248
v -51.349426 -45.358116 2.129723
v -62.337807 -39.919548 2.332249
v -61.960930 -39.597237 2.416775
v -61.593964 -39.272095 2.332353
v -65.364616 -35.966850 2.129721
v -64.987732 -35.644543 2.214247
v -64.620773 -35.319401 2.129825
v -64.620773 -35.319401 2.332352
v -64.987732 -35.644543 2.416774
v -65.364616 -35.966850 2.332249
v -55.412319 -43.414276 2.129826
v -55.779285 -43.739414 2.214248
v -56.156162 -44.061722 2.129723
v -53.795238 -44.867287 2.129723
v -53.418362 -44.544979 2.214248
v -53.051392 -44.219837 2.129826
v -55.412319 -43.414276 2.332354
v -55.779285 -43.739414 2.416775
v -56.156162 -44.061722 2.332251
v -63.236774 -37.394844 2.129825
v -63.603741 -37.719986 2.214247
v -63.980621 -38.042297 2.129721
v -57.648041 -42.307732 2.129826
v -58.015011 -42.632874 2.214247
v -58.391888 -42.955181 2.129722
v -63.236774 -37.394844 2.332352
v -63.603741 -37.719986 2.416774
v -63.980621 -38.042297 2.332249
v -67.007950 -28.271584 2.332352
v -67.374924 -28.596725 2.416774
v -67.751801 -28.919029 2.332249
v -67.751801 -28.919029 2.129722
v -67.374924 -28.596725 2.214246
v -67.007950 -28.271584 2.129824
v -67.170090 -25.782280 2.332352
v -67.537064 -26.107422 2.416774
v -67.913940 -26.429729 2.332249
v -67.913940 -26.429729 2.129721
v -67.537064 -26.107422 2.214246
v -67.170090 -25.782280 2.129824
v -67.007950 -28.271584 2.129824
v -67.374924 -28.596725 2.214246
v -67.751801 -28.919029 2.129722
v -67.751801 -28.919029 2.332249
v -67.374924 -28.596725 2.416774
v -67.007950 -28.271584 2.332352
v -52.676132 -25.454140 2.249807
v -52.634705 -26.099926 2.219318
v -52.509418 -26.734795 2.190246
v -52.302422 -27.347908 2.178590
v -52.017239 -27.928795 2.178590
v -51.658749 -28.467537 2.178590
v -51.233067 -28.954926 2.178590
v -50.747463 -29.382652 2.178591
v -50.210232 -29.743401 2.178590
v -49.630547 -30.031017 2.191395
v -49.018307 -30.240585 2.220543
v -48.383968 -30.368534 2.251069
v -47.738361 -30.412670 2.281878
v -47.738361 -30.412670 2.281878
v -52.676132 -25.454140 2.249807
v -52.634705 -26.099926 2.219318
v -52.509418 -26.734795 2.190246
v -52.302422 -27.347908 2.178590
v -52.017239 -27.928795 2.178590
v -51.658749 -28.467537 2.178590
v -51.233067 -28.954926 2.178590
v -50.747463 -29.382652 2.178591
v -50.210232 -29.743401 2.178590
v -49.630547 -30.031017 2.191395
v -49.018307 -30.240585 2.220543
v -48.383968 -30.368534 2.251069
v -47.738361 -30.412670 2.281878
v -47.738361 -30.412670 2.281878
v -52.676132 -25.454140 2.249807
v -52.634705 -26.099926 2.219318
v -52.509418 -26.734795 2.190246
v -52.302422 -27.347908 2.178590
v -52.017239 -27.928795 2.178590
v -51.658749 -28.467537 2.178590
v -51.233067 -28.954926 2.178590
v -50.747463 -29.382652 2.178591
v -50.210232 -29.743401 2.178590
v -49.630547 -30.031017 2.191395
v -49.018307 -30.240585 2.220543
v -48.383968 -30.368534 2.251069
v -47.738361 -30.412670 2.281878
v -47.738361 -30.412670 2.281878
v -52.676132 -25.454140 2.249807
v -52.634705 -26.099926 2.219318
v -52.509418 -26.734795 2.190246
v -52.302422 -27.347908 2.178590
v -52.017239 -27.928795 2.178590
v -51.658749 -28.467537 2.178590
v -51.233067 -28.954926 2.178590
v -50.747463 -29.382652 2.178591
v -50.210232 -29.743401 2.178590
v -49.630547 -30.031017 2.191395
v -49.018307 -30.240585 2.220543
v -48.383968 -30.368534 2.251069
v -47.738361 -30.412670 2.281878
v -47.738361 -30.412670 2.281878
v -52.634705 -26.099926 2.219318
v -52.676132 -25.454140 2.249807
v -52.676132 -25.454140 2.047280
v -52.634705 -26.099926 2.016790
v -52.302422 -27.347908 1.976062
v -52.509418 -26.734795 1.987718
v -52.509418 -26.734795 2.190246
v -52.302422 -27.347908 2.178590
v -51.658749 -28.467537 2.178590
v -52.017239 -27.928795 2.178590
v -52.017239 -27.928795 1.976063
v -51.658749 -28.467537 1.976063
v -50.747463 -29.382652 1.976063
v -51.233067 -28.954926 1.976063
v -51.233067 -28.954926 2.178590
v -50.747463 -29.382652 2.178591
v -50.210232 -29.743401 1.976063
v -50.210232 -29.743401 2.178590
v -49.630547 -30.031017 2.191395
v -49.630547 -30.031017 1.988867
v -49.018307 -30.240585 2.018015
v -49.018307 -30.240585 2.220543
v -48.383968 -30.368534 2.048541
v -48.383968 -30.368534 2.251069
v -47.738361 -30.412670 2.079350
v -47.738361 -30.412670 2.281878
v -52.634705 -26.099926 2.219318
v -52.676132 -25.454140 2.249807
v -52.676132 -25.454140 2.047280
v -52.634705 -26.099926 2.016790
v -52.302422 -27.347908 1.976062
v -52.509418 -26.734795 1.987718
v -52.509418 -26.734795 2.190246
v -52.302422 -27.347908 2.178590
v -51.658749 -28.467537 2.178590
v -52.017239 -27.928795 2.178590
v -52.017239 -27.928795 1.976063
v -51.658749 -28.467537 1.976063
v -50.747463 -29.382652 1.976063
v -51.233067 -28.954926 1.976063
v -51.233067 -28.954926 2.178590
v -50.747463 -29.382652 2.178591
v -50.210232 -29.743401 1.976063
v -50.210232 -29.743401 2.178590
v -49.630547 -30.031017 2.191395
v -49.630547 -30.031017 1.988867
v -49.018307 -30.240585 2.018015
v -49.018307 -30.240585 2.220543
v -48.383968 -30.368534 2.048541
v -48.383968 -30.368534 2.251069
v -46.259144 -30.412666 2.097714
v -46.259144 -30.412666 2.300242
v -51.145756 -24.806492 2.249808
v -51.187183 -24.160706 2.264935
v -51.187183 -24.160706 2.062407
v -51.145756 -24.806492 2.047280
v -50.813473 -26.054478 1.987719
v -51.020473 -25.441364 2.016791
v -51.020473 -25.441364 2.219318
v -50.813473 -26.054478 2.190247
v -50.169800 -27.174103 2.178590
v -50.528290 -26.635365 2.178590
v -50.528290 -26.635365 1.976063
v -50.169800 -27.174103 1.976063
v -49.258514 -28.089218 1.976063
v -49.744118 -27.661495 1.976063
v -49.744118 -27.661495 2.178591
v -49.258514 -28.089218 2.178591
v -48.721283 -28.449966 1.988867
v -48.721283 -28.449966 2.191395
v -48.141598 -28.737587 2.220543
v -48.141598 -28.737587 2.018016
v -47.529358 -28.947155 2.048541
v -47.529358 -28.947155 2.251069
v -46.895020 -29.075104 2.086047
v -46.895020 -29.075104 2.288575
v -46.249409 -29.119240 2.097714
v -46.249409 -29.119240 2.300242
v -52.676132 -24.151695 2.076255
v -52.676132 -24.151695 2.241289
v -51.187183 -24.160706 2.062407
v -51.187183 -24.160706 2.264935
v -52.262466 -25.776566 2.352305
v -51.890228 -25.453209 2.442728
v -51.517994 -25.129852 2.352306
v -47.267258 -29.398460 2.149779
v -47.639496 -29.721817 2.240201
v -48.011730 -30.045174 2.149779
v -49.093521 -28.773323 2.149778
v -49.465759 -29.096687 2.240201
v -49.837994 -29.420044 2.149779
v -49.258312 -29.707657 2.149778
v -48.886074 -29.384300 2.240201
v -48.513836 -29.060944 2.149778
v -50.900528 -26.958721 2.149778
v -51.272766 -27.282082 2.240201
v -51.645004 -27.605438 2.149778
v -46.251842 -29.442596 2.197700
v -46.254276 -29.765953 2.240201
v -46.256710 -30.089310 2.197701
v -46.256710 -30.089310 2.400229
v -46.254276 -29.765953 2.442729
v -46.251842 -29.442596 2.400228
v -50.542038 -27.497459 2.149778
v -50.914272 -27.820820 2.240201
v -51.286510 -28.144176 2.149778
v -50.860828 -28.631569 2.149778
v -50.488590 -28.308212 2.240201
v -50.116352 -27.984852 2.149778
v -51.392708 -25.764721 2.149778
v -51.764946 -26.088081 2.240201
v -52.137184 -26.411438 2.149778
v -51.930183 -27.024551 2.149778
v -51.557945 -26.701195 2.240201
v -51.185711 -26.377834 2.149778
v -51.392708 -25.764721 2.352306
v -51.764946 -26.088081 2.442728
v -52.137184 -26.411438 2.352306
v -50.860828 -28.631569 2.352305
v -50.488590 -28.308212 2.442729
v -50.116352 -27.984852 2.352306
v -49.630753 -28.412575 2.352306
v -50.002987 -28.735935 2.442729
v -50.375225 -29.059292 2.352306
v -48.011730 -30.045174 2.352306
v -47.639492 -29.721817 2.442729
v -47.267258 -29.398460 2.352307
v -51.930183 -27.024551 2.352305
v -51.557945 -26.701195 2.442729
v -51.185711 -26.377834 2.352306
v -50.900528 -26.958721 2.352306
v -51.272766 -27.282082 2.442729
v -51.645004 -27.605438 2.352305
v -49.258312 -29.707657 2.352306
v -48.886074 -29.384300 2.442729
v -48.513836 -29.060944 2.352306
v -47.901596 -29.270512 2.352306
v -48.273834 -29.593872 2.442729
v -48.646069 -29.917229 2.352307
v -51.517994 -25.129852 2.149778
v -51.890228 -25.453209 2.240201
v -52.262466 -25.776566 2.149778
v -52.303894 -25.130779 2.352305
v -51.931656 -24.807419 2.442728
v -51.559422 -24.484062 2.352306
v -48.646069 -29.917229 2.149779
v -48.273834 -29.593872 2.240201
v -47.901596 -29.270512 2.149778
v -49.837994 -29.420044 2.352306
v -49.465755 -29.096687 2.442729
v -49.093521 -28.773323 2.352306
v -52.303894 -25.130779 2.149778
v -51.931656 -24.807419 2.240201
v -51.559422 -24.484062 2.149778
v -50.375225 -29.059292 2.149778
v -50.002987 -28.735935 2.240201
v -49.630753 -28.412575 2.149778
v -50.542038 -27.497459 2.352306
v -50.914272 -27.820820 2.442729
v -51.286510 -28.144176 2.352306
v -52.303894 -24.153946 2.387786
v -51.931656 -24.156200 2.442728
v -51.559422 -24.158451 2.387786
v -52.303894 -24.153946 2.185258
v -51.931656 -24.156200 2.240201
v -51.559422 -24.158451 2.185259
v -52.676132 -24.802917 2.241395
v -51.187183 -24.160706 2.264935
v -51.187183 -24.160706 2.062407
v -52.676132 -24.802917 2.065239
v -52.303894 -24.642365 2.167518
v -51.931656 -24.481812 2.240201
v -51.559422 -24.321259 2.167518
v -51.559422 -24.321259 2.370046
v -51.931656 -24.481812 2.442728
v -52.303894 -24.642365 2.370046
vn -1.0000 -0.0009 0.0006
vn -1.0000 -0.0009 -0.0000
vn 0.0097 0.0009 1.0000
vn 0.0818 0.0064 0.9966
vn -0.0000 -0.0000 1.0000
vn 0.1646 0.0130 0.9863
vn 0.0854 0.0111 0.9963
vn -0.0848 -0.0111 -0.9963
vn 0.9066 0.4212 0.0277
vn -0.0812 -0.0063 -0.9967
vn -0.0000 1.0000 -0.0000
vn 1.0000 -0.0000 -0.0000
vn -0.1250 -0.0063 0.9921
vn -0.0164 0.0026 0.9999
vn -0.0002 0.0009 1.0000
vn 0.9910 -0.1187 -0.0615
vn -0.0000 -0.0000 -1.0000
vn -0.1080 0.6728 0.7319
vn 0.3568 -0.9327 -0.0517
vn -0.1064 -0.0236 0.9940
vn -0.1924 -0.0705 0.9788
vn -0.2373 -0.0651 0.9693
vn 0.0872 0.0260 -0.9958
vn 0.1064 0.0236 -0.9940
vn 0.1250 0.0063 -0.9921
vn -0.8831 -0.1159 -0.4547
vn -0.0901 0.8637 -0.4959
vn 0.8946 -0.3855 0.2261
vn 0.6800 0.1103 0.7249
vn -0.2690 -0.0191 0.9630
vn 0.0782 0.0322 -0.9964
vn -0.0826 -0.0221 -0.9963
vn -0.0789 -0.0326 -0.9963
vn 0.8520 0.2371 -0.4669
vn 0.9558 -0.2383 0.1723
vn 0.7053 0.4460 0.5511
vn 0.1636 0.0215 0.9863
vn 0.0832 0.0222 0.9963
vn -0.2601 -0.9646 -0.0431
vn -0.1321 -0.9903 -0.0431
vn -0.1322 -0.9903 -0.0431
vn -0.0872 -0.0260 0.9958
vn -0.0740 -0.0426 -0.9964
vn 0.8978 0.1618 -0.4097
vn 0.9639 -0.1778 0.1979
vn 0.0796 0.0329 0.9963
vn -0.0733 -0.0421 0.9964
vn -0.0782 -0.0322 0.9964
vn -0.1652 -0.0722 0.9836
vn 0.1593 0.0426 0.9863
vn -0.6230 0.7611 -0.1805
vn -0.3660 -0.9277 0.0734
vn 0.5378 0.7247 0.4307
vn 0.0350 0.9651 -0.2594
vn 0.7057 0.7072 -0.0436
vn 0.8382 0.5345 0.1082
vn 0.1426 0.0822 0.9864
vn 0.0682 0.0522 0.9963
vn 0.0745 0.0429 0.9963
vn -0.7938 -0.6066 -0.0431
vn -0.8661 -0.4980 -0.0431
vn 0.0733 0.0421 -0.9964
vn -0.1523 -0.0876 0.9844
vn -0.1342 0.5915 0.7951
vn 0.1523 0.0630 0.9863
vn -0.0033 0.9576 0.2879
vn -0.1026 -0.9869 0.1247
vn 0.1959 0.7413 0.6420
vn -0.0672 -0.0513 0.9964
vn -0.1245 -0.1240 0.9844
vn -0.1396 -0.1067 0.9844
vn 0.0599 0.0597 -0.9964
vn -0.0677 -0.0518 -0.9964
vn 0.0672 0.0513 -0.9964
vn -0.0603 -0.0601 -0.9964
vn 0.5761 0.4823 -0.6599
vn 0.9643 -0.1121 0.2399
vn 0.8664 0.2075 -0.4543
vn 0.0516 0.0670 -0.9964
vn -0.0519 -0.0674 -0.9964
vn 0.2462 0.7244 0.6439
vn -0.6100 -0.7912 -0.0431
vn -0.7079 -0.7050 -0.0431
vn 0.1306 0.1000 0.9864
vn 0.0608 0.0606 0.9963
vn -0.3837 -0.9225 -0.0431
vn -0.2602 -0.9646 -0.0431
vn -0.0599 -0.0597 0.9964
vn 0.0523 0.0679 0.9963
vn -0.0424 -0.0731 0.9964
vn -0.0516 -0.0670 0.9964
vn -0.2363 -0.9670 0.0950
vn -0.1073 -0.1391 0.9844
vn 0.1163 0.1161 0.9864
vn -0.9233 -0.3816 -0.0431
vn -0.8656 -0.4988 -0.0431
vn -0.8657 -0.4987 -0.0431
vn 0.0821 0.1419 0.9865
vn 0.0329 0.0789 0.9963
vn 0.0429 0.0741 0.9963
vn 0.9944 -0.0941 0.0476
vn -0.7385 -0.1297 0.6617
vn 0.7658 -0.5168 0.3828
vn -0.0380 -0.0833 0.9958
vn -0.0943 -0.1542 0.9835
vn -0.0426 -0.0735 -0.9964
vn 0.0424 0.0731 -0.9964
vn -0.9742 -0.2242 -0.0255
vn -0.9962 -0.0810 -0.0309
vn 0.1000 0.1301 0.9864
vn -0.0382 -0.1025 0.9940
vn -0.0972 -0.1824 0.9784
vn 0.0382 0.1025 -0.9940
vn -0.0326 -0.0783 -0.9964
vn 0.0380 0.0833 -0.9958
vn -0.0219 -0.0817 -0.9964
vn 0.8698 0.4910 -0.0495
vn 0.7976 0.2516 -0.5482
vn -0.0107 -0.0833 -0.9965
vn 0.1455 0.2796 0.9490
vn 0.0339 0.1229 -0.9918
vn 0.0221 0.0823 0.9964
vn -0.0339 -0.1229 0.9918
vn -0.0000 -0.0000 -0.0000
vn 0.0628 0.1512 0.9865
vn -0.6092 -0.7919 -0.0431
vn -0.5007 -0.8646 -0.0431
vn -0.5007 -0.8645 -0.0431
vn 0.0107 0.0838 0.9964
vn -0.0218 -0.0904 0.9957
vn -0.7932 -0.6074 -0.0431
vn 0.0212 0.1611 0.9867
vn 0.0031 0.0816 0.9967
vn -0.0970 -0.2279 0.9688
vn -0.0642 -0.9965 -0.0530
vn 0.0424 0.1578 0.9866
vn -0.4890 -0.8703 0.0581
vn 0.0128 -0.9997 -0.0201
vn -0.9444 0.2934 -0.1485
vn 0.8638 -0.1945 0.4649
vn 0.0116 0.9930 -0.1179
vn 0.6691 -0.4895 -0.5592
vn -0.0739 -0.2698 0.9601
vn -0.0038 0.0006 -1.0000
vn -0.9732 -0.2097 -0.0944
vn -0.0099 -0.0066 -0.9999
vn 0.0154 0.9987 -0.0493
vn -0.0074 0.0251 -0.9997
vn -0.0012 -1.0000 -0.0003
vn -0.0009 -0.7118 0.7024
vn -0.0012 -1.0000 -0.0000
vn 1.0000 -0.0016 -0.0000
vn 0.0144 -0.0920 0.9957
vn 0.0074 -0.0251 0.9997
vn 0.0414 -0.2950 0.9546
vn 0.0016 1.0000 -0.0000
vn 0.0164 -0.0026 -0.9999
vn 0.0038 -0.0006 1.0000
vn 0.0064 0.1535 0.9881
vn 0.0100 0.0066 0.9999
vn -0.0097 -0.0009 -1.0000
vn 0.0002 -0.0009 -1.0000
vn -0.9652 -0.2580 -0.0431
vn -0.2530 0.0345 -0.9668
vn -0.1269 -0.2180 -0.9677
vn -0.1494 -0.1937 -0.9696
vn 0.0251 0.3721 0.9279
vn 0.0422 0.4057 0.9130
vn 0.0420 0.3049 0.9515
vn 0.3419 0.0842 0.9359
vn 0.3001 0.0595 0.9520
vn 0.2571 0.0697 0.9639
vn 0.2227 0.2231 0.9490
vn 0.1910 0.1465 0.9706
vn 0.1702 0.1697 0.9707
vn 0.3336 -0.2035 0.9205
vn -0.2126 -0.1230 -0.9694
vn 0.0744 0.2720 0.9594
vn 0.1275 0.3232 0.9377
vn 0.1020 0.2433 0.9646
vn 0.2514 0.1912 0.9488
vn 0.2119 0.1226 0.9696
vn -0.1023 -0.2440 -0.9644
vn 0.0558 -0.8571 -0.5122
vn -0.8749 -0.0570 -0.4810
vn 0.1619 0.2881 0.9438
vn -0.0559 0.8590 0.5090
vn -0.8733 -0.0568 0.4839
vn -0.1915 -0.1469 -0.9704
vn -0.7073 -0.7056 -0.0431
vn -0.7072 -0.7057 -0.0431
vn 0.9681 0.2385 -0.0774
vn -0.1414 0.5671 0.8114
vn -0.6092 -0.7918 -0.0431
vn 0.9248 0.2955 0.2396
vn 0.9278 0.3681 -0.0610
vn -0.8571 -0.0558 -0.5122
vn -0.8589 -0.0560 0.5090
vn 0.9487 0.0597 0.3104
vn 0.8616 0.4908 -0.1296
vn -0.3012 -0.0597 -0.9517
vn -0.0421 -0.3057 -0.9512
vn -0.0746 -0.2727 -0.9592
vn -0.2578 -0.0699 -0.9637
vn 0.0884 0.3619 0.9280
vn 0.1932 0.2551 0.9474
vn 0.1265 0.2173 0.9679
vn 0.6692 -0.7431 -0.0005
vn 0.6666 -0.7454 -0.0001
vn 0.6692 -0.7431 -0.0006
vn -0.1707 -0.1702 -0.9705
vn 0.3100 0.1230 0.9427
vn 0.2337 0.0973 0.9674
vn -0.0252 -0.3734 -0.9273
vn 0.1489 0.1931 0.9698
vn -0.2344 -0.0976 -0.9672
vn 0.2802 0.1582 0.9468
vn -0.2959 -0.1263 0.9468
vn -0.2133 -0.1222 0.9693
vn -0.2348 -0.0958 0.9673
vn 0.6439 -0.7651 -0.0005
vn 0.6465 -0.7629 -0.0001
vn 0.6474 -0.7621 -0.0000
vn 0.2139 0.1225 -0.9691
vn 0.2972 0.1269 -0.9464
vn 0.2355 0.0961 -0.9671
vn -0.6465 0.7629 0.0001
vn -0.6439 0.7651 0.0005
vn -0.6474 0.7621 -0.0000
vn -0.1717 -0.1717 0.9701
vn -0.1942 -0.2483 0.9490
vn -0.1502 -0.1966 0.9689
vn 0.0286 0.4250 -0.9048
vn 0.0389 0.3190 -0.9470
vn 0.0193 0.2859 -0.9581
vn -0.3228 -0.0920 0.9420
vn -0.2577 -0.0671 0.9639
vn 0.1951 0.2494 -0.9486
vn 0.1722 0.1723 -0.9699
vn 0.1506 0.1972 -0.9687
vn 0.3241 0.0923 -0.9415
vn 0.2585 0.0673 -0.9637
vn -0.1666 -0.2793 0.9456
vn -0.1273 -0.2225 0.9666
vn -0.0732 -0.2818 0.9567
vn -0.0628 -0.3892 0.9190
vn -0.0388 -0.3180 0.9473
vn -0.6692 0.7431 0.0005
vn -0.6666 0.7454 0.0001
vn -0.6657 0.7462 -0.0000
vn -0.9661 -0.2582 0.0005
vn -0.9809 -0.1946 0.0005
vn -0.9242 -0.3820 0.0004
vn -0.9661 -0.2583 0.0005
vn -0.7940 -0.6080 0.0003
vn -0.8664 -0.4993 0.0004
vn -0.8665 -0.4992 0.0004
vn -0.7079 -0.7063 0.0002
vn -0.7939 -0.6080 0.0003
vn -0.5012 -0.8653 -0.0000
vn -0.6097 -0.7926 0.0001
vn -0.6098 -0.7926 0.0001
vn -0.3841 -0.9233 -0.0001
vn -0.5012 -0.8654 -0.0000
vn -0.2604 -0.9655 -0.0002
vn -0.3840 -0.9233 -0.0001
vn -0.0672 -0.9977 -0.0003
vn -0.1322 -0.9912 -0.0002
vn -0.1323 -0.9912 -0.0002
vn -0.9979 -0.0650 0.0006
vn 0.3255 0.0212 -0.9453
vn 0.3750 0.0244 -0.9267
vn 0.2598 0.0169 -0.9655
vn 0.1029 0.3500 -0.9311
vn 0.1024 0.2513 -0.9625
vn 0.0734 0.2826 -0.9564
vn -0.3734 -0.0243 0.9273
vn -0.3244 -0.0211 0.9457
vn -0.2593 -0.0169 0.9656
vn -0.1365 -0.3123 0.9401
vn -0.1021 -0.2505 0.9627
vn 0.2211 0.2192 -0.9503
vn 0.1930 0.1476 -0.9700
vn 0.1371 0.3137 -0.9396
vn 0.1277 0.2232 -0.9664
vn -0.2703 -0.1581 0.9497
vn -0.1925 -0.1472 0.9702
vn 0.2715 0.1588 -0.9492
vn -0.1025 -0.3484 0.9317
vn -0.2201 -0.2183 0.9507
vn -0.3413 -0.0677 0.9375
vn -0.2418 -0.0480 0.9692
vn -0.0285 -0.4232 0.9056
vn -0.0192 -0.2854 0.9582
vn 0.3427 0.0680 -0.9370
vn 0.2423 0.0481 -0.9690
vn 0.0631 0.3908 -0.9183
vn 0.1674 0.2805 -0.9451
vn 0.0018 0.0081 -1.0000
vn 0.0031 0.0063 -1.0000
vn -0.0047 0.0163 -0.9999
vn -0.0018 0.0127 -0.9999
vn -0.0646 -0.0128 -0.9978
vn 0.0084 -0.0014 -1.0000
vn 0.0080 0.1181 0.9930
vn 0.0047 -0.0163 0.9999
vn 0.0646 0.0128 0.9978
vn -0.0084 0.0014 1.0000
vn -0.0051 -0.0034 1.0000
vn -0.0041 -0.0048 1.0000
vn 0.0018 -0.0127 0.9999
vn -0.0003 -0.0101 0.9999
vn -0.6566 0.7543 -0.0000
vn 0.0061 0.0019 -1.0000
vn 0.0051 0.0034 -1.0000
vn -0.0061 -0.0019 1.0000
vn 0.0003 0.0101 -0.9999
vn 0.0041 0.0048 -1.0000
vn -0.0018 -0.0081 1.0000
vn -0.0031 -0.0063 1.0000
vn 0.0072 0.0004 -1.0000
vn 0.6657 -0.7462 -0.0000
vn 0.6566 -0.7543 -0.0000
vn -0.0072 -0.0004 1.0000
vn -0.0080 -0.1181 -0.9930
vn 0.3376 0.0220 0.9410
vn 0.3884 0.0253 0.9211
vn 0.0892 0.0058 0.9960
vn 0.2659 0.0173 0.9639
vn -0.0854 -0.0056 0.9963
vn -0.3389 -0.0221 -0.9406
vn -0.2664 -0.0174 -0.9637
vn -0.0892 -0.0058 -0.9960
vn 0.0854 0.0056 -0.9963
vn -0.6692 0.7431 0.0006
vn -0.9962 -0.0809 -0.0309
vn -0.9740 -0.2242 -0.0326
vn -0.0644 -0.9975 -0.0302
vn 0.3571 -0.9336 -0.0282
vn -0.7080 -0.7049 -0.0431
vn -0.6099 -0.7913 -0.0431
vn -0.7938 -0.6067 -0.0431
vn -0.8321 -0.5536 -0.0325
vn 0.4812 -0.8007 0.3568
vn -0.2927 -0.9557 -0.0324
vn -0.4041 -0.9144 -0.0258
vn -0.9276 -0.3716 -0.0387
vn -0.4813 -0.8758 -0.0366
vn -0.4812 -0.8759 -0.0353
vn -0.2926 -0.9556 -0.0341
vn -0.9979 -0.0169 -0.0629
vn -0.9953 -0.0809 -0.0537
vn -0.9739 -0.2242 -0.0344
vn -0.9277 -0.3717 -0.0342
vn -0.9884 -0.1485 -0.0318
vn 0.9027 0.3169 0.2911
vn -0.2927 -0.9559 -0.0250
vn -0.1904 -0.9814 -0.0234
vn -0.8974 -0.4405 -0.0265
vn -0.0110 0.4588 0.8885
vn -0.0004 0.0151 0.9999
vn -0.6606 -0.7500 -0.0325
vn -0.9886 -0.1485 -0.0236
vn -0.9953 -0.0808 -0.0537
vn 0.4405 -0.8973 -0.0265
vn 0.8280 0.4839 0.2833
vn -0.8972 -0.4405 -0.0325
vn 0.8756 0.4199 -0.2387
vn 0.0112 -0.4649 -0.8853
vn 0.4371 0.8512 0.2905
vn 0.7607 0.5841 0.2832
vn 0.8321 0.5536 -0.0325
vn -0.0000 -1.0000 -0.0000
vn 0.6814 0.6751 0.2827
vn -0.2925 -0.9554 -0.0411
vn -0.4812 -0.8758 -0.0382
vn 0.0550 0.2356 0.9703
vn 0.0802 0.2749 0.9581
vn 0.0908 0.2355 0.9676
vn 0.2930 0.1610 0.9425
vn 0.2412 0.0971 0.9656
vn 0.2239 0.1291 0.9660
vn -0.0257 0.2016 0.9791
vn -0.0245 0.2354 0.9716
vn 0.0063 0.2322 0.9726
vn 0.1582 0.2047 0.9660
vn 0.2353 0.2357 0.9429
vn 0.1805 0.1796 0.9670
vn 0.2848 0.0430 0.9576
vn 0.2412 0.0229 0.9702
vn 0.2460 0.0585 0.9675
vn -0.2412 -0.0971 -0.9656
vn -0.2930 -0.1610 -0.9425
vn -0.2239 -0.1291 -0.9660
vn 0.0245 -0.2354 -0.9716
vn 0.0257 -0.2016 -0.9791
vn -0.0063 -0.2322 -0.9726
vn -0.1416 -0.2873 -0.9473
vn -0.0908 -0.2355 -0.9676
vn -0.1283 -0.2258 -0.9657
vn -0.2651 -0.2015 -0.9430
vn -0.2022 -0.1546 -0.9671
vn 1.0000 -0.0075 -0.0000
vn -0.1805 -0.1796 -0.9670
vn -0.2460 -0.0585 -0.9675
vn -0.3047 -0.1028 -0.9469
vn 0.3529 0.8924 0.2813
vn -0.4813 -0.8759 -0.0333
vn 0.6268 0.1717 0.7600
vn 0.5911 0.7552 0.2833
vn -0.9737 -0.2241 -0.0411
vn 0.5085 0.8108 0.2900
vn 0.9319 0.2289 0.2814
vn -0.0484 0.9430 0.3293
vn 0.8727 0.3930 0.2897
vn 0.9918 0.1276 -0.0000
vn 0.9979 0.0640 -0.0000
vn 0.9668 0.2554 -0.0000
vn 0.9914 0.1305 -0.0000
vn 0.9250 0.3799 -0.0000
vn 0.9658 0.2591 -0.0000
vn 0.7946 0.6072 -0.0000
vn 0.8668 0.4987 -0.0000
vn 0.8671 0.4981 -0.0000
vn 0.9240 0.3823 -0.0000
vn 0.7086 0.7056 -0.0000
vn 0.6109 0.7917 -0.0000
vn 0.5009 0.8655 -0.0000
vn 0.3868 0.9222 -0.0000
vn 0.5032 0.8642 -0.0000
vn 0.6102 0.7922 -0.0000
vn 0.3832 0.9237 -0.0000
vn 0.2635 0.9647 -0.0000
vn 0.2592 0.9658 -0.0000
vn 0.1348 0.9909 -0.0000
vn 0.1317 0.9913 -0.0000
vn 0.0682 0.9977 -0.0000
vn -0.2412 -0.0229 -0.9702
vn -0.2848 -0.0430 -0.9576
vn 0.2507 0.0063 0.9680
vn 0.2470 -0.0379 0.9683
vn -0.0802 -0.2749 -0.9581
vn -0.0550 -0.2356 -0.9703
vn 0.1416 0.2873 0.9473
vn 0.1283 0.2258 0.9657
vn -0.2617 -0.0234 0.9649
vn -0.3493 -0.0191 0.9368
vn -0.3080 -0.0085 0.9513
vn -0.2353 -0.2357 -0.9429
vn -0.1582 -0.2047 -0.9660
vn 0.3047 0.1028 0.9469
vn -0.1986 -0.2689 -0.9425
vn -0.2470 0.0379 -0.9683
vn -0.2507 -0.0063 -0.9680
vn -0.0295 -0.2403 -0.9702
vn 0.2651 0.2015 0.9430
vn 0.2022 0.1546 0.9671
vn 0.1986 0.2689 0.9425
vn 0.0295 0.2403 0.9702
vn 0.0061 1.0000 -0.0000
vn -0.2516 0.0912 -0.9635
vn -0.8661 -0.3223 0.3820
vn -0.1404 -0.9551 0.2608
vn -1.0000 -0.0000 -0.0000
vn 0.2714 0.0270 -0.9621
vn 0.2262 0.0269 -0.9737
vn 0.2516 0.0258 -0.9675
vn 0.2223 0.0272 -0.9746
vn -0.0232 0.0135 -0.9996
vn -0.0164 0.0141 -0.9998
vn 0.0060 1.0000 -0.0000
vn -0.0593 -0.2600 0.9638
vn -0.0736 -0.2375 0.9686
vn -0.1120 -0.2833 0.9525
vn -0.0377 -0.2455 0.9687
vn 0.0019 -0.0134 0.9999
vn -0.0011 -0.0081 1.0000
vn -0.2365 -0.2343 0.9430
vn -0.2073 -0.1581 0.9654
vn -0.2640 -0.2027 0.9430
vn -0.1846 -0.1842 0.9654
vn -0.0063 -0.0042 1.0000
vn -0.0050 -0.0057 1.0000
vn -0.1836 -0.2928 0.9384
vn -0.1612 -0.2104 0.9642
vn -0.2082 -0.2660 0.9412
vn -0.1375 -0.2323 0.9629
vn -0.0036 -0.0072 1.0000
vn -0.0021 -0.0089 1.0000
vn -0.2914 -0.1703 0.9413
vn -0.2300 -0.1313 0.9643
vn -0.0076 -0.0027 1.0000
vn 0.0736 0.2375 -0.9686
vn -0.0019 0.0134 -0.9999
vn 0.0377 0.2455 -0.9687
vn 0.0011 0.0081 -1.0000
vn 0.2459 0.0410 -0.9684
vn 0.2341 0.0232 -0.9719
vn 0.0129 -0.0037 -0.9999
vn -0.0064 0.0034 -1.0000
vn 0.1612 0.2104 -0.9642
vn 0.0036 0.0072 -1.0000
vn 0.1375 0.2323 -0.9629
vn 0.0021 0.0089 -1.0000
vn -0.2488 -0.1047 0.9629
vn -0.3200 -0.1123 0.9407
vn -0.3148 -0.1418 0.9385
vn -0.0091 -0.0009 1.0000
vn -0.2539 -0.0751 0.9643
vn -0.0108 0.0011 0.9999
vn 0.1846 0.1842 -0.9654
vn 0.0050 0.0057 -1.0000
vn 0.0355 -0.0117 0.9993
vn 0.2270 -0.1055 0.9682
vn 0.2516 -0.0912 0.9635
vn 0.0164 -0.0141 0.9998
vn 0.0232 -0.0135 0.9996
vn -0.2658 -0.0268 0.9637
vn -0.1544 -0.3007 0.9411
vn -0.1084 -0.2408 0.9645
vn -0.0003 -0.0109 0.9999
vn 0.1084 0.2408 -0.9645
vn 0.0003 0.0109 -0.9999
vn -0.2459 -0.0410 0.9684
vn -0.2686 -0.0215 0.9630
vn -0.2974 -0.0731 0.9519
vn -0.0129 0.0037 0.9999
vn -0.2501 -0.0144 0.9681
vn 0.0064 -0.0034 1.0000
vn 0.2539 0.0751 -0.9643
vn 0.0108 -0.0011 -0.9999
vn 0.2488 0.1047 -0.9629
vn 0.0091 0.0009 -1.0000
vn 0.2073 0.1581 -0.9654
vn 0.0063 0.0042 -1.0000
vn 0.2300 0.1313 -0.9643
vn 0.0076 0.0027 -1.0000
vn 0.0328 0.2919 -0.9559
vn 0.0212 0.2220 -0.9748
vn 0.0174 -0.0119 -0.9998
vn -0.0328 -0.2919 0.9559
vn -0.0212 -0.2220 0.9748
vn -0.0174 0.0119 0.9998
vn 0.1134 -0.0140 0.9935
vn 0.1911 -0.3834 0.9036
vn -0.0000 0.5102 0.8601
vn -0.9444 0.2934 0.1485
vn -0.0656 -0.2944 0.9534
vn -0.0211 -0.0000 -0.9998
vn 0.0213 -0.0000 0.9998
vn 0.0282 0.4186 0.9077
vn 0.3533 0.0701 0.9329
vn 0.6439 -0.7651 -0.0006
vn -0.6439 0.7651 0.0006
vn -0.3735 -0.0243 0.9273
vn 0.2464 0.1893 -0.9505
vn -0.2453 -0.1885 0.9509
vn 0.0029 0.2954 0.9554
vn -0.0029 -0.2954 -0.9554
vn 0.0316 -0.8956 0.4437
vn -0.2271 0.1055 -0.9682
vt 0.375000 1.000000
vt 0.625000 0.920224
vt 0.375000 0.920224
vt 0.795224 0.750000
vt 0.875000 0.738821
vt 0.795224 0.738821
vt 0.875000 0.750000
vt 0.125000 0.738821
vt 0.125000 0.750000
vt 0.204776 0.750000
vt 0.204776 0.738821
vt 0.625000 1.000000
vt 0.625000 0.011179
vt 0.375000 0.011179
vt 0.625000 0.000000
vt 0.375000 0.000000
vt 0.875000 0.750000
vt 0.875000 0.750000
vt 0.875000 0.750000
vt 0.875000 0.750000
vt 0.875000 0.750000
vt 0.125000 0.750000
vt 0.125000 0.750000
vt 0.125000 0.750000
vt 0.875000 0.750000
vt 0.875000 0.750000
vt 0.875000 0.750000
vt 0.625000 1.000000
vt 0.875000 0.750000
vt 0.125000 0.750000
vt 0.875000 0.750000
vt 0.125000 0.750000
vt 0.375000 1.000000
vt 0.125000 0.750000
vt 0.875000 0.750000
vt 0.125000 0.750000
vt 0.125000 0.750000
vt 0.125000 0.750000
vt 0.625000 1.000000
vt 0.125000 0.750000
vt 0.875000 0.750000
vt 0.125000 0.750000
s 1
usemtl Material.001
f 3469/453/3411 3590/454/3412 3589/455/3412
f 3480/460/3418 3469/461/3419 3472/460/3420
f 3576/458/3421 3593/462/3421 3575/463/3421
f 3594/454/3422 3473/453/3422 3593/455/3422
f 3529/461/3426 3819/461/3427 3537/461/3428
f 3471/457/3414 3592/458/3425 3576/458/3415
f 3570/459/3427 3826/459/3427 3562/459/3429
f 3492/460/3433 3480/460/3418 3484/460/3434
f 3484/460/3434 3472/460/3420 3476/460/3435
f 3471/457/3414 3483/457/3430 3475/457/3423
f 3478/464/3436 3597/453/3415 3477/453/3437
f 3481/461/3438 3476/460/3435 3473/461/3439
f 3500/460/3441 3488/460/3442 3492/460/3433
f 3496/460/3443 3485/461/3444 3488/460/3442
f 3497/461/3445 3492/460/3433 3489/461/3446
f 3550/459/3449 3620/459/3450 3558/459/3451
f 3479/457/3417 3491/457/3452 3483/457/3430
f 3489/461/3446 3484/460/3434 3481/461/3438
f 3488/460/3442 3477/461/3437 3480/460/3418
f 3504/460/3453 3493/461/3454 3496/460/3443
f 3505/461/3455 3500/460/3441 3497/461/3445
f 3495/457/3456 3507/457/3457 3499/457/3458
f 3481/461/3438 3808/461/3427 3489/461/3446
f 3549/461/3461 3615/461/3462 3541/461/3463
f 3487/457/3448 3499/457/3458 3491/457/3452
f 3525/461/3464 3609/461/3465 3517/461/3466
f 3514/459/3470 3812/459/3427 3506/459/3471
f 3508/460/3472 3496/460/3443 3500/460/3441
f 3537/461/3428 3822/461/3427 3545/461/3474
f 3565/461/3476 3619/461/3477 3557/461/3478
f 3524/460/3482 3512/460/3483 3516/460/3484
f 3520/460/3485 3509/461/3486 3512/460/3483
f 3503/457/3469 3515/457/3479 3507/457/3457
f 3513/461/3487 3508/460/3472 3505/461/3455
f 3512/460/3483 3501/461/3488 3504/460/3453
f 3516/460/3484 3504/460/3453 3508/460/3472
f 3532/460/3489 3520/460/3485 3524/460/3482
f 3528/460/3490 3517/461/3466 3520/460/3485
f 3529/461/3426 3524/460/3482 3521/461/3491
f 3530/459/3492 3817/459/3427 3522/459/3493
f 3542/459/3496 3618/459/3497 3550/459/3449
f 3511/457/3468 3523/457/3498 3515/457/3479
f 3521/461/3491 3516/460/3484 3513/461/3487
f 3537/461/3428 3532/460/3489 3529/461/3426
f 3527/457/3499 3539/457/3500 3531/457/3501
f 3557/461/3478 3617/461/3502 3549/461/3461
f 3513/461/3487 3816/461/3427 3521/461/3491
f 3494/459/3505 3606/459/3506 3502/459/3507
f 3519/457/3495 3531/457/3501 3523/457/3498
f 3561/461/3511 3827/461/3512 3569/461/3513
f 3536/460/3516 3525/461/3464 3528/460/3490
f 3540/460/3517 3528/460/3490 3532/460/3489
f 3490/459/3518 3803/459/3427 3482/459/3519
f 3556/460/3523 3544/460/3524 3548/460/3525
f 3552/460/3526 3541/461/3463 3544/460/3524
f 3509/461/3486 3605/461/3527 3501/461/3488
f 3535/457/3510 3547/457/3514 3539/457/3500
f 3537/461/3428 3548/460/3525 3540/460/3517
f 3544/460/3524 3533/461/3528 3536/460/3516
f 3548/460/3525 3536/460/3516 3540/460/3517
f 3560/460/3529 3549/461/3461 3552/460/3526
f 3553/461/3530 3564/460/3531 3556/460/3523
f 3551/457/3532 3563/457/3533 3555/457/3521
f 3482/459/3519 3804/459/3427 3474/459/3534
f 3526/459/3536 3614/459/3537 3534/459/3538
f 3543/457/3509 3555/457/3521 3547/457/3514
f 3545/461/3474 3556/460/3523 3548/460/3525
f 3559/457/3539 3571/457/3540 3563/457/3533
f 3502/459/3507 3608/459/3541 3510/459/3541
f 3564/460/3531 3552/460/3526 3556/460/3523
f 3562/459/3429 3824/459/3427 3554/459/3545
f 3541/461/3463 3613/461/3547 3533/461/3528
f 3570/464/3427 3578/453/3548 3569/453/3513
f 3571/457/3415 3579/459/3427 3570/459/3549
f 3572/460/3550 3573/460/3551 3568/460/3552
f 3561/461/3511 3572/460/3550 3564/460/3531
f 3568/460/3552 3557/461/3478 3560/460/3529
f 3572/460/3550 3560/460/3529 3564/460/3531
f 3569/453/3513 3828/464/3534 3570/464/3427
f 3585/460/3554 3573/460/3551 3577/460/3555
f 3581/460/3556 3574/461/3557 3573/460/3551
f 3586/461/3558 3577/460/3555 3578/461/3548
f 3566/464/3559 3565/453/3560 3582/453/3561
f 3569/461/3513 3577/460/3555 3572/460/3550
f 3568/460/3552 3574/461/3557 3565/461/3476
f 3588/465/3562 3581/466/3562 3585/466/3562
f 3581/466/3562 3583/467/3562 3582/468/3562
f 3587/467/3562 3585/466/3562 3586/468/3562
f 3587/464/3566 3578/453/3566 3579/464/3566
f 3476/460/3435 3593/462/3567 3473/461/3439
f 3580/457/3563 3567/457/3543 3588/457/3568
f 3472/460/3420 3589/462/3571 3575/463/3427
f 3472/460/3420 3591/463/3572 3476/460/3435
f 3486/459/3573 3604/459/3505 3494/459/3505
f 3477/461/3437 3595/461/3415 3469/461/3419
f 3470/459/3534 3598/459/3415 3478/459/3436
f 3469/453/3419 3596/464/3427 3470/464/3534
f 3611/461/3574 3723/461/3575 3665/461/3576
f 3607/461/3586 3707/474/3587 3605/461/3527
f 3613/461/3547 3711/461/3593 3723/461/3575
f 3624/459/3594 3630/459/3427 3626/459/3595
f 3625/461/3597 3627/461/3415 3623/461/3598
f 3609/461/3465 3720/475/3599 3607/461/3586
f 3477/453/3437 3600/464/3534 3478/464/3436
f 3558/459/3451 3621/459/3534 3566/459/3534
f 3510/459/3541 3610/459/3600 3518/459/3601
f 3493/461/3454 3601/461/3602 3485/461/3444
f 3566/464/3534 3622/453/3603 3565/453/3476
f 3517/461/3466 3607/461/3586 3509/461/3486
f 3595/453/3415 3624/464/3594 3596/464/3427
f 3478/459/3436 3602/459/3573 3486/459/3573
f 3518/459/3601 3612/459/3604 3526/459/3536
f 3598/464/3415 3625/453/3597 3597/453/3415
f 3533/461/3528 3611/461/3574 3525/461/3464
f 3485/461/3444 3599/461/3605 3477/461/3437
f 3597/461/3415 3623/461/3598 3595/461/3415
f 3534/459/3538 3616/459/3496 3542/459/3496
f 3596/459/3427 3626/459/3595 3598/459/3415
f 3501/461/3488 3603/461/3606 3493/461/3454
f 3628/459/3607 3634/459/3534 3630/459/3427
f 3629/461/3608 3631/461/3609 3627/461/3415
f 3630/464/3427 3633/453/3610 3629/453/3608
f 3627/453/3415 3632/464/3534 3628/464/3607
f 3601/461/3602 3734/461/3611 3599/461/3605
f 3617/461/3502 3699/461/3612 3716/476/3613
f 3603/461/3606 3678/461/3614 3601/461/3602
f 3621/464/3618 3672/453/3619 3622/453/3620
f 3609/461/3465 3665/461/3576 3666/476/3621
f 3619/461/3477 3672/474/3624 3699/461/3612
f 3605/461/3527 3677/461/3626 3603/461/3606
f 3615/461/3462 3716/476/3613 3711/461/3593
f 3623/453/3598 3628/464/3607 3624/464/3594
f 3626/464/3595 3629/453/3608 3625/453/3597
f 3662/464/3631 3743/453/3632 3744/480/3633
f 3705/474/3634 3639/461/3635 3675/461/3636
f 3738/453/3637 3660/464/3638 3737/464/3639
f 3658/461/3643 3701/474/3644 3674/461/3645
f 3647/461/3648 3668/461/3649 3663/461/3650
f 3657/464/3631 3674/453/3632 3669/464/3633
f 3675/461/3636 3637/461/3651 3680/482/3652
f 3600/464/3658 3734/453/3659 3729/464/3660
f 3637/453/3661 3636/464/3662 3635/453/3662
f 3639/453/3663 3638/464/3664 3637/453/3661
f 3641/453/3667 3640/464/3663 3639/453/3663
f 3645/453/3668 3644/464/3669 3643/453/3665
f 3649/453/3670 3648/464/3671 3647/453/3672
f 3647/453/3672 3646/464/3668 3645/453/3668
f 3651/453/3673 3650/464/3674 3649/453/3670
f 3653/453/3675 3652/464/3676 3651/453/3673
f 3658/453/3677 3656/464/3678 3655/453/3679
f 3655/453/3679 3654/464/3675 3653/453/3675
f 3661/453/3680 3660/464/3680 3659/453/3680
f 3743/461/3681 3659/461/3682 3738/461/3683
f 3653/461/3684 3713/474/3685 3714/484/3686
f 3645/461/3692 3722/461/3693 3668/461/3649
f 3651/461/3694 3725/484/3695 3713/474/3685
f 3722/461/3693 3641/461/3698 3705/474/3634
f 3732/485/3637 3636/464/3638 3731/464/3639
f 3680/482/3652 3635/461/3705 3732/476/3706
f 3655/461/3707 3714/484/3686 3701/474/3644
f 3649/461/3708 3663/461/3650 3725/484/3695
f 3724/484/3709 3665/461/3576 3723/461/3575
f 3725/484/3695 3664/461/3710 3724/484/3709
f 3700/461/3711 3716/476/3613 3699/461/3612
f 3701/474/3644 3715/461/3712 3700/461/3711
f 3678/461/3614 3733/461/3713 3734/461/3611
f 3679/461/3714 3732/476/3706 3733/461/3713
f 3733/453/3723 3729/464/3660 3734/453/3659
f 3733/453/3723 3731/464/3639 3730/464/3723
f 3720/475/3599 3706/486/3724 3707/474/3587
f 3721/461/3725 3705/474/3634 3706/486/3724
f 3712/461/3727 3723/461/3575 3711/461/3593
f 3713/474/3685 3724/484/3709 3712/461/3727
f 3666/476/3621 3721/461/3725 3720/475/3599
f 3668/461/3649 3721/461/3725 3667/461/3728
f 3715/461/3712 3711/461/3593 3716/476/3613
f 3714/484/3686 3712/461/3727 3715/461/3712
f 3677/461/3626 3679/461/3714 3678/461/3614
f 3676/482/3731 3680/482/3652 3679/461/3714
f 3671/464/3732 3673/453/3733 3672/453/3619
f 3669/464/3633 3673/453/3733 3670/464/3733
f 3664/461/3710 3666/476/3621 3665/461/3576
f 3663/461/3650 3667/461/3728 3664/461/3710
f 3673/461/3735 3699/461/3612 3672/474/3624
f 3674/461/3645 3700/461/3711 3673/461/3735
f 3707/474/3587 3676/482/3731 3677/461/3626
f 3706/486/3724 3675/461/3636 3676/482/3731
f 3633/461/3610 3740/461/3741 3631/461/3609
f 3741/461/3742 3739/461/3743 3740/461/3741
f 3742/461/3744 3738/461/3683 3739/461/3743
f 3740/453/3659 3632/464/3658 3631/453/3745
f 3739/453/3723 3735/480/3660 3740/453/3659
f 3739/453/3723 3737/464/3639 3736/464/3723
f 3634/464/3618 3741/453/3619 3633/453/3620
f 3746/464/3732 3742/453/3733 3741/453/3619
f 3744/480/3633 3742/453/3733 3745/464/3733
f 3482/464/3746 3747/464/3427 3748/464/3427
f 3490/464/3747 3748/464/3427 3749/464/3427
f 3554/459/3748 3758/459/3427 3562/459/3749
f 3522/459/3750 3754/459/3427 3530/459/3751
f 3514/464/3752 3751/464/3753 3752/464/3427
f 3562/459/3749 3759/459/3415 3570/459/3754
f 3546/464/3755 3755/464/3756 3756/464/3427
f 3546/459/3755 3757/459/3427 3554/459/3748
f 3490/459/3747 3750/459/3427 3498/459/3757
f 3579/464/3427 3759/464/3415 3760/464/3427
f 3530/459/3751 3755/459/3756 3538/459/3758
f 3514/459/3752 3753/459/3427 3522/459/3750
f 3498/459/3757 3751/459/3753 3506/459/3471
f 3756/459/3427 3771/459/3427 3757/459/3427
f 3749/459/3427 3764/459/3427 3750/459/3427
f 3757/459/3427 3772/459/3427 3758/459/3427
f 3752/464/3427 3765/464/3753 3766/464/3427
f 3758/459/3427 3773/459/3415 3759/459/3415
f 3750/459/3427 3765/459/3753 3751/459/3753
f 3760/464/3427 3773/464/3415 3774/464/3427
f 3752/459/3427 3767/459/3427 3753/459/3427
f 3753/459/3427 3768/459/3427 3754/459/3427
f 3756/464/3427 3769/464/3756 3770/464/3427
f 3748/464/3427 3761/464/3427 3762/464/3427
f 3754/459/3427 3769/459/3756 3755/459/3756
f 3749/464/3427 3762/464/3427 3763/464/3427
f 3764/459/3427 3779/459/3427 3765/459/3753
f 3774/464/3427 3787/464/3415 3788/464/3427
f 3766/459/3427 3781/459/3427 3767/459/3427
f 3767/459/3427 3782/459/3427 3768/459/3427
f 3770/464/3427 3783/464/3756 3784/464/3427
f 3762/464/3427 3775/464/3427 3776/464/3427
f 3768/459/3427 3783/459/3756 3769/459/3756
f 3763/464/3427 3776/464/3427 3777/464/3427
f 3770/459/3427 3785/459/3427 3771/459/3427
f 3763/459/3427 3778/459/3427 3764/459/3427
f 3771/459/3427 3786/459/3427 3772/459/3427
f 3766/464/3427 3779/464/3427 3780/464/3427
f 3772/459/3427 3787/459/3415 3773/459/3415
f 3784/464/3427 3797/464/3759 3798/464/3760
f 3776/464/3427 3789/464/3761 3790/464/3762
f 3782/459/3427 3797/459/3759 3783/459/3756
f 3777/464/3427 3790/464/3762 3791/464/3763
f 3784/459/3427 3799/459/3545 3785/459/3427
f 3777/459/3427 3792/459/3764 3778/459/3427
f 3785/459/3427 3800/459/3429 3786/459/3427
f 3780/464/3427 3793/464/3471 3794/464/3470
f 3786/459/3427 3801/459/3415 3787/459/3415
f 3778/459/3427 3793/459/3471 3779/459/3427
f 3788/464/3427 3801/464/3415 3802/464/3427
f 3780/459/3427 3795/459/3493 3781/459/3427
f 3781/459/3427 3796/459/3492 3782/459/3427
f 3806/461/3765 3834/461/3766 3808/461/3427
f 3824/459/3427 3847/459/3767 3821/459/3768
f 3812/459/3427 3836/459/3757 3810/459/3769
f 3828/459/3770 3852/459/3771 3826/459/3415
f 3818/459/3772 3843/459/3750 3817/459/3427
f 3809/459/3773 3829/459/3774 3803/459/3427
f 3807/461/3775 3839/461/3776 3813/461/3777
f 3825/461/3778 3853/461/3779 3827/461/3512
f 3819/461/3427 3848/461/3780 3822/461/3427
f 3813/461/3777 3840/461/3781 3814/461/3782
f 3853/453/3783 3828/464/3783 3827/453/3783
f 3814/461/3782 3842/461/3784 3816/461/3427
f 3554/459/3545 3821/459/3768 3546/459/3785
f 3546/459/3785 3820/459/3427 3538/459/3786
f 3498/459/3764 3809/459/3773 3490/459/3518
f 3497/461/3445 3813/461/3777 3505/461/3455
f 3474/464/3534 3805/453/3415 3473/453/3439
f 3521/461/3491 3815/461/3427 3529/461/3426
f 3553/461/3530 3825/461/3778 3561/461/3511
f 3538/459/3786 3818/459/3772 3530/459/3492
f 3545/461/3474 3823/461/3427 3553/461/3530
f 3522/459/3493 3811/459/3427 3514/459/3470
f 3505/461/3455 3814/461/3782 3513/461/3487
f 3473/461/3439 3806/461/3765 3481/461/3438
f 3506/459/3471 3810/459/3769 3498/459/3764
f 3489/461/3446 3807/461/3775 3497/461/3445
f 3917/475/3802 3865/461/3803 3897/461/3804
f 3877/461/3805 3900/461/3806 3888/461/3807
f 3871/461/3808 3896/486/3809 3891/476/3810
f 3897/461/3804 3866/461/3811 3906/488/3812
f 3900/453/3813 3880/464/3813 3905/464/3813
f 3866/461/3811 3911/489/3814 3906/488/3812
f 3912/488/3815 3859/461/3816 3917/475/3802
f 3803/459/3427 3830/459/3534 3804/459/3427
f 3822/461/3427 3849/461/3817 3823/461/3427
f 3821/459/3768 3846/459/3818 3820/459/3427
f 3804/464/3427 3831/453/3819 3805/453/3415
f 3816/461/3427 3841/461/3820 3815/461/3427
f 3810/459/3769 3835/459/3821 3809/459/3773
f 3815/461/3427 3845/461/3822 3819/461/3427
f 3805/461/3415 3832/461/3823 3806/461/3765
f 3823/461/3427 3851/461/3824 3825/461/3778
f 3811/459/3427 3838/459/3471 3812/459/3427
f 3820/459/3427 3844/459/3751 3818/459/3772
f 3817/459/3427 3837/459/3752 3811/459/3427
f 3826/459/3427 3850/459/3748 3824/459/3427
f 3808/461/3427 3833/461/3825 3807/461/3775
f 3855/464/3826 3857/453/3827 3856/464/3827
f 3861/464/3828 3858/453/3829 3855/464/3826
f 3862/464/3830 3860/453/3831 3861/464/3828
f 3863/464/3832 3865/453/3833 3864/464/3834
f 3864/464/3834 3859/453/3835 3862/464/3830
f 3863/464/3832 3868/453/3836 3866/453/3832
f 3869/464/3836 3867/453/3837 3868/453/3836
f 3872/464/3838 3874/453/3839 3871/453/3840
f 3870/464/3841 3871/453/3840 3867/453/3837
f 3873/464/3842 3875/453/3843 3874/453/3839
f 3876/464/3844 3877/453/3845 3875/453/3843
f 3878/464/3846 3879/453/3847 3877/453/3845
f 3942/461/3848 3860/461/3849 3912/488/3815
f 3874/461/3852 3950/490/3853 3896/486/3809
f 3868/461/3859 3959/482/3860 3911/489/3814
f 3867/461/3862 3891/476/3810 3959/482/3860
f 3956/484/3863 3858/461/3864 3942/461/3848
f 3875/461/3865 3888/461/3807 3950/490/3853
f 3884/464/3870 3968/453/3870 3965/464/3870
f 3975/482/3871 3883/461/3872 3971/461/3873
f 3971/453/3873 3884/464/3534 3970/464/3427
f 3969/491/3874 3881/453/3874 3972/453/3874
f 3881/461/3875 3973/461/3876 3972/476/3877
f 3966/461/3878 3974/461/3879 3973/461/3876
f 3967/461/3880 3975/482/3871 3974/461/3879
f 3882/464/3881 3966/453/3870 3881/453/3881
f 3963/464/3870 3967/453/3870 3966/453/3870
f 3965/464/3870 3967/453/3870 3964/464/3881
f 3948/461/3903 3851/461/3824 3849/461/3817
f 3949/461/3904 3890/489/3905 3948/461/3903
f 3950/490/3853 3889/475/3906 3949/461/3904
f 3831/461/3819 3944/488/3907 3832/461/3823
f 3954/461/3908 3943/461/3909 3944/488/3907
f 3955/476/3910 3942/461/3848 3943/461/3909
f 3957/461/3911 3845/461/3822 3841/461/3820
f 3958/461/3912 3893/476/3913 3957/461/3911
f 3959/482/3860 3892/492/3914 3958/461/3912
f 3909/476/3921 3841/461/3820 3842/461/3784
f 3910/476/3922 3957/461/3911 3909/476/3921
f 3911/489/3814 3958/461/3912 3910/476/3922
f 3894/461/3932 3849/461/3817 3848/461/3780
f 3895/488/3933 3948/461/3903 3894/461/3932
f 3896/486/3809 3949/461/3904 3895/488/3933
f 3832/461/3823 3914/461/3940 3834/461/3766
f 3944/488/3907 3913/486/3941 3914/461/3940
f 3943/461/3909 3912/488/3815 3913/486/3941
f 3834/461/3766 3915/486/3942 3833/461/3825
f 3914/461/3940 3916/494/3943 3915/486/3942
f 3913/486/3941 3917/475/3802 3916/494/3943
f 3908/488/3944 3842/461/3784 3840/461/3781
f 3907/488/3945 3909/476/3921 3908/488/3944
f 3906/488/3812 3910/476/3922 3907/488/3945
f 3902/453/3813 3854/464/3813 3853/453/3813
f 3901/453/3813 3903/464/3813 3902/453/3813
f 3901/453/3813 3905/464/3813 3904/464/3813
f 3839/461/3776 3908/488/3944 3840/461/3781
f 3899/474/3946 3907/488/3945 3908/488/3944
f 3898/461/3947 3906/488/3812 3907/488/3945
f 3893/476/3913 3848/461/3780 3845/461/3822
f 3892/492/3914 3894/461/3932 3893/476/3913
f 3891/476/3810 3895/488/3933 3892/492/3914
f 3890/489/3905 3853/461/3948 3851/461/3824
f 3889/475/3906 3902/461/3949 3890/489/3905
f 3888/461/3807 3901/461/3950 3889/475/3906
f 3833/461/3825 3899/474/3946 3839/461/3776
f 3915/486/3942 3898/461/3947 3899/474/3946
f 3916/494/3943 3897/461/3804 3898/461/3947
f 3974/461/3879 3956/484/3863 3955/476/3910
f 3973/461/3876 3955/476/3910 3954/461/3908
f 3972/476/3877 3954/461/3908 3831/461/3819
f 3830/464/3874 3972/453/3874 3831/453/3874
f 3857/453/3955 3970/464/3427 3856/464/3534
f 3956/484/3863 3971/461/3873 3857/461/3955
f 3469/453/3411 3470/464/3411 3590/454/3412
f 3480/460/3418 3477/461/3437 3469/461/3419
f 3592/458/3421 3594/454/3421 3593/462/3421
f 3593/462/3421 3591/463/3956 3575/463/3421
f 3575/463/3421 3589/455/3421 3590/456/3421
f 3576/458/3421 3592/458/3421 3593/462/3421
f 3575/463/3421 3590/456/3421 3576/458/3421
f 3594/454/3422 3474/464/3422 3473/453/3422
f 3529/461/3426 3815/461/3427 3819/461/3427
f 3471/457/3414 3475/457/3423 3592/458/3425
f 3570/459/3427 3828/459/3534 3826/459/3427
f 3492/460/3433 3488/460/3442 3480/460/3418
f 3484/460/3434 3480/460/3418 3472/460/3420
f 3471/457/3414 3479/457/3417 3483/457/3430
f 3478/464/3436 3598/464/3415 3597/453/3415
f 3481/461/3438 3484/460/3434 3476/460/3435
f 3500/460/3441 3496/460/3443 3488/460/3442
f 3496/460/3443 3493/461/3454 3485/461/3444
f 3497/461/3445 3500/460/3441 3492/460/3433
f 3550/459/3449 3618/459/3497 3620/459/3450
f 3479/457/3417 3487/457/3448 3491/457/3452
f 3489/461/3446 3492/460/3433 3484/460/3434
f 3488/460/3442 3485/461/3444 3477/461/3437
f 3504/460/3453 3501/461/3488 3493/461/3454
f 3505/461/3455 3508/460/3472 3500/460/3441
f 3495/457/3456 3503/457/3469 3507/457/3457
f 3481/461/3438 3806/461/3765 3808/461/3427
f 3549/461/3461 3617/461/3502 3615/461/3462
f 3487/457/3448 3495/457/3456 3499/457/3458
f 3525/461/3464 3611/461/3574 3609/461/3465
f 3514/459/3470 3811/459/3427 3812/459/3427
f 3508/460/3472 3504/460/3453 3496/460/3443
f 3537/461/3428 3819/461/3427 3822/461/3427
f 3565/461/3476 3622/461/3603 3619/461/3477
f 3524/460/3482 3520/460/3485 3512/460/3483
f 3520/460/3485 3517/461/3466 3509/461/3486
f 3503/457/3469 3511/457/3468 3515/457/3479
f 3513/461/3487 3516/460/3484 3508/460/3472
f 3512/460/3483 3509/461/3486 3501/461/3488
f 3516/460/3484 3512/460/3483 3504/460/3453
f 3532/460/3489 3528/460/3490 3520/460/3485
f 3528/460/3490 3525/461/3464 3517/461/3466
f 3529/461/3426 3532/460/3489 3524/460/3482
f 3530/459/3492 3818/459/3772 3817/459/3427
f 3542/459/3496 3616/459/3496 3618/459/3497
f 3511/457/3468 3519/457/3495 3523/457/3498
f 3521/461/3491 3524/460/3482 3516/460/3484
f 3537/461/3428 3540/460/3517 3532/460/3489
f 3527/457/3499 3535/457/3510 3539/457/3500
f 3557/461/3478 3619/461/3477 3617/461/3502
f 3513/461/3487 3814/461/3782 3816/461/3427
f 3494/459/3505 3604/459/3505 3606/459/3506
f 3519/457/3495 3527/457/3499 3531/457/3501
f 3561/461/3511 3825/461/3778 3827/461/3512
f 3536/460/3516 3533/461/3528 3525/461/3464
f 3540/460/3517 3536/460/3516 3528/460/3490
f 3490/459/3518 3809/459/3773 3803/459/3427
f 3556/460/3523 3552/460/3526 3544/460/3524
f 3552/460/3526 3549/461/3461 3541/461/3463
f 3509/461/3486 3607/461/3586 3605/461/3527
f 3535/457/3510 3543/457/3509 3547/457/3514
f 3537/461/3428 3545/461/3474 3548/460/3525
f 3544/460/3524 3541/461/3463 3533/461/3528
f 3548/460/3525 3544/460/3524 3536/460/3516
f 3560/460/3529 3557/461/3478 3549/461/3461
f 3553/461/3530 3561/461/3511 3564/460/3531
f 3551/457/3532 3559/457/3539 3563/457/3533
f 3482/459/3519 3803/459/3427 3804/459/3427
f 3526/459/3536 3612/459/3604 3614/459/3537
f 3543/457/3509 3551/457/3532 3555/457/3521
f 3545/461/3474 3553/461/3530 3556/460/3523
f 3559/457/3539 3567/457/3543 3571/457/3540
f 3502/459/3507 3606/459/3506 3608/459/3541
f 3564/460/3531 3560/460/3529 3552/460/3526
f 3562/459/3429 3826/459/3427 3824/459/3427
f 3541/461/3463 3615/461/3462 3613/461/3547
f 3570/464/3427 3579/464/3534 3578/453/3548
f 3571/457/3415 3580/457/3957 3579/459/3427
f 3572/460/3550 3577/460/3555 3573/460/3551
f 3561/461/3511 3569/461/3513 3572/460/3550
f 3568/460/3552 3565/461/3476 3557/461/3478
f 3572/460/3550 3568/460/3552 3560/460/3529
f 3569/453/3513 3827/453/3512 3828/464/3534
f 3585/460/3554 3581/460/3556 3573/460/3551
f 3581/460/3556 3582/461/3959 3574/461/3557
f 3586/461/3558 3585/460/3554 3577/460/3555
f 3582/453/3561 3583/464/3561 3566/464/3559
f 3565/453/3560 3574/453/3415 3582/453/3561
f 3569/461/3513 3578/461/3548 3577/460/3555
f 3568/460/3552 3573/460/3551 3574/461/3557
f 3588/465/3562 3584/465/3562 3581/466/3562
f 3581/466/3562 3584/465/3562 3583/467/3562
f 3587/467/3562 3588/465/3562 3585/466/3562
f 3587/464/3566 3586/453/3566 3578/453/3566
f 3476/460/3435 3591/463/3572 3593/462/3567
f 3567/457/3543 3584/457/3570 3588/457/3568
f 3580/457/3563 3571/457/3540 3567/457/3543
f 3472/460/3420 3469/461/3419 3589/462/3571
f 3472/460/3420 3575/463/3427 3591/463/3572
f 3486/459/3573 3602/459/3573 3604/459/3505
f 3477/461/3437 3597/461/3415 3595/461/3415
f 3470/459/3534 3596/459/3427 3598/459/3415
f 3469/453/3419 3595/453/3415 3596/464/3427
f 3611/461/3574 3613/461/3547 3723/461/3575
f 3607/461/3586 3720/475/3599 3707/474/3587
f 3613/461/3547 3615/461/3462 3711/461/3593
f 3624/459/3594 3628/459/3607 3630/459/3427
f 3625/461/3597 3629/461/3608 3627/461/3415
f 3609/461/3465 3666/476/3621 3720/475/3599
f 3477/453/3437 3599/453/3605 3600/464/3534
f 3558/459/3451 3620/459/3450 3621/459/3534
f 3510/459/3541 3608/459/3541 3610/459/3600
f 3493/461/3454 3603/461/3606 3601/461/3602
f 3566/464/3534 3621/464/3534 3622/453/3603
f 3517/461/3466 3609/461/3465 3607/461/3586
f 3595/453/3415 3623/453/3598 3624/464/3594
f 3478/459/3436 3600/459/3534 3602/459/3573
f 3518/459/3601 3610/459/3600 3612/459/3604
f 3598/464/3415 3626/464/3595 3625/453/3597
f 3533/461/3528 3613/461/3547 3611/461/3574
f 3485/461/3444 3601/461/3602 3599/461/3605
f 3597/461/3415 3625/461/3597 3623/461/3598
f 3534/459/3538 3614/459/3537 3616/459/3496
f 3596/459/3427 3624/459/3594 3626/459/3595
f 3501/461/3488 3605/461/3527 3603/461/3606
f 3628/459/3607 3632/459/3534 3634/459/3534
f 3629/461/3608 3633/461/3610 3631/461/3609
f 3630/464/3427 3634/464/3534 3633/453/3610
f 3627/453/3415 3631/453/3609 3632/464/3534
f 3601/461/3602 3678/461/3614 3734/461/3611
f 3617/461/3502 3619/461/3477 3699/461/3612
f 3603/461/3606 3677/461/3626 3678/461/3614
f 3621/464/3618 3671/464/3732 3672/453/3619
f 3609/461/3465 3611/461/3574 3665/461/3576
f 3619/461/3477 3622/461/3603 3672/474/3624
f 3605/461/3527 3707/474/3587 3677/461/3626
f 3615/461/3462 3617/461/3502 3716/476/3613
f 3623/453/3598 3627/453/3415 3628/464/3607
f 3626/464/3595 3630/464/3427 3629/453/3608
f 3662/464/3631 3661/453/3963 3743/453/3632
f 3705/474/3634 3641/461/3698 3639/461/3635
f 3738/453/3637 3659/453/3964 3660/464/3638
f 3658/461/3643 3655/461/3707 3701/474/3644
f 3647/461/3648 3645/461/3692 3668/461/3649
f 3657/464/3631 3658/453/3963 3674/453/3632
f 3675/461/3636 3639/461/3635 3637/461/3651
f 3600/464/3658 3599/453/3745 3734/453/3659
f 3637/453/3661 3638/464/3664 3636/464/3662
f 3639/453/3663 3640/464/3663 3638/464/3664
f 3641/453/3667 3642/464/3666 3640/464/3663
f 3645/453/3668 3646/464/3668 3644/464/3669
f 3649/453/3670 3650/464/3674 3648/464/3671
f 3647/453/3672 3648/464/3671 3646/464/3668
f 3651/453/3673 3652/464/3676 3650/464/3674
f 3653/453/3675 3654/464/3675 3652/464/3676
f 3658/453/3677 3657/464/3677 3656/464/3678
f 3655/453/3679 3656/464/3678 3654/464/3675
f 3661/453/3680 3662/464/3680 3660/464/3680
f 3743/461/3681 3661/461/3682 3659/461/3682
f 3653/461/3684 3651/461/3694 3713/474/3685
f 3645/461/3692 3643/461/3966 3722/461/3693
f 3651/461/3694 3649/461/3708 3725/484/3695
f 3722/461/3693 3643/461/3966 3641/461/3698
f 3732/485/3637 3635/453/3964 3636/464/3638
f 3680/482/3652 3637/461/3651 3635/461/3705
f 3655/461/3707 3653/461/3684 3714/484/3686
f 3649/461/3708 3647/461/3648 3663/461/3650
f 3724/484/3709 3664/461/3710 3665/461/3576
f 3725/484/3695 3663/461/3650 3664/461/3710
f 3700/461/3711 3715/461/3712 3716/476/3613
f 3701/474/3644 3714/484/3686 3715/461/3712
f 3678/461/3614 3679/461/3714 3733/461/3713
f 3679/461/3714 3680/482/3652 3732/476/3706
f 3733/453/3723 3730/464/3723 3729/464/3660
f 3733/453/3723 3732/485/3637 3731/464/3639
f 3720/475/3599 3721/461/3725 3706/486/3724
f 3721/461/3725 3722/461/3693 3705/474/3634
f 3712/461/3727 3724/484/3709 3723/461/3575
f 3713/474/3685 3725/484/3695 3724/484/3709
f 3666/476/3621 3667/461/3728 3721/461/3725
f 3668/461/3649 3722/461/3693 3721/461/3725
f 3715/461/3712 3712/461/3727 3711/461/3593
f 3714/484/3686 3713/474/3685 3712/461/3727
f 3677/461/3626 3676/482/3731 3679/461/3714
f 3676/482/3731 3675/461/3636 3680/482/3652
f 3671/464/3732 3670/464/3733 3673/453/3733
f 3669/464/3633 3674/453/3632 3673/453/3733
f 3664/461/3710 3667/461/3728 3666/476/3621
f 3663/461/3650 3668/461/3649 3667/461/3728
f 3673/461/3735 3700/461/3711 3699/461/3612
f 3674/461/3645 3701/474/3644 3700/461/3711
f 3707/474/3587 3706/486/3724 3676/482/3731
f 3706/486/3724 3705/474/3634 3675/461/3636
f 3633/461/3610 3741/461/3742 3740/461/3741
f 3741/461/3742 3742/461/3744 3739/461/3743
f 3742/461/3744 3743/461/3681 3738/461/3683
f 3740/453/3659 3735/480/3660 3632/464/3658
f 3739/453/3723 3736/464/3723 3735/480/3660
f 3739/453/3723 3738/453/3637 3737/464/3639
f 3634/464/3618 3746/464/3732 3741/453/3619
f 3746/464/3732 3745/464/3733 3742/453/3733
f 3744/480/3633 3743/453/3632 3742/453/3733
f 3482/464/3746 3474/464/3427 3747/464/3427
f 3490/464/3747 3482/464/3746 3748/464/3427
f 3554/459/3748 3757/459/3427 3758/459/3427
f 3522/459/3750 3753/459/3427 3754/459/3427
f 3514/464/3752 3506/464/3471 3751/464/3753
f 3562/459/3749 3758/459/3427 3759/459/3415
f 3546/464/3755 3538/464/3758 3755/464/3756
f 3546/459/3755 3756/459/3427 3757/459/3427
f 3490/459/3747 3749/459/3427 3750/459/3427
f 3579/464/3427 3570/464/3754 3759/464/3415
f 3530/459/3751 3754/459/3427 3755/459/3756
f 3514/459/3752 3752/459/3427 3753/459/3427
f 3498/459/3757 3750/459/3427 3751/459/3753
f 3756/459/3427 3770/459/3427 3771/459/3427
f 3749/459/3427 3763/459/3427 3764/459/3427
f 3757/459/3427 3771/459/3427 3772/459/3427
f 3752/464/3427 3751/464/3753 3765/464/3753
f 3758/459/3427 3772/459/3427 3773/459/3415
f 3750/459/3427 3764/459/3427 3765/459/3753
f 3760/464/3427 3759/464/3415 3773/464/3415
f 3752/459/3427 3766/459/3427 3767/459/3427
f 3753/459/3427 3767/459/3427 3768/459/3427
f 3756/464/3427 3755/464/3756 3769/464/3756
f 3748/464/3427 3747/464/3427 3761/464/3427
f 3754/459/3427 3768/459/3427 3769/459/3756
f 3749/464/3427 3748/464/3427 3762/464/3427
f 3764/459/3427 3778/459/3427 3779/459/3427
f 3774/464/3427 3773/464/3415 3787/464/3415
f 3766/459/3427 3780/459/3427 3781/459/3427
f 3767/459/3427 3781/459/3427 3782/459/3427
f 3770/464/3427 3769/464/3756 3783/464/3756
f 3762/464/3427 3761/464/3427 3775/464/3427
f 3768/459/3427 3782/459/3427 3783/459/3756
f 3763/464/3427 3762/464/3427 3776/464/3427
f 3770/459/3427 3784/459/3427 3785/459/3427
f 3763/459/3427 3777/459/3427 3778/459/3427
f 3771/459/3427 3785/459/3427 3786/459/3427
f 3766/464/3427 3765/464/3753 3779/464/3427
f 3772/459/3427 3786/459/3427 3787/459/3415
f 3784/464/3427 3783/464/3756 3797/464/3759
f 3776/464/3427 3775/464/3427 3789/464/3761
f 3782/459/3427 3796/459/3492 3797/459/3759
f 3777/464/3427 3776/464/3427 3790/464/3762
f 3784/459/3427 3798/459/3760 3799/459/3545
f 3777/459/3427 3791/459/3763 3792/459/3764
f 3785/459/3427 3799/459/3545 3800/459/3429
f 3780/464/3427 3779/464/3427 3793/464/3471
f 3786/459/3427 3800/459/3429 3801/459/3415
f 3778/459/3427 3792/459/3764 3793/459/3471
f 3788/464/3427 3787/464/3415 3801/464/3415
f 3780/459/3427 3794/459/3470 3795/459/3493
f 3781/459/3427 3795/459/3493 3796/459/3492
f 3806/461/3765 3832/461/3823 3834/461/3766
f 3824/459/3427 3850/459/3748 3847/459/3767
f 3812/459/3427 3838/459/3471 3836/459/3757
f 3828/459/3770 3854/459/3770 3852/459/3771
f 3818/459/3772 3844/459/3751 3843/459/3750
f 3809/459/3773 3835/459/3821 3829/459/3774
f 3807/461/3775 3833/461/3825 3839/461/3776
f 3825/461/3778 3851/461/3824 3853/461/3779
f 3819/461/3427 3845/461/3822 3848/461/3780
f 3813/461/3777 3839/461/3776 3840/461/3781
f 3853/453/3783 3854/464/3783 3828/464/3783
f 3814/461/3782 3840/461/3781 3842/461/3784
f 3554/459/3545 3824/459/3427 3821/459/3768
f 3546/459/3785 3821/459/3768 3820/459/3427
f 3498/459/3764 3810/459/3769 3809/459/3773
f 3497/461/3445 3807/461/3775 3813/461/3777
f 3474/464/3534 3804/464/3427 3805/453/3415
f 3521/461/3491 3816/461/3427 3815/461/3427
f 3553/461/3530 3823/461/3427 3825/461/3778
f 3538/459/3786 3820/459/3427 3818/459/3772
f 3545/461/3474 3822/461/3427 3823/461/3427
f 3522/459/3493 3817/459/3427 3811/459/3427
f 3505/461/3455 3813/461/3777 3814/461/3782
f 3473/461/3439 3805/461/3415 3806/461/3765
f 3506/459/3471 3812/459/3427 3810/459/3769
f 3489/461/3446 3808/461/3427 3807/461/3775
f 3917/475/3802 3859/461/3816 3865/461/3803
f 3877/461/3805 3879/461/3969 3900/461/3806
f 3871/461/3808 3874/461/3852 3896/486/3809
f 3897/461/3804 3865/461/3803 3866/461/3811
f 3900/453/3813 3879/453/3813 3880/464/3813
f 3866/461/3811 3868/461/3859 3911/489/3814
f 3912/488/3815 3860/461/3849 3859/461/3816
f 3803/459/3427 3829/459/3774 3830/459/3534
f 3822/461/3427 3848/461/3780 3849/461/3817
f 3821/459/3768 3847/459/3767 3846/459/3818
f 3804/464/3427 3830/464/3534 3831/453/3819
f 3816/461/3427 3842/461/3784 3841/461/3820
f 3810/459/3769 3836/459/3757 3835/459/3821
f 3815/461/3427 3841/461/3820 3845/461/3822
f 3805/461/3415 3831/461/3819 3832/461/3823
f 3823/461/3427 3849/461/3817 3851/461/3824
f 3811/459/3427 3837/459/3752 3838/459/3471
f 3820/459/3427 3846/459/3818 3844/459/3751
f 3817/459/3427 3843/459/3750 3837/459/3752
f 3826/459/3427 3852/459/3970 3850/459/3748
f 3808/461/3427 3834/461/3766 3833/461/3825
f 3855/464/3826 3858/453/3829 3857/453/3827
f 3861/464/3828 3860/453/3831 3858/453/3829
f 3862/464/3830 3859/453/3835 3860/453/3831
f 3863/464/3832 3866/453/3832 3865/453/3833
f 3864/464/3834 3865/453/3833 3859/453/3835
f 3863/464/3832 3869/464/3836 3868/453/3836
f 3869/464/3836 3870/464/3841 3867/453/3837
f 3872/464/3838 3873/464/3842 3874/453/3839
f 3870/464/3841 3872/464/3838 3871/453/3840
f 3873/464/3842 3876/464/3844 3875/453/3843
f 3876/464/3844 3878/464/3846 3877/453/3845
f 3878/464/3846 3880/464/3847 3879/453/3847
f 3942/461/3848 3858/461/3864 3860/461/3849
f 3874/461/3852 3875/461/3865 3950/490/3853
f 3868/461/3859 3867/461/3862 3959/482/3860
f 3867/461/3862 3871/461/3808 3891/476/3810
f 3956/484/3863 3857/461/3955 3858/461/3864
f 3875/461/3865 3877/461/3805 3888/461/3807
f 3884/464/3870 3883/453/3870 3968/453/3870
f 3975/482/3871 3968/461/3971 3883/461/3872
f 3971/453/3873 3883/453/3872 3884/464/3534
f 3969/491/3874 3882/464/3874 3881/453/3874
f 3881/461/3875 3966/461/3878 3973/461/3876
f 3966/461/3878 3967/461/3880 3974/461/3879
f 3967/461/3880 3968/461/3971 3975/482/3871
f 3882/464/3881 3963/464/3870 3966/453/3870
f 3963/464/3870 3964/464/3881 3967/453/3870
f 3965/464/3870 3968/453/3870 3967/453/3870
f 3948/461/3903 3890/489/3905 3851/461/3824
f 3949/461/3904 3889/475/3906 3890/489/3905
f 3950/490/3853 3888/461/3807 3889/475/3906
f 3831/461/3819 3954/461/3908 3944/488/3907
f 3954/461/3908 3955/476/3910 3943/461/3909
f 3955/476/3910 3956/484/3863 3942/461/3848
f 3957/461/3911 3893/476/3913 3845/461/3822
f 3958/461/3912 3892/492/3914 3893/476/3913
f 3959/482/3860 3891/476/3810 3892/492/3914
f 3909/476/3921 3957/461/3911 3841/461/3820
f 3910/476/3922 3958/461/3912 3957/461/3911
f 3911/489/3814 3959/482/3860 3958/461/3912
f 3894/461/3932 3948/461/3903 3849/461/3817
f 3895/488/3933 3949/461/3904 3948/461/3903
f 3896/486/3809 3950/490/3853 3949/461/3904
f 3832/461/3823 3944/488/3907 3914/461/3940
f 3944/488/3907 3943/461/3909 3913/486/3941
f 3943/461/3909 3942/461/3848 3912/488/3815
f 3834/461/3766 3914/461/3940 3915/486/3942
f 3914/461/3940 3913/486/3941 3916/494/3943
f 3913/486/3941 3912/488/3815 3917/475/3802
f 3908/488/3944 3909/476/3921 3842/461/3784
f 3907/488/3945 3910/476/3922 3909/476/3921
f 3906/488/3812 3911/489/3814 3910/476/3922
f 3902/453/3813 3903/464/3813 3854/464/3813
f 3901/453/3813 3904/464/3813 3903/464/3813
f 3901/453/3813 3900/453/3813 3905/464/3813
f 3839/461/3776 3899/474/3946 3908/488/3944
f 3899/474/3946 3898/461/3947 3907/488/3945
f 3898/461/3947 3897/461/3804 3906/488/3812
f 3893/476/3913 3894/461/3932 3848/461/3780
f 3892/492/3914 3895/488/3933 3894/461/3932
f 3891/476/3810 3896/486/3809 3895/488/3933
f 3890/489/3905 3902/461/3949 3853/461/3948
f 3889/475/3906 3901/461/3950 3902/461/3949
f 3888/461/3807 3900/461/3806 3901/461/3950
f 3833/461/3825 3915/486/3942 3899/474/3946
f 3915/486/3942 3916/494/3943 3898/461/3947
f 3916/494/3943 3917/475/3802 3897/461/3804
f 3974/461/3879 3975/482/3871 3956/484/3863
f 3973/461/3876 3974/461/3879 3955/476/3910
f 3972/476/3877 3973/461/3876 3954/461/3908
f 3830/464/3874 3969/491/3874 3972/453/3874
f 3857/453/3955 3971/453/3873 3970/464/3427
f 3956/484/3863 3975/482/3871 3971/461/3873
usemtl Material.003
f 3608/459/3591 3708/473/3592 3726/472/3584
f 3614/459/3596 3717/471/3590 3616/459/3589
f 3618/459/3615 3690/470/3579 3620/459/3578
f 3604/459/3622 3698/471/3582 3693/478/3623
f 3610/459/3583 3683/479/3625 3612/459/3616
f 3702/470/3640 3648/459/3641 3681/471/3642
f 3638/459/3646 3695/473/3630 3696/481/3647
f 3687/459/3655 3656/459/3656 3692/459/3657
f 3643/453/3665 3642/464/3666 3641/453/3667
f 3660/459/3687 3744/469/3688 3737/459/3689
f 3686/483/3654 3652/459/3690 3719/459/3691
f 3642/459/3696 3728/469/3697 3710/471/3629
f 3709/459/3726 3726/472/3584 3708/473/3592
f 3710/471/3629 3727/472/3719 3709/459/3726
f 3684/477/3617 3718/481/3722 3717/471/3590
f 3685/471/3729 3719/459/3691 3718/481/3722
f 3689/471/3588 3691/472/3716 3690/470/3579
f 3688/459/3721 3692/459/3657 3691/472/3716
f 3697/481/3718 3693/478/3623 3698/471/3582
f 3696/481/3647 3694/459/3734 3697/481/3718
f 3704/473/3585 3682/478/3730 3683/479/3625
f 3703/483/3720 3681/471/3642 3682/478/3730
f 3735/469/3736 3634/459/3737 3632/459/3737
f 3736/459/3738 3746/459/3739 3735/469/3736
f 3737/459/3689 3745/459/3740 3736/459/3738
f 3939/483/3787 3873/459/3788 3938/481/3789
f 3864/459/3790 3932/459/3791 3933/459/3792
f 3861/459/3799 3887/459/3800 3918/472/3801
f 3938/481/3789 3872/459/3854 3953/479/3855
f 3862/459/3861 3918/472/3801 3932/459/3791
f 3953/479/3855 3870/459/3868 3924/487/3796
f 3846/459/3894 3926/487/3895 3844/459/3896
f 3951/459/3897 3925/487/3898 3926/487/3895
f 3952/459/3899 3924/487/3796 3925/487/3898
f 3930/459/3915 3835/459/3916 3836/459/3917
f 3931/459/3918 3920/478/3919 3930/459/3915
f 3932/459/3791 3919/473/3920 3931/459/3918
f 3847/459/3929 3951/459/3897 3846/459/3894
f 3936/471/3930 3952/459/3899 3951/459/3897
f 3937/471/3931 3953/479/3855 3952/459/3899
f 3920/478/3919 3829/459/3936 3835/459/3916
f 3919/473/3920 3885/459/3934 3920/478/3919
f 3918/472/3801 3886/459/3937 3919/473/3920
f 3935/483/3901 3836/459/3917 3838/459/3900
f 3934/459/3902 3930/459/3915 3935/483/3901
f 3933/459/3792 3931/459/3918 3934/459/3902
f 3850/459/3884 3936/471/3930 3847/459/3929
f 3941/459/3883 3937/471/3931 3936/471/3930
f 3940/469/3886 3938/481/3789 3937/471/3931
f 3608/459/3591 3606/459/3627 3708/473/3592
f 3614/459/3596 3684/477/3617 3717/471/3590
f 3618/459/3615 3689/471/3588 3690/470/3579
f 3604/459/3622 3602/459/3580 3698/471/3582
f 3610/459/3583 3704/473/3585 3683/479/3625
f 3702/470/3640 3646/459/3700 3648/459/3641
f 3638/459/3646 3640/459/3628 3695/473/3630
f 3687/459/3655 3654/459/3699 3656/459/3656
f 3643/453/3665 3644/464/3669 3642/464/3666
f 3660/459/3687 3662/459/3965 3744/469/3688
f 3686/483/3654 3650/459/3653 3652/459/3690
f 3642/459/3696 3644/459/3967 3728/469/3697
f 3709/459/3726 3727/472/3719 3726/472/3584
f 3710/471/3629 3728/469/3697 3727/472/3719
f 3684/477/3617 3685/471/3729 3718/481/3722
f 3685/471/3729 3686/483/3654 3719/459/3691
f 3689/471/3588 3688/459/3721 3691/472/3716
f 3688/459/3721 3687/459/3655 3692/459/3657
f 3697/481/3718 3694/459/3734 3693/478/3623
f 3696/481/3647 3695/473/3630 3694/459/3734
f 3704/473/3585 3703/483/3720 3682/478/3730
f 3703/483/3720 3702/470/3640 3681/471/3642
f 3735/469/3736 3746/459/3739 3634/459/3737
f 3736/459/3738 3745/459/3740 3746/459/3739
f 3737/459/3689 3744/469/3688 3745/459/3740
f 3939/483/3787 3876/459/3869 3873/459/3788
f 3864/459/3790 3862/459/3861 3932/459/3791
f 3861/459/3799 3855/459/3850 3887/459/3800
f 3938/481/3789 3873/459/3788 3872/459/3854
f 3862/459/3861 3861/459/3799 3918/472/3801
f 3953/479/3855 3872/459/3854 3870/459/3868
f 3846/459/3894 3951/459/3897 3926/487/3895
f 3951/459/3897 3952/459/3899 3925/487/3898
f 3952/459/3899 3953/479/3855 3924/487/3796
f 3930/459/3915 3920/478/3919 3835/459/3916
f 3931/459/3918 3919/473/3920 3920/478/3919
f 3932/459/3791 3918/472/3801 3919/473/3920
f 3847/459/3929 3936/471/3930 3951/459/3897
f 3936/471/3930 3937/471/3931 3952/459/3899
f 3937/471/3931 3938/481/3789 3953/479/3855
f 3920/478/3919 3885/459/3934 3829/459/3936
f 3919/473/3920 3886/459/3937 3885/459/3934
f 3918/472/3801 3887/459/3800 3886/459/3937
f 3935/483/3901 3930/459/3915 3836/459/3917
f 3934/459/3902 3931/459/3918 3930/459/3915
f 3933/459/3792 3932/459/3791 3931/459/3918
f 3850/459/3884 3941/459/3883 3936/471/3930
f 3941/459/3883 3940/469/3886 3937/471/3931
f 3940/469/3886 3939/483/3787 3938/481/3789
usemtl Material.004
f 3590/456/3413 3471/457/3414 3576/458/3415
f 3470/459/3416 3479/457/3417 3471/457/3414
f 3475/457/3423 3594/456/3424 3592/458/3425
f 3483/457/3430 3490/459/3431 3482/459/3432
f 3475/457/3423 3482/459/3432 3474/459/3440
f 3478/459/3447 3487/457/3448 3479/457/3417
f 3491/457/3452 3498/459/3459 3490/459/3431
f 3486/459/3460 3495/457/3456 3487/457/3448
f 3502/459/3467 3511/457/3468 3503/457/3469
f 3499/457/3458 3506/459/3473 3498/459/3459
f 3494/459/3475 3503/457/3469 3495/457/3456
f 3515/457/3479 3522/459/3480 3514/459/3481
f 3507/457/3457 3514/459/3481 3506/459/3473
f 3510/459/3494 3519/457/3495 3511/457/3468
f 3523/457/3498 3530/459/3503 3522/459/3480
f 3518/459/3504 3527/457/3499 3519/457/3495
f 3534/459/3508 3543/457/3509 3535/457/3510
f 3547/457/3514 3538/459/3515 3539/457/3500
f 3531/457/3501 3538/459/3515 3530/459/3503
f 3526/459/3520 3535/457/3510 3527/457/3499
f 3555/457/3521 3546/459/3522 3547/457/3514
f 3542/459/3535 3551/457/3532 3543/457/3509
f 3558/459/3542 3567/457/3543 3559/457/3539
f 3563/457/3533 3554/459/3544 3555/457/3521
f 3550/459/3546 3559/457/3539 3551/457/3532
f 3571/457/3540 3562/459/3553 3563/457/3533
f 3580/457/3563 3587/459/3564 3579/459/3565
f 3566/459/3569 3584/457/3570 3567/457/3543
f 3671/469/3577 3620/459/3578 3690/470/3579
f 3602/459/3580 3729/471/3581 3698/471/3582
f 3610/459/3583 3726/472/3584 3704/473/3585
f 3689/471/3588 3616/459/3589 3717/471/3590
f 3612/459/3616 3684/477/3617 3614/459/3596
f 3606/459/3627 3693/478/3623 3708/473/3592
f 3640/459/3628 3710/471/3629 3695/473/3630
f 3681/471/3642 3650/459/3653 3686/483/3654
f 3719/459/3691 3654/459/3699 3687/459/3655
f 3728/469/3697 3646/459/3700 3702/470/3640
f 3636/459/3701 3696/481/3647 3731/459/3702
f 3692/459/3657 3657/459/3703 3669/459/3704
f 3690/470/3579 3670/459/3715 3671/469/3577
f 3691/472/3716 3669/459/3704 3670/459/3715
f 3730/459/3717 3698/471/3582 3729/471/3581
f 3731/459/3702 3697/481/3718 3730/459/3717
f 3727/472/3719 3704/473/3585 3726/472/3584
f 3727/472/3719 3702/470/3640 3703/483/3720
f 3717/471/3590 3688/459/3721 3689/471/3588
f 3718/481/3722 3687/459/3655 3688/459/3721
f 3683/479/3625 3685/471/3729 3684/477/3617
f 3682/478/3730 3686/483/3654 3685/471/3729
f 3694/459/3734 3708/473/3592 3693/478/3623
f 3695/473/3630 3709/459/3726 3694/459/3734
f 3905/459/3793 3878/459/3794 3929/459/3795
f 3924/487/3796 3869/459/3797 3923/471/3798
f 3855/459/3850 3947/472/3851 3887/459/3800
f 3978/459/3856 3882/459/3857 3969/459/3858
f 3863/459/3866 3933/459/3792 3960/459/3867
f 3923/471/3798 3863/459/3866 3960/459/3867
f 3929/459/3795 3876/459/3869 3939/483/3787
f 3852/459/3882 3941/459/3883 3850/459/3884
f 3927/459/3885 3940/469/3886 3941/459/3883
f 3928/472/3887 3939/483/3787 3940/469/3886
f 3843/459/3888 3962/459/3889 3837/459/3890
f 3921/459/3891 3961/459/3892 3962/459/3889
f 3922/459/3893 3960/459/3867 3961/459/3892
f 3962/459/3889 3838/459/3900 3837/459/3890
f 3961/459/3892 3935/483/3901 3962/459/3889
f 3960/459/3867 3934/459/3902 3961/459/3892
f 3970/459/3923 3965/459/3924 3976/483/3925
f 3976/483/3925 3964/459/3926 3977/493/3927
f 3977/493/3927 3963/459/3928 3978/459/3856
f 3885/459/3934 3830/459/3935 3829/459/3936
f 3886/459/3937 3945/469/3938 3885/459/3934
f 3887/459/3800 3946/473/3939 3886/459/3937
f 3844/459/3896 3921/459/3891 3843/459/3888
f 3926/487/3895 3922/459/3893 3921/459/3891
f 3925/487/3898 3923/471/3798 3922/459/3893
f 3854/459/3951 3927/459/3885 3852/459/3882
f 3903/459/3952 3928/472/3887 3927/459/3885
f 3904/459/3953 3929/459/3795 3928/472/3887
f 3946/473/3939 3978/459/3856 3945/469/3938
f 3947/472/3851 3977/493/3927 3946/473/3939
f 3856/459/3954 3976/483/3925 3947/472/3851
f 3945/469/3938 3969/459/3858 3830/459/3935
f 3590/456/3413 3470/459/3416 3471/457/3414
f 3470/459/3416 3478/459/3447 3479/457/3417
f 3475/457/3423 3474/459/3440 3594/456/3424
f 3483/457/3430 3491/457/3452 3490/459/3431
f 3475/457/3423 3483/457/3430 3482/459/3432
f 3478/459/3447 3486/459/3460 3487/457/3448
f 3491/457/3452 3499/457/3458 3498/459/3459
f 3486/459/3460 3494/459/3475 3495/457/3456
f 3502/459/3467 3510/459/3494 3511/457/3468
f 3499/457/3458 3507/457/3457 3506/459/3473
f 3494/459/3475 3502/459/3467 3503/457/3469
f 3515/457/3479 3523/457/3498 3522/459/3480
f 3507/457/3457 3515/457/3479 3514/459/3481
f 3510/459/3494 3518/459/3504 3519/457/3495
f 3523/457/3498 3531/457/3501 3530/459/3503
f 3518/459/3504 3526/459/3520 3527/457/3499
f 3534/459/3508 3542/459/3535 3543/457/3509
f 3547/457/3514 3546/459/3522 3538/459/3515
f 3531/457/3501 3539/457/3500 3538/459/3515
f 3526/459/3520 3534/459/3508 3535/457/3510
f 3555/457/3521 3554/459/3544 3546/459/3522
f 3542/459/3535 3550/459/3546 3551/457/3532
f 3558/459/3542 3566/459/3569 3567/457/3543
f 3563/457/3533 3562/459/3553 3554/459/3544
f 3550/459/3546 3558/459/3542 3559/457/3539
f 3571/457/3540 3570/459/3958 3562/459/3553
f 3580/457/3563 3588/457/3568 3587/459/3564
f 3566/459/3569 3583/459/3960 3584/457/3570
f 3671/469/3577 3621/459/3961 3620/459/3578
f 3602/459/3580 3600/459/3962 3729/471/3581
f 3610/459/3583 3608/459/3591 3726/472/3584
f 3689/471/3588 3618/459/3615 3616/459/3589
f 3612/459/3616 3683/479/3625 3684/477/3617
f 3606/459/3627 3604/459/3622 3693/478/3623
f 3640/459/3628 3642/459/3696 3710/471/3629
f 3681/471/3642 3648/459/3641 3650/459/3653
f 3719/459/3691 3652/459/3690 3654/459/3699
f 3728/469/3697 3644/459/3967 3646/459/3700
f 3636/459/3701 3638/459/3646 3696/481/3647
f 3692/459/3657 3656/459/3656 3657/459/3703
f 3690/470/3579 3691/472/3716 3670/459/3715
f 3691/472/3716 3692/459/3657 3669/459/3704
f 3730/459/3717 3697/481/3718 3698/471/3582
f 3731/459/3702 3696/481/3647 3697/481/3718
f 3727/472/3719 3703/483/3720 3704/473/3585
f 3727/472/3719 3728/469/3697 3702/470/3640
f 3717/471/3590 3718/481/3722 3688/459/3721
f 3718/481/3722 3719/459/3691 3687/459/3655
f 3683/479/3625 3682/478/3730 3685/471/3729
f 3682/478/3730 3681/471/3642 3686/483/3654
f 3694/459/3734 3709/459/3726 3708/473/3592
f 3695/473/3630 3710/471/3629 3709/459/3726
f 3905/459/3793 3880/459/3968 3878/459/3794
f 3924/487/3796 3870/459/3868 3869/459/3797
f 3855/459/3850 3856/459/3954 3947/472/3851
f 3978/459/3856 3963/459/3928 3882/459/3857
f 3863/459/3866 3864/459/3790 3933/459/3792
f 3923/471/3798 3869/459/3797 3863/459/3866
f 3929/459/3795 3878/459/3794 3876/459/3869
f 3852/459/3882 3927/459/3885 3941/459/3883
f 3927/459/3885 3928/472/3887 3940/469/3886
f 3928/472/3887 3929/459/3795 3939/483/3787
f 3843/459/3888 3921/459/3891 3962/459/3889
f 3921/459/3891 3922/459/3893 3961/459/3892
f 3922/459/3893 3923/471/3798 3960/459/3867
f 3962/459/3889 3935/483/3901 3838/459/3900
f 3961/459/3892 3934/459/3902 3935/483/3901
f 3960/459/3867 3933/459/3792 3934/459/3902
f 3970/459/3923 3884/459/3415 3965/459/3924
f 3976/483/3925 3965/459/3924 3964/459/3926
f 3977/493/3927 3964/459/3926 3963/459/3928
f 3885/459/3934 3945/469/3938 3830/459/3935
f 3886/459/3937 3946/473/3939 3945/469/3938
f 3887/459/3800 3947/472/3851 3946/473/3939
f 3844/459/3896 3926/487/3895 3921/459/3891
f 3926/487/3895 3925/487/3898 3922/459/3893
f 3925/487/3898 3924/487/3796 3923/471/3798
f 3854/459/3951 3903/459/3952 3927/459/3885
f 3903/459/3952 3904/459/3953 3928/472/3887
f 3904/459/3953 3905/459/3793 3929/459/3795
f 3946/473/3939 3977/493/3927 3978/459/3856
f 3947/472/3851 3976/483/3925 3977/493/3927
f 3856/459/3954 3970/459/3923 3976/483/3925
f 3945/469/3938 3978/459/3856 3969/459/3858
o Cube.026
v -52.507450 -11.780563 1.967208
v -52.507568 -11.780502 2.170555
v -53.133659 -11.782227 2.066078
v -53.133648 -11.782227 1.863458
v -66.639069 -11.782233 2.047278
v -66.639069 -11.782233 2.249806
v -66.006897 -11.782233 2.073241
v -66.006897 -11.782233 1.870714
v -52.669590 -9.291260 1.967208
v -52.669712 -9.291199 2.170555
v -53.290386 -9.375359 2.065775
v -53.290386 -9.375359 1.863248
v -66.680496 -11.136451 2.016789
v -66.680496 -11.136451 2.219317
v -66.053726 -11.054015 2.066839
v -66.053726 -11.054015 1.864312
v -53.154949 -6.844360 1.967208
v -53.155064 -6.844299 2.170556
v -53.759640 -7.009483 2.065775
v -53.759640 -7.009483 1.863248
v -66.805779 -10.501578 1.987717
v -66.805779 -10.501578 2.190245
v -66.195107 -10.338119 2.065775
v -66.195107 -10.338119 1.863247
v -53.955231 -4.481636 1.967208
v -53.955349 -4.481575 2.170556
v -54.533398 -4.724991 2.065776
v -54.533398 -4.724991 1.863248
v -67.012779 -9.888465 1.976061
v -67.012779 -9.888465 2.178589
v -66.428635 -9.646766 2.065775
v -66.428635 -9.646766 1.863247
v -55.056774 -2.243446 1.967208
v -55.056896 -2.243385 2.170555
v -55.598438 -2.560905 2.065776
v -55.598438 -2.560905 1.863248
v -67.297958 -9.307578 1.976061
v -67.297958 -9.307578 2.178589
v -66.750320 -8.991775 2.065775
v -66.750320 -8.991775 1.863247
v -56.440773 -0.167999 1.967208
v -56.440891 -0.167938 2.170556
v -56.936577 -0.554176 2.065776
v -56.936577 -0.554176 1.863248
v -67.656448 -8.768836 1.976061
v -67.656448 -8.768836 2.178589
v -67.154671 -8.384322 2.065775
v -67.154671 -8.384322 1.863247
v -58.083584 1.709252 1.967208
v -58.083702 1.709313 2.170556
v -58.524967 1.260926 2.065776
v -58.524967 1.260926 1.863248
v -68.082130 -8.281447 1.976061
v -68.082130 -8.281447 2.178589
v -67.634773 -7.834777 2.065775
v -67.634773 -7.834777 1.863247
v -59.957161 3.356256 1.967208
v -59.957279 3.356317 2.170556
v -60.336475 2.853410 2.065776
v -60.336475 2.853410 1.863248
v -68.567734 -7.853721 1.976061
v -68.567734 -7.853721 2.178589
v -68.182442 -7.352538 2.065775
v -68.182442 -7.352538 1.863247
v -62.029503 4.744889 1.967208
v -62.029621 4.744950 2.170556
v -62.340179 4.196076 2.065776
v -62.340179 4.196076 1.863248
v -69.104965 -7.492972 1.976061
v -69.104965 -7.492972 2.178589
v -68.788315 -6.945822 2.065775
v -68.788315 -6.945822 1.863247
v -64.265228 5.851426 1.967208
v -64.265343 5.851487 2.170556
v -64.501854 5.266000 2.065776
v -64.501854 5.266000 1.863248
v -69.684647 -7.205351 1.988865
v -69.684647 -7.205351 2.191393
v -69.442047 -6.621588 2.065775
v -69.442047 -6.621588 1.863247
v -66.626152 6.656991 1.967208
v -66.626274 6.657052 2.170556
v -66.784584 6.044908 2.065776
v -66.784584 6.044908 1.863248
v -70.296890 -6.995787 2.018014
v -70.296890 -6.995787 2.220541
v -70.132484 -6.385367 2.066980
v -70.132484 -6.385367 1.864452
v -69.071960 7.147813 1.967208
v -69.072083 7.147874 2.170556
v -69.149422 6.519517 2.066168
v -69.149406 6.519509 1.863522
v -70.931229 -6.867842 2.048539
v -70.931229 -6.867842 2.251067
v -70.847824 -6.241194 2.073635
v -70.847824 -6.241194 1.871107
v -71.560898 7.315516 1.967208
v -71.561012 7.315577 2.170556
v -71.556023 6.681726 2.067787
v -71.555984 6.681704 1.864971
v -71.576836 -6.823699 2.079348
v -71.576836 -6.823699 2.281876
v -71.575859 -6.191535 2.086588
v -71.575859 -6.191535 1.884061
v -71.555984 6.681704 1.864971
v -71.560898 7.315516 1.967208
v -53.133640 -18.596809 1.863247
v -53.133640 -18.596809 2.065774
v -71.575859 -6.191535 1.884061
v -71.576836 -6.823699 2.079348
v -71.576836 -6.823699 2.281876
v -71.575859 -6.191535 2.086588
v -76.486626 6.689333 1.863248
v -76.485641 7.321505 1.863248
v -76.485641 7.321505 2.065776
v -76.486626 6.689333 2.065776
v -76.506577 -6.183889 1.863247
v -76.507553 -6.816061 1.863247
v -76.507553 -6.816061 2.065774
v -76.506577 -6.183889 2.065775
v -52.501469 -18.596809 1.863247
v -52.501469 -18.596809 2.065775
v -66.006889 -18.596817 1.863246
v -66.006889 -18.596817 2.065774
v -66.639061 -18.596817 1.863246
v -66.639061 -18.596817 2.065774
v -52.507450 -11.780563 1.967208
v -52.507568 -11.780502 2.170555
v -52.669590 -9.291260 1.967208
v -52.669712 -9.291199 2.170555
v -52.669590 -9.291260 1.967208
v -52.669712 -9.291199 2.170555
v -53.154949 -6.844360 1.967208
v -53.155064 -6.844299 2.170556
v -53.955231 -4.481636 1.967208
v -53.955349 -4.481575 2.170556
v -55.056774 -2.243446 1.967208
v -55.056896 -2.243385 2.170555
v -56.440773 -0.167999 1.967208
v -56.440891 -0.167938 2.170556
v -58.083584 1.709252 1.967208
v -58.083702 1.709313 2.170556
v -59.957161 3.356256 1.967208
v -59.957279 3.356317 2.170556
v -62.029503 4.744889 1.967208
v -62.029621 4.744950 2.170556
v -64.265228 5.851426 1.967208
v -64.265343 5.851487 2.170556
v -66.626152 6.656991 1.967208
v -66.626274 6.657052 2.170556
v -69.071960 7.147813 1.967208
v -69.072083 7.147874 2.170556
v -71.561012 7.315577 2.170556
v -71.560898 7.315516 1.967208
v -52.507450 -11.780563 1.967208
v -52.507568 -11.780502 2.170555
v -52.669590 -9.291260 1.967208
v -52.669712 -9.291199 2.170555
v -52.507450 -11.780563 1.967208
v -52.507568 -11.780502 2.170555
v -52.669590 -9.291260 1.967208
v -52.669712 -9.291199 2.170555
v -52.507450 -11.780563 1.967208
v -52.507568 -11.780502 2.170555
v -52.669590 -9.291260 1.967208
v -52.669712 -9.291199 2.170555
v -51.181889 -7.996376 1.966892
v -51.182003 -7.996315 2.170237
v -51.667240 -5.549469 1.966892
v -51.667362 -5.549408 2.170237
v -52.467525 -3.186752 1.966892
v -52.467644 -3.186684 2.170237
v -53.569069 -0.948555 1.966892
v -53.569187 -0.948494 2.170237
v -54.953064 1.126892 1.966892
v -54.953182 1.126953 2.170236
v -56.595879 3.004143 1.966892
v -56.595997 3.004204 2.170237
v -58.469452 4.651146 1.966892
v -58.469570 4.651207 2.170237
v -60.541798 6.039773 1.966892
v -60.541916 6.039842 2.170237
v -62.777523 7.146325 1.966892
v -62.777641 7.146386 2.170237
v -65.138443 7.951882 1.966892
v -65.138565 7.951943 2.170237
v -67.584259 8.442712 1.966892
v -67.584373 8.442765 2.170237
v -70.073303 8.610475 2.170237
v -70.073189 8.610414 1.966892
v -51.019749 -10.485672 1.966891
v -51.019863 -10.485611 2.170236
v -51.181889 -7.996376 1.966892
v -51.182003 -7.996315 2.170237
v -58.850967 4.330177 2.129723
v -59.227844 4.007874 2.214248
v -59.594810 3.682725 2.129826
v -57.721237 2.035721 2.129827
v -57.354271 2.360870 2.214248
v -56.977390 2.683174 2.129723
v -70.454697 8.289446 2.332251
v -70.831581 7.967134 2.416776
v -71.198547 7.641993 2.332354
v -71.198547 7.641993 2.129826
v -70.831581 7.967134 2.214248
v -70.454697 8.289446 2.129723
v -52.849037 -3.507713 2.129723
v -53.225918 -3.830017 2.214248
v -53.592884 -4.155167 2.129826
v -52.792599 -6.517883 2.129826
v -52.425632 -6.192741 2.214248
v -52.048756 -5.870438 2.129724
v -58.850967 4.330177 2.332251
v -59.227844 4.007874 2.416776
v -59.594810 3.682725 2.332354
v -61.667156 5.071359 2.332355
v -61.300190 5.396501 2.416776
v -60.923313 5.718812 2.332251
v -65.519958 7.630914 2.332251
v -65.896835 7.308610 2.416776
v -66.263802 6.983460 2.332354
v -68.709618 7.474290 2.332354
v -68.342651 7.799432 2.416776
v -67.965767 8.121743 2.332251
v -53.592884 -4.155167 2.332354
v -53.225918 -3.830017 2.416776
v -52.849037 -3.507713 2.332251
v -52.048756 -5.870438 2.332251
v -52.425632 -6.192741 2.416776
v -52.792599 -6.517883 2.332354
v -68.709618 7.474290 2.129827
v -68.342651 7.799432 2.214248
v -67.965767 8.121743 2.129723
v -56.977390 2.683174 2.332251
v -57.354271 2.360870 2.416776
v -57.721237 2.035721 2.332354
v -53.950581 -1.269516 2.129723
v -54.327461 -1.591827 2.214248
v -54.694427 -1.916969 2.129826
v -54.694431 -1.916969 2.332354
v -54.327461 -1.591827 2.416776
v -53.950581 -1.269516 2.332251
v -63.902882 6.177903 2.129827
v -63.535915 6.503045 2.214248
v -63.159035 6.825349 2.129724
v -65.519958 7.630914 2.129723
v -65.896835 7.308610 2.214248
v -66.263802 6.983460 2.129826
v -63.902882 6.177903 2.332354
v -63.535915 6.503045 2.416776
v -63.159035 6.825349 2.332252
v -56.078426 0.158470 2.129826
v -55.711456 0.483612 2.214248
v -55.334579 0.805923 2.129723
v -61.667156 5.071359 2.129827
v -61.300190 5.396501 2.214248
v -60.923313 5.718812 2.129723
v -56.078426 0.158470 2.332354
v -55.711456 0.483612 2.416776
v -55.334579 0.805923 2.332251
v -52.307243 -8.964790 2.332354
v -51.940277 -8.639648 2.416775
v -51.563400 -8.317337 2.332251
v -51.563400 -8.317337 2.129724
v -51.940277 -8.639648 2.214248
v -52.307243 -8.964790 2.129826
v -52.145103 -11.454086 2.332353
v -51.778137 -11.128944 2.416775
v -51.401257 -10.806641 2.332251
v -51.401257 -10.806641 2.129723
v -51.778137 -11.128952 2.214248
v -52.145103 -11.454094 2.129826
v -52.307243 -8.964790 2.129826
v -51.940277 -8.639648 2.214248
v -51.563400 -8.317337 2.129723
v -51.563400 -8.317337 2.332251
v -51.940277 -8.639648 2.416775
v -52.307243 -8.964790 2.332354
v -66.639069 -11.782233 2.249806
v -66.680496 -11.136451 2.219317
v -66.805779 -10.501578 2.190245
v -67.012779 -9.888465 2.178589
v -67.297958 -9.307578 2.178589
v -67.656448 -8.768836 2.178589
v -68.082130 -8.281447 2.178589
v -68.567734 -7.853721 2.178589
v -69.104965 -7.492972 2.178589
v -69.684647 -7.205351 2.191393
v -70.296890 -6.995787 2.220541
v -70.931229 -6.867842 2.251067
v -71.576836 -6.823699 2.281876
v -71.576836 -6.823699 2.281876
v -66.639069 -11.782233 2.249806
v -66.680496 -11.136451 2.219317
v -66.805779 -10.501578 2.190245
v -67.012779 -9.888465 2.178589
v -67.297958 -9.307578 2.178589
v -67.656448 -8.768836 2.178589
v -68.082130 -8.281447 2.178589
v -68.567734 -7.853721 2.178589
v -69.104965 -7.492972 2.178589
v -69.684647 -7.205351 2.191393
v -70.296890 -6.995787 2.220541
v -70.931229 -6.867842 2.251067
v -71.576836 -6.823699 2.281876
v -71.576836 -6.823699 2.281876
v -66.639069 -11.782233 2.249806
v -66.680496 -11.136451 2.219317
v -66.805779 -10.501578 2.190245
v -67.012779 -9.888465 2.178589
v -67.297958 -9.307578 2.178589
v -67.656448 -8.768836 2.178589
v -68.082130 -8.281447 2.178589
v -68.567734 -7.853721 2.178589
v -69.104965 -7.492972 2.178589
v -69.684647 -7.205351 2.191393
v -70.296890 -6.995787 2.220541
v -70.931229 -6.867842 2.251067
v -71.576836 -6.823699 2.281876
v -71.576836 -6.823699 2.281876
v -66.639069 -11.782233 2.249806
v -66.680496 -11.136451 2.219317
v -66.805779 -10.501578 2.190245
v -67.012779 -9.888465 2.178589
v -67.297958 -9.307578 2.178589
v -67.656448 -8.768836 2.178589
v -68.082130 -8.281447 2.178589
v -68.567734 -7.853721 2.178589
v -69.104965 -7.492972 2.178589
v -69.684647 -7.205351 2.191393
v -70.296890 -6.995787 2.220541
v -70.931229 -6.867842 2.251067
v -71.576836 -6.823699 2.281876
v -71.576836 -6.823699 2.281876
v -66.680496 -11.136451 2.219317
v -66.639069 -11.782233 2.249806
v -66.639069 -11.782233 2.047278
v -66.680496 -11.136451 2.016789
v -67.012779 -9.888465 1.976061
v -66.805779 -10.501578 1.987717
v -66.805779 -10.501578 2.190245
v -67.012779 -9.888465 2.178589
v -67.656448 -8.768836 2.178589
v -67.297958 -9.307578 2.178589
v -67.297958 -9.307578 1.976061
v -67.656448 -8.768836 1.976061
v -68.567734 -7.853721 1.976061
v -68.082130 -8.281447 1.976061
v -68.082130 -8.281447 2.178589
v -68.567734 -7.853721 2.178589
v -69.104965 -7.492972 1.976061
v -69.104965 -7.492972 2.178589
v -69.684647 -7.205351 2.191393
v -69.684647 -7.205351 1.988865
v -70.296890 -6.995787 2.018014
v -70.296890 -6.995787 2.220541
v -70.931229 -6.867842 2.048539
v -70.931229 -6.867842 2.251067
v -71.576836 -6.823699 2.079348
v -71.576836 -6.823699 2.281876
v -66.680496 -11.136451 2.219317
v -66.639069 -11.782233 2.249806
v -66.639069 -11.782233 2.047278
v -66.680496 -11.136451 2.016789
v -67.012779 -9.888465 1.976061
v -66.805779 -10.501578 1.987717
v -66.805779 -10.501578 2.190245
v -67.012779 -9.888465 2.178589
v -67.656448 -8.768836 2.178589
v -67.297958 -9.307578 2.178589
v -67.297958 -9.307578 1.976061
v -67.656448 -8.768836 1.976061
v -68.567734 -7.853721 1.976061
v -68.082130 -8.281447 1.976061
v -68.082130 -8.281447 2.178589
v -68.567734 -7.853721 2.178589
v -69.104965 -7.492972 1.976061
v -69.104965 -7.492972 2.178589
v -69.684647 -7.205351 2.191393
v -69.684647 -7.205351 1.988865
v -70.296890 -6.995787 2.018014
v -70.296890 -6.995787 2.220541
v -70.931229 -6.867842 2.048539
v -70.931229 -6.867842 2.251067
v -73.056053 -6.823706 2.097712
v -73.056053 -6.823706 2.300240
v -68.169441 -12.429876 2.249806
v -68.128014 -13.075666 2.264933
v -68.128014 -13.075666 2.062405
v -68.169441 -12.429876 2.047278
v -68.501724 -11.181898 1.987717
v -68.294724 -11.795012 2.016789
v -68.294724 -11.795012 2.219317
v -68.501724 -11.181898 2.190245
v -69.145401 -10.062269 2.178588
v -68.786903 -10.601011 2.178589
v -68.786903 -10.601011 1.976061
v -69.145401 -10.062269 1.976061
v -70.056686 -9.147154 1.976061
v -69.571083 -9.574873 1.976061
v -69.571083 -9.574873 2.178589
v -70.056686 -9.147154 2.178589
v -70.593918 -8.786406 1.988865
v -70.593918 -8.786406 2.191393
v -71.173599 -8.498785 2.220541
v -71.173599 -8.498785 2.018014
v -71.785843 -8.289213 2.048539
v -71.785843 -8.289213 2.251067
v -72.420181 -8.161268 2.086045
v -72.420181 -8.161268 2.288573
v -73.065781 -8.117132 2.097712
v -73.065781 -8.117132 2.300239
v -66.639069 -13.084678 2.076253
v -66.639069 -13.084678 2.241288
v -68.128014 -13.075666 2.062405
v -68.128014 -13.075666 2.264933
v -67.052734 -11.459807 2.352304
v -67.424965 -11.783163 2.442727
v -67.797203 -12.106520 2.352304
v -72.047943 -7.837912 2.149777
v -71.675705 -7.514555 2.240199
v -71.303467 -7.191199 2.149777
v -70.221680 -8.463049 2.149776
v -69.849442 -8.139685 2.240199
v -69.477203 -7.816329 2.149777
v -70.056885 -7.528716 2.149777
v -70.429123 -7.852072 2.240199
v -70.801361 -8.175428 2.149776
v -68.414673 -10.277647 2.149776
v -68.042435 -9.954290 2.240199
v -67.670197 -9.630935 2.149776
v -73.063354 -7.793776 2.197698
v -73.060921 -7.470419 2.240199
v -73.058487 -7.147062 2.197698
v -73.058487 -7.147062 2.400226
v -73.060921 -7.470419 2.442727
v -73.063354 -7.793776 2.400226
v -68.773163 -9.738913 2.149776
v -68.400925 -9.415557 2.240199
v -68.028687 -9.092193 2.149777
v -68.454369 -8.604796 2.149776
v -68.826607 -8.928160 2.240199
v -69.198845 -9.251516 2.149776
v -67.922485 -11.471647 2.149776
v -67.550255 -11.148291 2.240199
v -67.178017 -10.824935 2.149777
v -67.385017 -10.211821 2.149776
v -67.757248 -10.535177 2.240199
v -68.129486 -10.858534 2.149776
v -67.922485 -11.471647 2.352304
v -67.550255 -11.148291 2.442727
v -67.178017 -10.824935 2.352304
v -68.454369 -8.604796 2.352304
v -68.826607 -8.928160 2.442727
v -69.198845 -9.251516 2.352304
v -69.684448 -8.823797 2.352304
v -69.312210 -8.500441 2.442727
v -68.939972 -8.177076 2.352304
v -71.303467 -7.191199 2.352304
v -71.675705 -7.514555 2.442727
v -72.047943 -7.837912 2.352305
v -67.385017 -10.211821 2.352304
v -67.757248 -10.535177 2.442727
v -68.129486 -10.858534 2.352304
v -68.414673 -10.277647 2.352304
v -68.042435 -9.954290 2.442727
v -67.670197 -9.630935 2.352304
v -70.056885 -7.528716 2.352304
v -70.429123 -7.852072 2.442727
v -70.801361 -8.175428 2.352304
v -71.413605 -7.965865 2.352304
v -71.041367 -7.642500 2.442727
v -70.669128 -7.319144 2.352305
v -67.797203 -12.106520 2.149776
v -67.424965 -11.783163 2.240199
v -67.052734 -11.459807 2.149777
v -67.011307 -12.105590 2.352304
v -67.383537 -12.428953 2.442727
v -67.755775 -12.752310 2.352304
v -70.669128 -7.319144 2.149777
v -71.041367 -7.642500 2.240199
v -71.413605 -7.965865 2.149776
v -69.477203 -7.816329 2.352304
v -69.849442 -8.139685 2.442727
v -70.221680 -8.463049 2.352304
v -67.011307 -12.105590 2.149776
v -67.383537 -12.428953 2.240199
v -67.755775 -12.752310 2.149776
v -68.939972 -8.177076 2.149777
v -69.312210 -8.500441 2.240199
v -69.684448 -8.823797 2.149776
v -68.773163 -9.738913 2.352304
v -68.400925 -9.415557 2.442727
v -68.028687 -9.092193 2.352304
v -67.011299 -13.082427 2.387784
v -67.383537 -13.080168 2.442727
v -67.755775 -13.077917 2.387784
v -67.011299 -13.082427 2.185257
v -67.383537 -13.080168 2.240199
v -67.755775 -13.077917 2.185257
v -66.639069 -12.433455 2.241394
v -68.128014 -13.075666 2.264933
v -68.128014 -13.075666 2.062405
v -66.639069 -12.433455 2.065238
v -67.011299 -12.594008 2.167517
v -67.383537 -12.754560 2.240199
v -67.755775 -12.915113 2.167517
v -67.755775 -12.915113 2.370044
v -67.383537 -12.754560 2.442727
v -67.011299 -12.594008 2.370044
vn 1.0000 0.0009 0.0006
vn 1.0000 0.0009 -0.0000
vn -0.0097 -0.0009 1.0000
vn -0.0818 -0.0064 0.9966
vn -0.0000 -0.0000 1.0000
vn -0.1646 -0.0130 0.9863
vn -0.0854 -0.0111 0.9963
vn 0.0848 0.0111 -0.9963
vn -0.1871 -0.6351 0.7494
vn 0.0811 0.0063 -0.9967
vn -0.0000 -1.0000 -0.0000
vn -1.0000 -0.0000 -0.0000
vn 0.1250 0.0063 0.9921
vn 0.0164 -0.0026 0.9999
vn 0.0002 -0.0009 1.0000
vn -0.1810 0.9787 0.0965
vn 0.2516 0.6058 0.7548
vn -0.0000 -0.0000 -1.0000
vn -0.1782 -0.9835 0.0310
vn 0.1064 0.0236 0.9940
vn 0.1924 0.0705 0.9788
vn 0.2373 0.0651 0.9693
vn -0.0872 -0.0260 -0.9958
vn -0.1064 -0.0236 -0.9940
vn -0.1249 -0.0064 -0.9921
vn -0.9072 -0.1189 -0.4036
vn 0.8001 0.5704 -0.1857
vn 0.0085 0.8986 0.4388
vn 0.1267 -0.7187 0.6837
vn 0.2690 0.0191 0.9630
vn -0.0782 -0.0322 -0.9964
vn 0.0826 0.0221 -0.9963
vn 0.0789 0.0326 -0.9963
vn 0.1678 -0.0383 -0.9851
vn -0.0349 0.8837 0.4668
vn 0.2095 0.1020 0.9725
vn -0.1636 -0.0215 0.9863
vn -0.0832 -0.0222 0.9963
vn -0.2602 -0.9646 0.0424
vn -0.1321 -0.9903 0.0424
vn -0.1322 -0.9903 0.0424
vn 0.0872 0.0260 0.9958
vn 0.0740 0.0426 -0.9964
vn -0.4565 0.8879 0.0570
vn -0.0462 0.8896 0.4543
vn -0.0796 -0.0329 0.9963
vn 0.0733 0.0421 0.9964
vn 0.0782 0.0322 0.9964
vn 0.1652 0.0722 0.9836
vn -0.1593 -0.0426 0.9863
vn 0.9728 0.1647 0.1631
vn 0.3660 0.9277 0.0731
vn 0.2135 0.0150 0.9768
vn 0.9263 -0.3575 0.1188
vn 0.7057 0.7072 0.0433
vn 0.1297 -0.2511 0.9592
vn -0.1426 -0.0822 0.9864
vn -0.0682 -0.0522 0.9963
vn -0.0745 -0.0429 0.9963
vn -0.7938 -0.6067 0.0424
vn -0.8662 -0.4979 0.0424
vn -0.0733 -0.0421 -0.9964
vn 0.1523 0.0876 0.9844
vn 0.2255 0.6414 0.7334
vn -0.1523 -0.0630 0.9863
vn -0.0712 -0.9395 0.3351
vn 0.1026 0.9869 0.1247
vn 0.1201 0.1313 0.9841
vn 0.0672 0.0513 0.9964
vn 0.1245 0.1240 0.9844
vn 0.1396 0.1067 0.9844
vn -0.0599 -0.0597 -0.9964
vn 0.0677 0.0518 -0.9964
vn -0.0672 -0.0513 -0.9964
vn 0.0603 0.0601 -0.9964
vn 0.3977 0.2403 -0.8855
vn -0.0728 0.8943 0.4415
vn -0.4929 0.8574 0.1479
vn -0.0516 -0.0670 -0.9964
vn 0.0519 0.0674 -0.9964
vn 0.2228 0.4880 0.8439
vn -0.6099 -0.7913 0.0424
vn -0.7080 -0.7050 0.0424
vn -0.1306 -0.1000 0.9864
vn -0.0608 -0.0606 0.9963
vn -0.3838 -0.9224 0.0424
vn -0.2601 -0.9646 0.0424
vn 0.0599 0.0597 0.9964
vn -0.0523 -0.0679 0.9963
vn 0.0424 0.0731 0.9964
vn 0.0516 0.0670 0.9964
vn 0.2363 0.9670 0.0954
vn 0.1073 0.1391 0.9844
vn -0.1163 -0.1161 0.9864
vn -0.9233 -0.3817 0.0424
vn -0.8657 -0.4988 0.0424
vn -0.0821 -0.1419 0.9865
vn -0.0329 -0.0789 0.9963
vn -0.0429 -0.0741 0.9963
vn -0.3324 0.9429 0.0216
vn -0.0270 0.5079 0.8610
vn -0.1446 -0.9059 -0.3981
vn 0.0380 0.0833 0.9958
vn 0.0943 0.1542 0.9835
vn 0.0426 0.0735 -0.9964
vn -0.0424 -0.0731 -0.9964
vn -0.9178 -0.3927 0.0584
vn -0.8219 -0.5674 0.0511
vn -0.1000 -0.1301 0.9864
vn 0.0382 0.1025 0.9940
vn 0.0972 0.1824 0.9784
vn -0.0382 -0.1025 -0.9940
vn 0.0326 0.0783 -0.9964
vn -0.0380 -0.0833 -0.9958
vn 0.0219 0.0817 -0.9964
vn 0.8697 0.4910 0.0500
vn -0.6483 0.7073 0.2818
vn 0.0107 0.0833 -0.9965
vn 0.0385 0.8163 0.5764
vn -0.0339 -0.1229 -0.9918
vn -0.0221 -0.0823 0.9964
vn 0.0339 0.1229 0.9918
vn -0.0000 -0.0000 -0.0000
vn -0.0628 -0.1512 0.9865
vn -0.6093 -0.7918 0.0424
vn -0.5007 -0.8646 0.0424
vn -0.5008 -0.8645 0.0424
vn -0.0107 -0.0838 0.9964
vn 0.0218 0.0904 0.9957
vn -0.7932 -0.6075 0.0424
vn -0.7933 -0.6074 0.0424
vn -0.0212 -0.1611 0.9867
vn -0.0031 -0.0816 0.9967
vn 0.0970 0.2279 0.9688
vn -0.3051 -0.9518 0.0319
vn -0.0424 -0.1578 0.9866
vn 0.4890 0.8704 0.0576
vn -0.1435 0.9638 -0.2247
vn 0.0026 -0.7699 -0.6381
vn -0.2365 0.9633 0.1267
vn 0.0116 0.9930 0.1179
vn -0.4260 0.8500 -0.3100
vn 0.0739 0.2698 0.9601
vn 0.0038 -0.0006 -1.0000
vn 0.7191 0.6327 -0.2873
vn 0.0099 0.0066 -0.9999
vn 0.0154 0.9987 0.0493
vn 0.0074 -0.0251 -0.9997
vn 0.0012 1.0000 -0.0003
vn 0.0009 0.7118 0.7024
vn 0.0012 1.0000 -0.0000
vn -1.0000 0.0015 -0.0000
vn -1.0000 0.0016 -0.0000
vn -0.0144 0.0920 0.9957
vn -0.0074 0.0251 0.9997
vn -0.0414 0.2950 0.9546
vn -0.0015 -1.0000 -0.0000
vn -0.0164 0.0026 -0.9999
vn -0.0038 0.0006 1.0000
vn -0.0064 -0.1535 0.9881
vn -0.0100 -0.0066 0.9999
vn 0.0097 0.0009 -1.0000
vn -0.0002 0.0002 -1.0000
vn -0.9652 -0.2579 0.0424
vn 0.2469 0.7530 -0.6100
vn 0.1269 0.2180 -0.9677
vn 0.1494 0.1937 -0.9696
vn -0.0251 -0.3721 0.9279
vn -0.0422 -0.4057 0.9130
vn -0.0420 -0.3049 0.9515
vn -0.3419 -0.0842 0.9359
vn -0.3001 -0.0595 0.9520
vn -0.2571 -0.0697 0.9639
vn -0.2227 -0.2231 0.9490
vn -0.1910 -0.1465 0.9706
vn -0.1702 -0.1697 0.9707
vn 0.6137 0.1781 0.7692
vn 0.2126 0.1230 -0.9694
vn -0.0744 -0.2720 0.9594
vn -0.1275 -0.3232 0.9377
vn -0.1020 -0.2433 0.9646
vn -0.2514 -0.1912 0.9488
vn -0.2119 -0.1226 0.9696
vn 0.1023 0.2440 -0.9644
vn -0.0437 0.6711 -0.7400
vn -0.9909 -0.0645 -0.1182
vn -0.1619 -0.2881 0.9438
vn 0.0486 -0.7464 0.6638
vn -0.9887 -0.0644 0.1356
vn 0.1915 0.1469 -0.9704
vn -0.7072 -0.7057 0.0424
vn -0.7073 -0.7056 0.0424
vn 0.9681 0.2385 0.0774
vn -0.0377 -0.8011 0.5974
vn -0.9652 -0.2581 0.0424
vn -0.6092 -0.7919 0.0424
vn -0.6154 -0.7817 -0.1013
vn -0.3838 -0.9225 0.0424
vn 0.9278 0.3681 0.0610
vn -0.6711 -0.0437 -0.7400
vn -0.7464 -0.0486 0.6638
vn -0.7340 -0.6643 -0.1408
vn 0.6145 0.7881 0.0364
vn 0.3012 0.0597 -0.9517
vn 0.0421 0.3057 -0.9512
vn 0.0746 0.2727 -0.9592
vn 0.2578 0.0699 -0.9637
vn -0.0884 -0.3619 0.9280
vn -0.1932 -0.2551 0.9474
vn -0.1265 -0.2173 0.9679
vn -0.6692 0.7431 -0.0005
vn -0.6666 0.7454 -0.0001
vn -0.6692 0.7431 -0.0006
vn 0.1707 0.1702 -0.9705
vn -0.3100 -0.1230 0.9427
vn -0.2337 -0.0973 0.9674
vn 0.0252 0.3734 -0.9273
vn -0.1489 -0.1931 0.9698
vn 0.2344 0.0976 -0.9672
vn -0.2802 -0.1582 0.9468
vn 0.2959 0.1263 0.9468
vn 0.2133 0.1222 0.9693
vn 0.2348 0.0958 0.9673
vn -0.6439 0.7651 -0.0005
vn -0.6465 0.7629 -0.0001
vn -0.6474 0.7621 -0.0000
vn -0.2139 -0.1225 -0.9691
vn -0.2972 -0.1269 -0.9464
vn -0.2355 -0.0961 -0.9671
vn 0.6465 -0.7629 0.0001
vn 0.6439 -0.7651 0.0005
vn 0.6474 -0.7621 -0.0000
vn 0.1717 0.1717 0.9701
vn 0.1942 0.2483 0.9490
vn 0.1502 0.1966 0.9689
vn -0.0286 -0.4250 -0.9048
vn -0.0389 -0.3190 -0.9470
vn -0.0193 -0.2859 -0.9581
vn 0.3228 0.0920 0.9420
vn 0.2577 0.0671 0.9639
vn -0.1951 -0.2494 -0.9486
vn -0.1722 -0.1723 -0.9699
vn -0.1506 -0.1972 -0.9687
vn -0.3241 -0.0923 -0.9415
vn -0.2585 -0.0673 -0.9637
vn 0.1666 0.2793 0.9456
vn 0.1273 0.2225 0.9666
vn 0.0732 0.2818 0.9567
vn 0.0628 0.3892 0.9190
vn 0.0388 0.3180 0.9473
vn 0.6692 -0.7431 0.0005
vn 0.6666 -0.7454 0.0001
vn 0.6657 -0.7462 -0.0000
vn 0.9661 0.2582 0.0005
vn 0.9809 0.1946 0.0005
vn 0.9242 0.3820 0.0004
vn 0.9661 0.2583 0.0005
vn 0.7940 0.6080 0.0003
vn 0.8664 0.4993 0.0004
vn 0.8665 0.4992 0.0004
vn 0.7079 0.7063 0.0002
vn 0.7939 0.6080 0.0003
vn 0.5012 0.8653 -0.0000
vn 0.6097 0.7926 0.0001
vn 0.6098 0.7926 0.0001
vn 0.3841 0.9233 -0.0001
vn 0.2604 0.9655 -0.0001
vn 0.3840 0.9233 -0.0001
vn 0.0672 0.9977 -0.0003
vn 0.1322 0.9912 -0.0002
vn 0.1323 0.9912 -0.0002
vn 0.9979 0.0650 0.0005
vn -0.3255 -0.0212 -0.9453
vn -0.3750 -0.0244 -0.9267
vn -0.2598 -0.0169 -0.9655
vn -0.1029 -0.3500 -0.9311
vn -0.1024 -0.2513 -0.9625
vn -0.0734 -0.2826 -0.9564
vn 0.3735 0.0243 0.9273
vn 0.3244 0.0211 0.9457
vn 0.2593 0.0169 0.9656
vn 0.1365 0.3123 0.9401
vn 0.1021 0.2505 0.9627
vn -0.2211 -0.2192 -0.9503
vn -0.1930 -0.1476 -0.9700
vn -0.1371 -0.3137 -0.9396
vn -0.1277 -0.2232 -0.9664
vn 0.2703 0.1581 0.9497
vn 0.1925 0.1472 0.9702
vn -0.2715 -0.1588 -0.9492
vn 0.1025 0.3484 0.9317
vn 0.2201 0.2183 0.9507
vn 0.3413 0.0677 0.9375
vn 0.2418 0.0480 0.9692
vn 0.0285 0.4232 0.9056
vn 0.0192 0.2854 0.9582
vn -0.3427 -0.0680 -0.9370
vn -0.2423 -0.0481 -0.9690
vn -0.0631 -0.3908 -0.9183
vn -0.1674 -0.2805 -0.9451
vn -0.0018 -0.0080 -1.0000
vn -0.0031 -0.0063 -1.0000
vn 0.0047 -0.0163 -0.9999
vn 0.0018 -0.0127 -0.9999
vn 0.0646 0.0128 -0.9978
vn -0.0084 0.0014 -1.0000
vn -0.0080 -0.1181 0.9930
vn -0.0047 0.0163 0.9999
vn -0.0646 -0.0128 0.9978
vn 0.0084 -0.0014 1.0000
vn 0.0051 0.0034 1.0000
vn 0.0041 0.0048 1.0000
vn -0.0018 0.0127 0.9999
vn 0.0003 0.0101 0.9999
vn 0.6566 -0.7543 -0.0000
vn -0.0061 -0.0019 -1.0000
vn -0.0051 -0.0034 -1.0000
vn 0.0061 0.0019 1.0000
vn -0.0003 -0.0101 -0.9999
vn -0.0041 -0.0048 -1.0000
vn 0.0018 0.0080 1.0000
vn 0.0031 0.0063 1.0000
vn -0.0072 -0.0004 -1.0000
vn -0.6657 0.7462 -0.0000
vn -0.6566 0.7543 -0.0000
vn 0.0072 0.0004 1.0000
vn 0.0080 0.1181 -0.9930
vn -0.3376 -0.0220 0.9410
vn -0.3884 -0.0253 0.9211
vn -0.0892 -0.0058 0.9960
vn -0.2659 -0.0173 0.9639
vn 0.0854 0.0056 0.9963
vn 0.3389 0.0221 -0.9406
vn 0.2664 0.0174 -0.9637
vn 0.0892 0.0058 -0.9960
vn -0.0854 -0.0056 -0.9963
vn 0.6692 -0.7431 0.0006
vn -0.8219 -0.5673 0.0511
vn -0.9182 -0.3929 0.0514
vn -0.3048 -0.9509 0.0543
vn -0.1785 -0.9825 0.0540
vn -0.7079 -0.7050 0.0424
vn -0.6100 -0.7912 0.0424
vn -0.7939 -0.6066 0.0424
vn -0.8321 -0.5537 0.0320
vn -0.1157 -0.9933 0.0068
vn -0.4152 -0.9082 0.0523
vn -0.4637 -0.8851 0.0385
vn -0.9127 -0.4059 0.0466
vn -0.5106 -0.8584 0.0488
vn -0.5105 -0.8584 0.0501
vn -0.4152 -0.9083 0.0506
vn -0.5998 -0.5037 -0.6217
vn -0.8226 -0.5679 0.0287
vn -0.9183 -0.3929 0.0497
vn -0.9125 -0.4058 0.0510
vn -0.9115 -0.4102 0.0302
vn -0.9026 -0.3169 0.2914
vn -0.4150 -0.9079 0.0595
vn -0.3681 -0.9289 0.0403
vn -0.8970 -0.4404 0.0378
vn 0.0110 -0.4587 0.8885
vn 0.0004 -0.0151 0.9999
vn -0.6607 -0.7500 0.0320
vn -0.9112 -0.4100 0.0397
vn -0.8226 -0.5678 0.0287
vn -0.4404 0.8970 0.0378
vn -0.8280 -0.4839 0.2833
vn -0.8972 -0.4404 0.0320
vn -0.0890 -0.9960 -0.0061
vn -0.0110 0.4587 -0.8885
vn 0.4371 0.8512 -0.2905
vn 0.7607 0.5841 -0.2831
vn 0.8321 0.5537 0.0320
vn -0.0000 1.0000 -0.0000
vn 0.6814 0.6751 -0.2827
vn -0.4153 -0.9086 0.0438
vn -0.5106 -0.8585 0.0472
vn -0.0550 -0.2356 0.9703
vn -0.0803 -0.2749 0.9581
vn -0.0908 -0.2355 0.9676
vn -0.2930 -0.1610 0.9425
vn -0.2412 -0.0971 0.9656
vn -0.2239 -0.1291 0.9660
vn 0.0257 -0.2016 0.9791
vn 0.0245 -0.2354 0.9716
vn -0.0063 -0.2322 0.9726
vn -0.1582 -0.2047 0.9660
vn -0.2353 -0.2357 0.9429
vn -0.1805 -0.1796 0.9670
vn -0.2848 -0.0430 0.9576
vn -0.2412 -0.0229 0.9702
vn -0.2460 -0.0585 0.9675
vn 0.2412 0.0971 -0.9656
vn 0.2930 0.1610 -0.9425
vn 0.2239 0.1291 -0.9660
vn -0.0245 0.2354 -0.9716
vn -0.0257 0.2016 -0.9791
vn 0.0063 0.2322 -0.9726
vn 0.1416 0.2873 -0.9473
vn 0.0908 0.2355 -0.9676
vn 0.1283 0.2258 -0.9657
vn 0.2651 0.2015 -0.9430
vn 0.2022 0.1546 -0.9671
vn -1.0000 0.0075 -0.0000
vn 0.1805 0.1796 -0.9670
vn 0.2460 0.0585 -0.9675
vn 0.3047 0.1028 -0.9469
vn 0.3529 0.8925 -0.2810
vn -0.5105 -0.8583 0.0520
vn -0.2164 -0.6536 0.7252
vn 0.5911 0.7552 -0.2833
vn -0.9185 -0.3930 0.0431
vn 0.5085 0.8108 -0.2900
vn -0.9319 -0.2289 0.2814
vn -0.2127 -0.7944 0.5689
vn -0.8728 -0.3930 0.2894
vn -0.9918 -0.1276 -0.0000
vn -0.9979 -0.0640 -0.0000
vn -0.9668 -0.2554 -0.0000
vn -0.9914 -0.1305 -0.0000
vn -0.9250 -0.3799 -0.0000
vn -0.9658 -0.2591 -0.0000
vn -0.7946 -0.6072 -0.0000
vn -0.8668 -0.4987 -0.0000
vn -0.8671 -0.4981 -0.0000
vn -0.9240 -0.3823 -0.0000
vn -0.7086 -0.7056 -0.0000
vn -0.6102 -0.7922 -0.0000
vn -0.5009 -0.8655 -0.0000
vn -0.3868 -0.9222 -0.0000
vn -0.5032 -0.8642 -0.0000
vn -0.6109 -0.7917 -0.0000
vn -0.3832 -0.9237 -0.0000
vn -0.2635 -0.9647 -0.0000
vn -0.2592 -0.9658 -0.0000
vn -0.1348 -0.9909 -0.0000
vn -0.1317 -0.9913 -0.0000
vn -0.0682 -0.9977 -0.0000
vn 0.2412 0.0229 -0.9702
vn 0.2848 0.0430 -0.9576
vn -0.2507 -0.0063 0.9680
vn -0.2470 0.0379 0.9683
vn 0.0803 0.2749 -0.9581
vn 0.0550 0.2356 -0.9703
vn -0.1416 -0.2873 0.9473
vn -0.1283 -0.2258 0.9657
vn 0.2617 0.0234 0.9649
vn 0.3493 0.0191 0.9368
vn 0.3080 0.0085 0.9513
vn 0.2353 0.2357 -0.9429
vn 0.1582 0.2047 -0.9660
vn -0.3047 -0.1028 0.9469
vn 0.1986 0.2689 -0.9425
vn 0.2470 -0.0379 -0.9683
vn 0.2507 0.0063 -0.9680
vn 0.0295 0.2403 -0.9702
vn -0.2651 -0.2015 0.9430
vn -0.2022 -0.1546 0.9671
vn -0.1986 -0.2689 0.9425
vn -0.0295 -0.2403 0.9702
vn -0.0060 -1.0000 -0.0000
vn 0.2516 -0.0912 -0.9635
vn 0.8208 0.1331 0.5555
vn 0.4466 0.6954 0.5630
vn 1.0000 -0.0000 -0.0000
vn -0.2714 -0.0270 -0.9621
vn -0.2262 -0.0269 -0.9737
vn -0.2516 -0.0258 -0.9675
vn -0.2223 -0.0272 -0.9746
vn 0.0232 -0.0135 -0.9996
vn 0.0164 -0.0141 -0.9998
vn -0.0061 -1.0000 -0.0000
vn 0.0593 0.2600 0.9638
vn 0.0736 0.2375 0.9686
vn 0.1120 0.2833 0.9525
vn 0.0377 0.2455 0.9687
vn -0.0019 0.0134 0.9999
vn 0.0011 0.0081 1.0000
vn 0.2365 0.2343 0.9430
vn 0.2073 0.1581 0.9654
vn 0.2640 0.2027 0.9430
vn 0.1846 0.1842 0.9654
vn 0.0063 0.0042 1.0000
vn 0.0050 0.0057 1.0000
vn 0.1836 0.2928 0.9384
vn 0.1612 0.2104 0.9642
vn 0.2082 0.2660 0.9412
vn 0.1375 0.2323 0.9629
vn 0.0036 0.0072 1.0000
vn 0.0021 0.0089 1.0000
vn 0.2914 0.1703 0.9413
vn 0.2300 0.1313 0.9643
vn 0.0076 0.0027 1.0000
vn -0.0736 -0.2375 -0.9686
vn 0.0019 -0.0134 -0.9999
vn -0.0377 -0.2455 -0.9687
vn -0.0011 -0.0081 -1.0000
vn -0.2459 -0.0410 -0.9684
vn -0.2341 -0.0232 -0.9719
vn -0.0129 0.0037 -0.9999
vn 0.0064 -0.0034 -1.0000
vn -0.1612 -0.2104 -0.9642
vn -0.0036 -0.0072 -1.0000
vn -0.1375 -0.2323 -0.9629
vn -0.0021 -0.0089 -1.0000
vn 0.2488 0.1047 0.9629
vn 0.3200 0.1123 0.9408
vn 0.3148 0.1418 0.9385
vn 0.0091 0.0009 1.0000
vn 0.2539 0.0751 0.9643
vn 0.0108 -0.0011 0.9999
vn -0.1846 -0.1842 -0.9654
vn -0.0050 -0.0057 -1.0000
vn -0.0355 0.0117 0.9993
vn -0.2270 0.1055 0.9682
vn -0.2516 0.0912 0.9635
vn -0.0164 0.0141 0.9998
vn -0.0232 0.0135 0.9996
vn 0.2658 0.0268 0.9637
vn 0.1544 0.3007 0.9411
vn 0.1084 0.2408 0.9645
vn 0.0003 0.0109 0.9999
vn -0.1084 -0.2408 -0.9645
vn -0.0003 -0.0109 -0.9999
vn 0.2459 0.0410 0.9684
vn 0.2686 0.0215 0.9630
vn 0.2974 0.0731 0.9519
vn 0.0129 -0.0037 0.9999
vn 0.2501 0.0144 0.9681
vn -0.0064 0.0034 1.0000
vn -0.2539 -0.0751 -0.9643
vn -0.0108 0.0011 -0.9999
vn -0.2488 -0.1047 -0.9629
vn -0.0091 -0.0009 -1.0000
vn -0.2073 -0.1581 -0.9654
vn -0.0063 -0.0042 -1.0000
vn -0.2300 -0.1313 -0.9643
vn -0.0076 -0.0027 -1.0000
vn -0.0328 -0.2919 -0.9559
vn -0.0212 -0.2220 -0.9748
vn -0.0174 0.0119 -0.9998
vn 0.0328 0.2919 0.9559
vn 0.0212 0.2220 0.9748
vn 0.0174 -0.0119 0.9998
vn -0.1134 0.0140 0.9935
vn 0.1189 -0.4425 0.8888
vn -0.0000 -0.0123 0.9999
vn -0.0013 -0.8477 0.5305
vn 0.0656 0.2944 0.9534
vn 0.0211 -0.0000 -0.9998
vn -0.0000 0.0011 -1.0000
vn -0.0213 -0.0000 0.9998
vn -0.0282 -0.4186 0.9077
vn -0.3533 -0.0701 0.9329
vn -0.6439 0.7651 -0.0006
vn 0.6439 -0.7651 0.0006
vn 0.3734 0.0243 0.9273
vn -0.2464 -0.1893 -0.9505
vn 0.2453 0.1885 0.9509
vn -0.0029 -0.2954 0.9554
vn 0.0029 0.2954 -0.9554
vn -0.2439 -0.9672 0.0713
vn 0.2271 -0.1055 -0.9682
vt 0.375000 1.000000
vt 0.625000 0.920224
vt 0.375000 0.920224
vt 0.795224 0.750000
vt 0.875000 0.738821
vt 0.795224 0.738821
vt 0.875000 0.750000
vt 0.125000 0.738821
vt 0.125000 0.750000
vt 0.204776 0.750000
vt 0.204776 0.738821
vt 0.625000 1.000000
vt 0.625000 0.011179
vt 0.375000 0.011179
vt 0.625000 0.000000
vt 0.375000 0.000000
vt 0.875000 0.750000
vt 0.875000 0.750000
vt 0.875000 0.750000
vt 0.875000 0.750000
vt 0.875000 0.750000
vt 0.125000 0.750000
vt 0.125000 0.750000
vt 0.125000 0.750000
vt 0.875000 0.750000
vt 0.875000 0.750000
vt 0.875000 0.750000
vt 0.625000 1.000000
vt 0.875000 0.750000
vt 0.125000 0.750000
vt 0.875000 0.750000
vt 0.125000 0.750000
vt 0.375000 1.000000
vt 0.125000 0.750000
vt 0.875000 0.750000
vt 0.125000 0.750000
vt 0.125000 0.750000
vt 0.125000 0.750000
vt 0.625000 1.000000
vt 0.125000 0.750000
vt 0.875000 0.750000
vt 0.125000 0.750000
s 1
usemtl Material.001
f 3979/495/3972 4100/496/3973 4099/497/3973
f 3990/502/3979 3979/503/3980 3982/502/3981
f 4086/500/3982 4103/504/3982 4085/505/3982
f 4104/496/3983 3983/495/3983 4103/497/3983
f 4039/503/3987 4329/503/3976 4047/503/3988
f 3981/499/3975 4102/500/3986 4086/500/3976
f 4080/501/3989 4336/501/3976 4072/501/3990
f 4002/502/3994 3990/502/3979 3994/502/3995
f 3994/502/3995 3982/502/3981 3986/502/3996
f 3981/499/3975 3993/499/3991 3985/499/3984
f 3988/506/3997 4107/495/3976 3987/495/3998
f 3991/503/3999 3986/502/3996 3983/503/4000
f 4010/502/4002 3998/502/4003 4002/502/3994
f 4006/502/4004 3995/503/4005 3998/502/4003
f 4007/503/4006 4002/502/3994 3999/503/4007
f 4060/501/4010 4130/501/4011 4068/501/4012
f 3989/499/3978 4001/499/4013 3993/499/3991
f 3999/503/4007 3994/502/3995 3991/503/3999
f 3998/502/4003 3987/503/3998 3990/502/3979
f 4014/502/4014 4003/503/4015 4006/502/4004
f 4015/503/4016 4010/502/4002 4007/503/4006
f 4005/499/4017 4017/499/4018 4009/499/4019
f 3991/503/3999 4318/503/3976 3999/503/4007
f 4059/503/4022 4125/503/4023 4051/503/4024
f 3997/499/4009 4009/499/4019 4001/499/4013
f 4035/503/4025 4119/503/4026 4027/503/4027
f 4024/501/4031 4322/501/3976 4016/501/4032
f 4018/502/4033 4006/502/4004 4010/502/4002
f 4047/503/3988 4332/503/3976 4055/503/4035
f 4075/503/4037 4129/503/4038 4067/503/4039
f 4034/502/4043 4022/502/4044 4026/502/4045
f 4030/502/4046 4019/503/4047 4022/502/4044
f 4013/499/4030 4025/499/4040 4017/499/4018
f 4023/503/4048 4018/502/4033 4015/503/4016
f 4022/502/4044 4011/503/4049 4014/502/4014
f 4026/502/4045 4014/502/4014 4018/502/4033
f 4042/502/4050 4030/502/4046 4034/502/4043
f 4038/502/4051 4027/503/4027 4030/502/4046
f 4039/503/3987 4034/502/4043 4031/503/4052
f 4040/501/4053 4327/501/3976 4032/501/4054
f 4052/501/4057 4128/501/4058 4060/501/4010
f 4021/499/4029 4033/499/4059 4025/499/4040
f 4031/503/4052 4026/502/4045 4023/503/4048
f 4047/503/3988 4042/502/4050 4039/503/3987
f 4037/499/4060 4049/499/4061 4041/499/4062
f 4067/503/4039 4127/503/4063 4059/503/4022
f 4023/503/4048 4326/503/3976 4031/503/4052
f 4004/501/4066 4116/501/4067 4012/501/4067
f 4029/499/4056 4041/499/4062 4033/499/4059
f 4071/503/4071 4337/503/4072 4079/503/4073
f 4046/502/4076 4035/503/4025 4038/502/4051
f 4050/502/4077 4038/502/4051 4042/502/4050
f 4000/501/4078 4313/501/3976 3992/501/4079
f 4066/502/4083 4054/502/4084 4058/502/4085
f 4062/502/4086 4051/503/4024 4054/502/4084
f 4019/503/4047 4115/503/4087 4011/503/4049
f 4045/499/4070 4057/499/4074 4049/499/4061
f 4047/503/3988 4058/502/4085 4050/502/4077
f 4054/502/4084 4043/503/4088 4046/502/4076
f 4058/502/4085 4046/502/4076 4050/502/4077
f 4070/502/4089 4059/503/4022 4062/502/4086
f 4063/503/4090 4074/502/4091 4066/502/4083
f 4061/499/4092 4073/499/4093 4065/499/4081
f 3992/501/4079 4314/501/3989 3984/501/4094
f 4036/501/4096 4124/501/4097 4044/501/4098
f 4053/499/4069 4065/499/4081 4057/499/4074
f 4055/503/4035 4066/502/4083 4058/502/4085
f 4069/499/4099 4081/499/4100 4073/499/4093
f 4012/501/4067 4118/501/4101 4020/501/4102
f 4074/502/4091 4062/502/4086 4066/502/4083
f 4072/501/3990 4334/501/3976 4064/501/4106
f 4051/503/4024 4123/503/4108 4043/503/4088
f 4080/506/3989 4088/495/4109 4079/495/4073
f 4081/499/3976 4089/501/3989 4080/501/4110
f 4082/502/4111 4083/502/4112 4078/502/4113
f 4071/503/4071 4082/502/4111 4074/502/4091
f 4078/502/4113 4067/503/4039 4070/502/4089
f 4082/502/4111 4070/502/4089 4074/502/4091
f 4079/495/4073 4338/506/4094 4080/506/3989
f 4095/502/4115 4083/502/4112 4087/502/4116
f 4091/502/4117 4084/503/4118 4083/502/4112
f 4096/503/4119 4087/502/4116 4088/503/4109
f 4076/506/4120 4075/495/4121 4092/495/4122
f 4079/503/4073 4087/502/4116 4082/502/4111
f 4078/502/4113 4084/503/4118 4075/503/4037
f 4098/507/4123 4091/508/4124 4095/508/4123
f 4091/508/4124 4093/509/4124 4092/510/4124
f 4097/509/4123 4095/508/4123 4096/510/4123
f 4097/506/4128 4088/495/4128 4089/506/4128
f 3986/502/3996 4103/504/4129 3983/503/4000
f 4090/499/4125 4077/499/4104 4098/499/4130
f 3982/502/3981 4099/504/4133 4085/505/4134
f 4085/505/4134 3986/502/3996 3982/502/3981
f 3996/501/4135 4114/501/4066 4004/501/4066
f 3987/503/3998 4105/503/3976 3979/503/3980
f 3980/501/4094 4108/501/3976 3988/501/3997
f 3979/495/3980 4106/506/3989 3980/506/4094
f 4121/503/4136 4233/503/4137 4175/503/4138
f 4117/503/4148 4217/516/4149 4115/503/4087
f 4123/503/4108 4221/503/4155 4233/503/4137
f 4134/501/4156 4140/501/3989 4136/501/4157
f 4135/503/4159 4137/503/3976 4133/503/4160
f 4119/503/4026 4230/517/4161 4117/503/4148
f 3987/495/3998 4110/506/4094 3988/506/3997
f 4068/501/4012 4131/501/4094 4076/501/4094
f 4020/501/4102 4120/501/4162 4028/501/4163
f 4003/503/4015 4111/503/4164 3995/503/4005
f 4076/506/4094 4132/495/4165 4075/495/4037
f 4027/503/4027 4117/503/4148 4019/503/4047
f 4105/495/3976 4134/506/4156 4106/506/3989
f 3988/501/3997 4112/501/4166 3996/501/4135
f 4028/501/4163 4122/501/4167 4036/501/4096
f 4108/506/3976 4135/495/4159 4107/495/3976
f 4043/503/4088 4121/503/4136 4035/503/4025
f 3995/503/4005 4109/503/4168 3987/503/3998
f 4107/503/3976 4133/503/4160 4105/503/3976
f 4044/501/4098 4126/501/4169 4052/501/4057
f 4106/501/3989 4136/501/4157 4108/501/3976
f 4011/503/4049 4113/503/4170 4003/503/4015
f 4138/501/4171 4144/501/4094 4140/501/3989
f 4139/503/4172 4141/503/4173 4137/503/3976
f 4140/506/3989 4143/495/4174 4139/495/4172
f 4137/495/3976 4142/506/4094 4138/506/4171
f 4111/503/4164 4244/503/4175 4109/503/4168
f 4127/503/4063 4209/503/4176 4226/518/4177
f 4113/503/4170 4188/503/4178 4111/503/4164
f 4131/506/4182 4182/495/4183 4132/495/4184
f 4119/503/4026 4175/503/4138 4176/518/4185
f 4129/503/4038 4182/516/4188 4209/503/4176
f 4115/503/4087 4187/503/4190 4113/503/4170
f 4125/503/4023 4226/518/4177 4221/503/4155
f 4133/495/4160 4138/506/4171 4134/506/4156
f 4136/506/4157 4139/495/4172 4135/495/4159
f 4172/506/4195 4253/495/4196 4254/522/4197
f 4215/516/4198 4149/503/4199 4185/503/4200
f 4248/495/4201 4170/506/4202 4247/506/4203
f 4168/503/4207 4211/516/4208 4184/503/4209
f 4157/503/4212 4178/503/4213 4173/503/4214
f 4167/506/4195 4184/495/4196 4179/506/4197
f 4185/503/4200 4147/503/4215 4190/524/4216
f 4110/506/4222 4244/495/4223 4239/506/4224
f 4147/495/4225 4146/506/4226 4145/495/4226
f 4149/495/4227 4148/506/4228 4147/495/4225
f 4151/495/4231 4150/506/4227 4149/495/4227
f 4155/495/4232 4154/506/4233 4153/495/4229
f 4159/495/4234 4158/506/4235 4157/495/4236
f 4157/495/4236 4156/506/4232 4155/495/4232
f 4161/495/4237 4160/506/4234 4159/495/4234
f 4163/495/4238 4162/506/4239 4161/495/4237
f 4168/495/4240 4166/506/4241 4165/495/4242
f 4165/495/4242 4164/506/4238 4163/495/4238
f 4171/495/4243 4170/506/4243 4169/495/4243
f 4253/503/4244 4169/503/4245 4248/503/4246
f 4163/503/4247 4223/516/4248 4224/526/4249
f 4155/503/4255 4232/503/4256 4178/503/4213
f 4161/503/4257 4235/526/4258 4223/516/4248
f 4232/503/4256 4151/503/4261 4215/516/4198
f 4242/527/4201 4146/506/4202 4241/506/4203
f 4190/524/4216 4145/503/4268 4242/518/4269
f 4165/503/4270 4224/526/4249 4211/516/4208
f 4159/503/4271 4173/503/4214 4235/526/4258
f 4234/526/4272 4175/503/4138 4233/503/4137
f 4235/526/4258 4174/503/4273 4234/526/4272
f 4210/503/4274 4226/518/4177 4209/503/4176
f 4211/516/4208 4225/503/4275 4210/503/4274
f 4188/503/4178 4243/503/4276 4244/503/4175
f 4189/503/4277 4242/518/4269 4243/503/4276
f 4243/495/4286 4239/506/4224 4244/495/4223
f 4243/495/4286 4241/506/4203 4240/506/4286
f 4230/517/4161 4216/528/4287 4217/516/4149
f 4231/503/4288 4215/516/4198 4216/528/4287
f 4222/503/4290 4233/503/4137 4221/503/4155
f 4223/516/4248 4234/526/4272 4222/503/4290
f 4176/518/4185 4231/503/4288 4230/517/4161
f 4178/503/4213 4231/503/4288 4177/503/4291
f 4225/503/4275 4221/503/4155 4226/518/4177
f 4224/526/4249 4222/503/4290 4225/503/4275
f 4187/503/4190 4189/503/4277 4188/503/4178
f 4186/524/4294 4190/524/4216 4189/503/4277
f 4181/506/4295 4183/495/4296 4182/495/4183
f 4179/506/4197 4183/495/4296 4180/506/4296
f 4174/503/4273 4176/518/4185 4175/503/4138
f 4173/503/4214 4177/503/4291 4174/503/4273
f 4183/503/4298 4209/503/4176 4182/516/4188
f 4184/503/4209 4210/503/4274 4183/503/4298
f 4217/516/4149 4186/524/4294 4187/503/4190
f 4216/528/4287 4185/503/4200 4186/524/4294
f 4143/503/4174 4250/503/4304 4141/503/4173
f 4251/503/4305 4249/503/4306 4250/503/4304
f 4252/503/4307 4248/503/4246 4249/503/4306
f 4250/495/4223 4142/506/4222 4141/495/4308
f 4249/495/4286 4245/522/4224 4250/495/4223
f 4249/495/4286 4247/506/4203 4246/506/4286
f 4144/506/4182 4251/495/4183 4143/495/4184
f 4256/506/4295 4252/495/4296 4251/495/4183
f 4254/522/4197 4252/495/4296 4255/506/4296
f 3992/506/4309 4257/506/3989 4258/506/3976
f 4000/506/4310 4258/506/3976 4259/506/3976
f 4064/501/4311 4268/501/3976 4072/501/4312
f 4032/501/4313 4264/501/3976 4040/501/4314
f 4024/506/4315 4261/506/4316 4262/506/3976
f 4072/501/4312 4269/501/3976 4080/501/4317
f 4056/506/4318 4265/506/4319 4266/506/3976
f 4056/501/4318 4267/501/3976 4064/501/4311
f 4000/501/4310 4260/501/3976 4008/501/4320
f 4089/506/3989 4269/506/3976 4270/506/3989
f 4040/501/4314 4265/501/4319 4048/501/4321
f 4024/501/4315 4263/501/3976 4032/501/4313
f 4008/501/4320 4261/501/4316 4016/501/4032
f 4266/501/3976 4281/501/3976 4267/501/3976
f 4259/501/3976 4274/501/3976 4260/501/3976
f 4267/501/3976 4282/501/3976 4268/501/3976
f 4262/506/3976 4275/506/4316 4276/506/3976
f 4268/501/3976 4283/501/3976 4269/501/3976
f 4260/501/3976 4275/501/4316 4261/501/4316
f 4270/506/3989 4283/506/3976 4284/506/3989
f 4262/501/3976 4277/501/3976 4263/501/3976
f 4263/501/3976 4278/501/3976 4264/501/3976
f 4266/506/3976 4279/506/4319 4280/506/3976
f 4258/506/3976 4271/506/3989 4272/506/3976
f 4264/501/3976 4279/501/4319 4265/501/4319
f 4259/506/3976 4272/506/3976 4273/506/3976
f 4274/501/3976 4289/501/3976 4275/501/4316
f 4284/506/3989 4297/506/3976 4298/506/3989
f 4276/501/3976 4291/501/3976 4277/501/3976
f 4277/501/3976 4292/501/3976 4278/501/3976
f 4280/506/3976 4293/506/4319 4294/506/3976
f 4272/506/3976 4285/506/3989 4286/506/3976
f 4278/501/3976 4293/501/4319 4279/501/4319
f 4273/506/3976 4286/506/3976 4287/506/3976
f 4280/501/3976 4295/501/3976 4281/501/3976
f 4273/501/3976 4288/501/3976 4274/501/3976
f 4281/501/3976 4296/501/3976 4282/501/3976
f 4276/506/3976 4289/506/3976 4290/506/3976
f 4282/501/3976 4297/501/3976 4283/501/3976
f 4294/506/3976 4307/506/4322 4308/506/4323
f 4286/506/3976 4299/506/4324 4300/506/4325
f 4292/501/3976 4307/501/4322 4293/501/4319
f 4287/506/3976 4300/506/4325 4301/506/4326
f 4294/501/3976 4309/501/4106 4295/501/3976
f 4287/501/3976 4302/501/4327 4288/501/3976
f 4295/501/3976 4310/501/3990 4296/501/3976
f 4290/506/3976 4303/506/4032 4304/506/4031
f 4296/501/3976 4311/501/3976 4297/501/3976
f 4288/501/3976 4303/501/4032 4289/501/3976
f 4298/506/3989 4311/506/3976 4312/506/3989
f 4290/501/3976 4305/501/4054 4291/501/3976
f 4291/501/3976 4306/501/4053 4292/501/3976
f 4316/503/4328 4344/503/4329 4318/503/3976
f 4334/501/3976 4357/501/4330 4331/501/4331
f 4322/501/3976 4346/501/4320 4320/501/4332
f 4338/501/4333 4362/501/4334 4336/501/3976
f 4328/501/4335 4353/501/4313 4327/501/3976
f 4319/501/4336 4339/501/4337 4313/501/3976
f 4317/503/4338 4349/503/4339 4323/503/4340
f 4335/503/4341 4363/503/4342 4337/503/4072
f 4329/503/3976 4358/503/4343 4332/503/3976
f 4323/503/4340 4350/503/4344 4324/503/4345
f 4363/495/4346 4338/506/4346 4337/495/4346
f 4324/503/4345 4352/503/4347 4326/503/3976
f 4064/501/4106 4331/501/4331 4056/501/4348
f 4056/501/4348 4330/501/3976 4048/501/4349
f 4008/501/4327 4319/501/4336 4000/501/4078
f 4007/503/4006 4323/503/4340 4015/503/4016
f 3984/506/4094 4315/495/3976 3983/495/4000
f 4031/503/4052 4325/503/3976 4039/503/3987
f 4063/503/4090 4335/503/4341 4071/503/4071
f 4048/501/4349 4328/501/4335 4040/501/4053
f 4055/503/4035 4333/503/3976 4063/503/4090
f 4032/501/4054 4321/501/3976 4024/501/4031
f 4015/503/4016 4324/503/4345 4023/503/4048
f 3983/503/4000 4316/503/4328 3991/503/3999
f 4016/501/4032 4320/501/4332 4008/501/4327
f 3999/503/4007 4317/503/4338 4007/503/4006
f 4427/517/4365 4375/503/4366 4407/503/4367
f 4387/503/4368 4410/503/4369 4398/503/4370
f 4381/503/4371 4406/528/4372 4401/518/4373
f 4407/503/4367 4376/503/4374 4416/530/4375
f 4410/495/4376 4390/506/4376 4415/506/4376
f 4376/503/4374 4421/531/4377 4416/530/4375
f 4422/530/4378 4369/503/4379 4427/517/4365
f 4313/501/3976 4340/501/4094 4314/501/3989
f 4332/503/3976 4359/503/4380 4333/503/3976
f 4331/501/4331 4356/501/4381 4330/501/3976
f 4314/506/3989 4341/495/4382 4315/495/3976
f 4326/503/3976 4351/503/4383 4325/503/3976
f 4320/501/4332 4345/501/4384 4319/501/4336
f 4325/503/3976 4355/503/4385 4329/503/3976
f 4315/503/3976 4342/503/4386 4316/503/4328
f 4333/503/3976 4361/503/4387 4335/503/4341
f 4321/501/3976 4348/501/4032 4322/501/3976
f 4330/501/3976 4354/501/4314 4328/501/4335
f 4327/501/3976 4347/501/4315 4321/501/3976
f 4336/501/3976 4360/501/4311 4334/501/3976
f 4318/503/3976 4343/503/4388 4317/503/4338
f 4365/506/4389 4367/495/4390 4366/506/4390
f 4371/506/4391 4368/495/4392 4365/506/4389
f 4372/506/4393 4370/495/4394 4371/506/4391
f 4373/506/4395 4375/495/4396 4374/506/4397
f 4374/506/4397 4369/495/4398 4372/506/4393
f 4373/506/4395 4378/495/4399 4376/495/4395
f 4380/506/4400 4378/495/4399 4379/506/4399
f 4382/506/4401 4384/495/4402 4381/495/4403
f 4380/506/4400 4381/495/4403 4377/495/4404
f 4383/506/4405 4385/495/4406 4384/495/4402
f 4386/506/4407 4387/495/4408 4385/495/4406
f 4388/506/4409 4389/495/4410 4387/495/4408
f 4452/503/4411 4370/503/4412 4422/530/4378
f 4384/503/4415 4460/532/4416 4406/528/4372
f 4378/503/4422 4469/524/4423 4421/531/4377
f 4377/503/4425 4401/518/4373 4469/524/4423
f 4466/526/4426 4368/503/4427 4452/503/4411
f 4385/503/4428 4398/503/4370 4460/532/4416
f 4394/506/4433 4478/495/4433 4475/506/4433
f 4485/524/4434 4393/503/4435 4481/503/4436
f 4481/495/4436 4394/506/4094 4480/506/3989
f 4479/533/4437 4391/495/4437 4482/495/4437
f 4391/503/4438 4483/503/4439 4482/518/4440
f 4476/503/4441 4484/503/4442 4483/503/4439
f 4477/503/4443 4485/524/4434 4484/503/4442
f 4392/506/4433 4476/495/4444 4391/495/4433
f 4473/506/4444 4477/495/4444 4476/495/4444
f 4475/506/4433 4477/495/4444 4474/506/4444
f 4458/503/4466 4361/503/4387 4359/503/4380
f 4459/503/4467 4400/531/4468 4458/503/4466
f 4460/532/4416 4399/517/4469 4459/503/4467
f 4341/503/4382 4454/530/4470 4342/503/4386
f 4464/503/4471 4453/503/4472 4454/530/4470
f 4465/518/4473 4452/503/4411 4453/503/4472
f 4467/503/4474 4355/503/4385 4351/503/4383
f 4468/503/4475 4403/518/4476 4467/503/4474
f 4469/524/4423 4402/534/4477 4468/503/4475
f 4419/518/4484 4351/503/4383 4352/503/4347
f 4420/518/4485 4467/503/4474 4419/518/4484
f 4421/531/4377 4468/503/4475 4420/518/4485
f 4404/503/4495 4359/503/4380 4358/503/4343
f 4405/530/4496 4458/503/4466 4404/503/4495
f 4406/528/4372 4459/503/4467 4405/530/4496
f 4342/503/4386 4424/503/4503 4344/503/4329
f 4454/530/4470 4423/528/4504 4424/503/4503
f 4453/503/4472 4422/530/4378 4423/528/4504
f 4344/503/4329 4425/528/4505 4343/503/4388
f 4424/503/4503 4426/536/4506 4425/528/4505
f 4423/528/4504 4427/517/4365 4426/536/4506
f 4418/530/4507 4352/503/4347 4350/503/4344
f 4417/530/4508 4419/518/4484 4418/530/4507
f 4416/530/4375 4420/518/4485 4417/530/4508
f 4412/495/4376 4364/506/4376 4363/495/4376
f 4411/495/4376 4413/506/4376 4412/495/4376
f 4411/495/4376 4415/506/4376 4414/506/4376
f 4349/503/4339 4418/530/4507 4350/503/4344
f 4409/516/4509 4417/530/4508 4418/530/4507
f 4408/503/4510 4416/530/4375 4417/530/4508
f 4403/518/4476 4358/503/4343 4355/503/4385
f 4402/534/4477 4404/503/4495 4403/518/4476
f 4401/518/4373 4405/530/4496 4402/534/4477
f 4400/531/4468 4363/503/4511 4361/503/4387
f 4399/517/4469 4412/503/4512 4400/531/4468
f 4398/503/4370 4411/503/4513 4399/517/4469
f 4343/503/4388 4409/516/4509 4349/503/4339
f 4425/528/4505 4408/503/4510 4409/516/4509
f 4426/536/4506 4407/503/4367 4408/503/4510
f 4484/503/4442 4466/526/4426 4465/518/4473
f 4483/503/4439 4465/518/4473 4464/503/4471
f 4482/518/4440 4464/503/4471 4341/503/4382
f 4340/506/4437 4482/495/4437 4341/495/4437
f 4367/495/4518 4480/506/3989 4366/506/4094
f 4466/526/4426 4481/503/4436 4367/503/4518
f 3979/495/3972 3980/506/3972 4100/496/3973
f 3990/502/3979 3987/503/3998 3979/503/3980
f 4102/500/3982 4104/496/3982 4103/504/3982
f 4103/504/3982 4101/505/4519 4085/505/3982
f 4085/505/3982 4099/497/3982 4100/498/3982
f 4086/500/3982 4102/500/3982 4103/504/3982
f 4085/505/3982 4100/498/3982 4086/500/3982
f 4104/496/3983 3984/506/3983 3983/495/3983
f 4039/503/3987 4325/503/3976 4329/503/3976
f 3981/499/3975 3985/499/3984 4102/500/3986
f 4080/501/3989 4338/501/4094 4336/501/3976
f 4002/502/3994 3998/502/4003 3990/502/3979
f 3994/502/3995 3990/502/3979 3982/502/3981
f 3981/499/3975 3989/499/3978 3993/499/3991
f 3988/506/3997 4108/506/3976 4107/495/3976
f 3991/503/3999 3994/502/3995 3986/502/3996
f 4010/502/4002 4006/502/4004 3998/502/4003
f 4006/502/4004 4003/503/4015 3995/503/4005
f 4007/503/4006 4010/502/4002 4002/502/3994
f 4060/501/4010 4128/501/4058 4130/501/4011
f 3989/499/3978 3997/499/4009 4001/499/4013
f 3999/503/4007 4002/502/3994 3994/502/3995
f 3998/502/4003 3995/503/4005 3987/503/3998
f 4014/502/4014 4011/503/4049 4003/503/4015
f 4015/503/4016 4018/502/4033 4010/502/4002
f 4005/499/4017 4013/499/4030 4017/499/4018
f 3991/503/3999 4316/503/4328 4318/503/3976
f 4059/503/4022 4127/503/4063 4125/503/4023
f 3997/499/4009 4005/499/4017 4009/499/4019
f 4035/503/4025 4121/503/4136 4119/503/4026
f 4024/501/4031 4321/501/3976 4322/501/3976
f 4018/502/4033 4014/502/4014 4006/502/4004
f 4047/503/3988 4329/503/3976 4332/503/3976
f 4075/503/4037 4132/503/4165 4129/503/4038
f 4034/502/4043 4030/502/4046 4022/502/4044
f 4030/502/4046 4027/503/4027 4019/503/4047
f 4013/499/4030 4021/499/4029 4025/499/4040
f 4023/503/4048 4026/502/4045 4018/502/4033
f 4022/502/4044 4019/503/4047 4011/503/4049
f 4026/502/4045 4022/502/4044 4014/502/4014
f 4042/502/4050 4038/502/4051 4030/502/4046
f 4038/502/4051 4035/503/4025 4027/503/4027
f 4039/503/3987 4042/502/4050 4034/502/4043
f 4040/501/4053 4328/501/4335 4327/501/3976
f 4052/501/4057 4126/501/4169 4128/501/4058
f 4021/499/4029 4029/499/4056 4033/499/4059
f 4031/503/4052 4034/502/4043 4026/502/4045
f 4047/503/3988 4050/502/4077 4042/502/4050
f 4037/499/4060 4045/499/4070 4049/499/4061
f 4067/503/4039 4129/503/4038 4127/503/4063
f 4023/503/4048 4324/503/4345 4326/503/3976
f 4004/501/4066 4114/501/4066 4116/501/4067
f 4029/499/4056 4037/499/4060 4041/499/4062
f 4071/503/4071 4335/503/4341 4337/503/4072
f 4046/502/4076 4043/503/4088 4035/503/4025
f 4050/502/4077 4046/502/4076 4038/502/4051
f 4000/501/4078 4319/501/4336 4313/501/3976
f 4066/502/4083 4062/502/4086 4054/502/4084
f 4062/502/4086 4059/503/4022 4051/503/4024
f 4019/503/4047 4117/503/4148 4115/503/4087
f 4045/499/4070 4053/499/4069 4057/499/4074
f 4047/503/3988 4055/503/4035 4058/502/4085
f 4054/502/4084 4051/503/4024 4043/503/4088
f 4058/502/4085 4054/502/4084 4046/502/4076
f 4070/502/4089 4067/503/4039 4059/503/4022
f 4063/503/4090 4071/503/4071 4074/502/4091
f 4061/499/4092 4069/499/4099 4073/499/4093
f 3992/501/4079 4313/501/3976 4314/501/3989
f 4036/501/4096 4122/501/4167 4124/501/4097
f 4053/499/4069 4061/499/4092 4065/499/4081
f 4055/503/4035 4063/503/4090 4066/502/4083
f 4069/499/4099 4077/499/4104 4081/499/4100
f 4012/501/4067 4116/501/4067 4118/501/4101
f 4074/502/4091 4070/502/4089 4062/502/4086
f 4072/501/3990 4336/501/3976 4334/501/3976
f 4051/503/4024 4125/503/4023 4123/503/4108
f 4080/506/3989 4089/506/4094 4088/495/4109
f 4081/499/3976 4090/499/4520 4089/501/3989
f 4082/502/4111 4087/502/4116 4083/502/4112
f 4071/503/4071 4079/503/4073 4082/502/4111
f 4078/502/4113 4075/503/4037 4067/503/4039
f 4082/502/4111 4078/502/4113 4070/502/4089
f 4079/495/4073 4337/495/4072 4338/506/4094
f 4095/502/4115 4091/502/4117 4083/502/4112
f 4091/502/4117 4092/503/4522 4084/503/4118
f 4096/503/4119 4095/502/4115 4087/502/4116
f 4092/495/4122 4093/506/4122 4076/506/4120
f 4075/495/4121 4084/495/3976 4092/495/4122
f 4079/503/4073 4088/503/4109 4087/502/4116
f 4078/502/4113 4083/502/4112 4084/503/4118
f 4098/507/4123 4094/507/4123 4091/508/4124
f 4091/508/4124 4094/507/4123 4093/509/4124
f 4097/509/4123 4098/507/4123 4095/508/4123
f 4097/506/4128 4096/495/4128 4088/495/4128
f 3986/502/3996 4101/505/4523 4103/504/4129
f 4077/499/4104 4094/499/4132 4098/499/4130
f 4090/499/4125 4081/499/4100 4077/499/4104
f 3982/502/3981 3979/503/3980 4099/504/4133
f 4085/505/4134 4101/505/4523 3986/502/3996
f 3996/501/4135 4112/501/4166 4114/501/4066
f 3987/503/3998 4107/503/3976 4105/503/3976
f 3980/501/4094 4106/501/3989 4108/501/3976
f 3979/495/3980 4105/495/3976 4106/506/3989
f 4121/503/4136 4123/503/4108 4233/503/4137
f 4117/503/4148 4230/517/4161 4217/516/4149
f 4123/503/4108 4125/503/4023 4221/503/4155
f 4134/501/4156 4138/501/4171 4140/501/3989
f 4135/503/4159 4139/503/4172 4137/503/3976
f 4119/503/4026 4176/518/4185 4230/517/4161
f 3987/495/3998 4109/495/4168 4110/506/4094
f 4068/501/4012 4130/501/4011 4131/501/4094
f 4020/501/4102 4118/501/4101 4120/501/4162
f 4003/503/4015 4113/503/4170 4111/503/4164
f 4076/506/4094 4131/506/4094 4132/495/4165
f 4027/503/4027 4119/503/4026 4117/503/4148
f 4105/495/3976 4133/495/4160 4134/506/4156
f 3988/501/3997 4110/501/4094 4112/501/4166
f 4028/501/4163 4120/501/4162 4122/501/4167
f 4108/506/3976 4136/506/4157 4135/495/4159
f 4043/503/4088 4123/503/4108 4121/503/4136
f 3995/503/4005 4111/503/4164 4109/503/4168
f 4107/503/3976 4135/503/4159 4133/503/4160
f 4044/501/4098 4124/501/4097 4126/501/4169
f 4106/501/3989 4134/501/4156 4136/501/4157
f 4011/503/4049 4115/503/4087 4113/503/4170
f 4138/501/4171 4142/501/4094 4144/501/4094
f 4139/503/4172 4143/503/4174 4141/503/4173
f 4140/506/3989 4144/506/4094 4143/495/4174
f 4137/495/3976 4141/495/4173 4142/506/4094
f 4111/503/4164 4188/503/4178 4244/503/4175
f 4127/503/4063 4129/503/4038 4209/503/4176
f 4113/503/4170 4187/503/4190 4188/503/4178
f 4131/506/4182 4181/506/4295 4182/495/4183
f 4119/503/4026 4121/503/4136 4175/503/4138
f 4129/503/4038 4132/503/4165 4182/516/4188
f 4115/503/4087 4217/516/4149 4187/503/4190
f 4125/503/4023 4127/503/4063 4226/518/4177
f 4133/495/4160 4137/495/3976 4138/506/4171
f 4136/506/4157 4140/506/3989 4139/495/4172
f 4172/506/4195 4171/495/4527 4253/495/4196
f 4215/516/4198 4151/503/4261 4149/503/4199
f 4248/495/4201 4169/495/4528 4170/506/4202
f 4168/503/4207 4165/503/4270 4211/516/4208
f 4157/503/4212 4155/503/4255 4178/503/4213
f 4167/506/4195 4168/495/4527 4184/495/4196
f 4185/503/4200 4149/503/4199 4147/503/4215
f 4110/506/4222 4109/495/4308 4244/495/4223
f 4147/495/4225 4148/506/4228 4146/506/4226
f 4149/495/4227 4150/506/4227 4148/506/4228
f 4151/495/4231 4152/506/4230 4150/506/4227
f 4155/495/4232 4156/506/4232 4154/506/4233
f 4159/495/4234 4160/506/4234 4158/506/4235
f 4157/495/4236 4158/506/4235 4156/506/4232
f 4161/495/4237 4162/506/4239 4160/506/4234
f 4163/495/4238 4164/506/4238 4162/506/4239
f 4168/495/4240 4167/506/4240 4166/506/4241
f 4165/495/4242 4166/506/4241 4164/506/4238
f 4171/495/4243 4172/506/4243 4170/506/4243
f 4253/503/4244 4171/503/4245 4169/503/4245
f 4163/503/4247 4161/503/4257 4223/516/4248
f 4155/503/4255 4153/503/4530 4232/503/4256
f 4161/503/4257 4159/503/4271 4235/526/4258
f 4232/503/4256 4153/503/4530 4151/503/4261
f 4242/527/4201 4145/495/4528 4146/506/4202
f 4190/524/4216 4147/503/4215 4145/503/4268
f 4165/503/4270 4163/503/4247 4224/526/4249
f 4159/503/4271 4157/503/4212 4173/503/4214
f 4234/526/4272 4174/503/4273 4175/503/4138
f 4235/526/4258 4173/503/4214 4174/503/4273
f 4210/503/4274 4225/503/4275 4226/518/4177
f 4211/516/4208 4224/526/4249 4225/503/4275
f 4188/503/4178 4189/503/4277 4243/503/4276
f 4189/503/4277 4190/524/4216 4242/518/4269
f 4243/495/4286 4240/506/4286 4239/506/4224
f 4243/495/4286 4242/527/4201 4241/506/4203
f 4230/517/4161 4231/503/4288 4216/528/4287
f 4231/503/4288 4232/503/4256 4215/516/4198
f 4222/503/4290 4234/526/4272 4233/503/4137
f 4223/516/4248 4235/526/4258 4234/526/4272
f 4176/518/4185 4177/503/4291 4231/503/4288
f 4178/503/4213 4232/503/4256 4231/503/4288
f 4225/503/4275 4222/503/4290 4221/503/4155
f 4224/526/4249 4223/516/4248 4222/503/4290
f 4187/503/4190 4186/524/4294 4189/503/4277
f 4186/524/4294 4185/503/4200 4190/524/4216
f 4181/506/4295 4180/506/4296 4183/495/4296
f 4179/506/4197 4184/495/4196 4183/495/4296
f 4174/503/4273 4177/503/4291 4176/518/4185
f 4173/503/4214 4178/503/4213 4177/503/4291
f 4183/503/4298 4210/503/4274 4209/503/4176
f 4184/503/4209 4211/516/4208 4210/503/4274
f 4217/516/4149 4216/528/4287 4186/524/4294
f 4216/528/4287 4215/516/4198 4185/503/4200
f 4143/503/4174 4251/503/4305 4250/503/4304
f 4251/503/4305 4252/503/4307 4249/503/4306
f 4252/503/4307 4253/503/4244 4248/503/4246
f 4250/495/4223 4245/522/4224 4142/506/4222
f 4249/495/4286 4246/506/4286 4245/522/4224
f 4249/495/4286 4248/495/4201 4247/506/4203
f 4144/506/4182 4256/506/4295 4251/495/4183
f 4256/506/4295 4255/506/4296 4252/495/4296
f 4254/522/4197 4253/495/4196 4252/495/4296
f 3992/506/4309 3984/506/3989 4257/506/3989
f 4000/506/4310 3992/506/4309 4258/506/3976
f 4064/501/4311 4267/501/3976 4268/501/3976
f 4032/501/4313 4263/501/3976 4264/501/3976
f 4024/506/4315 4016/506/4032 4261/506/4316
f 4072/501/4312 4268/501/3976 4269/501/3976
f 4056/506/4318 4048/506/4321 4265/506/4319
f 4056/501/4318 4266/501/3976 4267/501/3976
f 4000/501/4310 4259/501/3976 4260/501/3976
f 4089/506/3989 4080/506/4317 4269/506/3976
f 4040/501/4314 4264/501/3976 4265/501/4319
f 4024/501/4315 4262/501/3976 4263/501/3976
f 4008/501/4320 4260/501/3976 4261/501/4316
f 4266/501/3976 4280/501/3976 4281/501/3976
f 4259/501/3976 4273/501/3976 4274/501/3976
f 4267/501/3976 4281/501/3976 4282/501/3976
f 4262/506/3976 4261/506/4316 4275/506/4316
f 4268/501/3976 4282/501/3976 4283/501/3976
f 4260/501/3976 4274/501/3976 4275/501/4316
f 4270/506/3989 4269/506/3976 4283/506/3976
f 4262/501/3976 4276/501/3976 4277/501/3976
f 4263/501/3976 4277/501/3976 4278/501/3976
f 4266/506/3976 4265/506/4319 4279/506/4319
f 4258/506/3976 4257/506/3989 4271/506/3989
f 4264/501/3976 4278/501/3976 4279/501/4319
f 4259/506/3976 4258/506/3976 4272/506/3976
f 4274/501/3976 4288/501/3976 4289/501/3976
f 4284/506/3989 4283/506/3976 4297/506/3976
f 4276/501/3976 4290/501/3976 4291/501/3976
f 4277/501/3976 4291/501/3976 4292/501/3976
f 4280/506/3976 4279/506/4319 4293/506/4319
f 4272/506/3976 4271/506/3989 4285/506/3989
f 4278/501/3976 4292/501/3976 4293/501/4319
f 4273/506/3976 4272/506/3976 4286/506/3976
f 4280/501/3976 4294/501/3976 4295/501/3976
f 4273/501/3976 4287/501/3976 4288/501/3976
f 4281/501/3976 4295/501/3976 4296/501/3976
f 4276/506/3976 4275/506/4316 4289/506/3976
f 4282/501/3976 4296/501/3976 4297/501/3976
f 4294/506/3976 4293/506/4319 4307/506/4322
f 4286/506/3976 4285/506/3989 4299/506/4324
f 4292/501/3976 4306/501/4053 4307/501/4322
f 4287/506/3976 4286/506/3976 4300/506/4325
f 4294/501/3976 4308/501/4323 4309/501/4106
f 4287/501/3976 4301/501/4326 4302/501/4327
f 4295/501/3976 4309/501/4106 4310/501/3990
f 4290/506/3976 4289/506/3976 4303/506/4032
f 4296/501/3976 4310/501/3990 4311/501/3976
f 4288/501/3976 4302/501/4327 4303/501/4032
f 4298/506/3989 4297/506/3976 4311/506/3976
f 4290/501/3976 4304/501/4031 4305/501/4054
f 4291/501/3976 4305/501/4054 4306/501/4053
f 4316/503/4328 4342/503/4386 4344/503/4329
f 4334/501/3976 4360/501/4311 4357/501/4330
f 4322/501/3976 4348/501/4032 4346/501/4320
f 4338/501/4333 4364/501/4333 4362/501/4334
f 4328/501/4335 4354/501/4314 4353/501/4313
f 4319/501/4336 4345/501/4384 4339/501/4337
f 4317/503/4338 4343/503/4388 4349/503/4339
f 4335/503/4341 4361/503/4387 4363/503/4342
f 4329/503/3976 4355/503/4385 4358/503/4343
f 4323/503/4340 4349/503/4339 4350/503/4344
f 4363/495/4346 4364/506/4346 4338/506/4346
f 4324/503/4345 4350/503/4344 4352/503/4347
f 4064/501/4106 4334/501/3976 4331/501/4331
f 4056/501/4348 4331/501/4331 4330/501/3976
f 4008/501/4327 4320/501/4332 4319/501/4336
f 4007/503/4006 4317/503/4338 4323/503/4340
f 3984/506/4094 4314/506/3989 4315/495/3976
f 4031/503/4052 4326/503/3976 4325/503/3976
f 4063/503/4090 4333/503/3976 4335/503/4341
f 4048/501/4349 4330/501/3976 4328/501/4335
f 4055/503/4035 4332/503/3976 4333/503/3976
f 4032/501/4054 4327/501/3976 4321/501/3976
f 4015/503/4016 4323/503/4340 4324/503/4345
f 3983/503/4000 4315/503/3976 4316/503/4328
f 4016/501/4032 4322/501/3976 4320/501/4332
f 3999/503/4007 4318/503/3976 4317/503/4338
f 4427/517/4365 4369/503/4379 4375/503/4366
f 4387/503/4368 4389/503/4533 4410/503/4369
f 4381/503/4371 4384/503/4415 4406/528/4372
f 4407/503/4367 4375/503/4366 4376/503/4374
f 4410/495/4376 4389/495/4376 4390/506/4376
f 4376/503/4374 4378/503/4422 4421/531/4377
f 4422/530/4378 4370/503/4412 4369/503/4379
f 4313/501/3976 4339/501/4337 4340/501/4094
f 4332/503/3976 4358/503/4343 4359/503/4380
f 4331/501/4331 4357/501/4330 4356/501/4381
f 4314/506/3989 4340/506/4094 4341/495/4382
f 4326/503/3976 4352/503/4347 4351/503/4383
f 4320/501/4332 4346/501/4320 4345/501/4384
f 4325/503/3976 4351/503/4383 4355/503/4385
f 4315/503/3976 4341/503/4382 4342/503/4386
f 4333/503/3976 4359/503/4380 4361/503/4387
f 4321/501/3976 4347/501/4315 4348/501/4032
f 4330/501/3976 4356/501/4381 4354/501/4314
f 4327/501/3976 4353/501/4313 4347/501/4315
f 4336/501/3976 4362/501/4534 4360/501/4311
f 4318/503/3976 4344/503/4329 4343/503/4388
f 4365/506/4389 4368/495/4392 4367/495/4390
f 4371/506/4391 4370/495/4394 4368/495/4392
f 4372/506/4393 4369/495/4398 4370/495/4394
f 4373/506/4395 4376/495/4395 4375/495/4396
f 4374/506/4397 4375/495/4396 4369/495/4398
f 4373/506/4395 4379/506/4399 4378/495/4399
f 4380/506/4400 4377/495/4404 4378/495/4399
f 4382/506/4401 4383/506/4405 4384/495/4402
f 4380/506/4400 4382/506/4401 4381/495/4403
f 4383/506/4405 4386/506/4407 4385/495/4406
f 4386/506/4407 4388/506/4409 4387/495/4408
f 4388/506/4409 4390/506/4410 4389/495/4410
f 4452/503/4411 4368/503/4427 4370/503/4412
f 4384/503/4415 4385/503/4428 4460/532/4416
f 4378/503/4422 4377/503/4425 4469/524/4423
f 4377/503/4425 4381/503/4371 4401/518/4373
f 4466/526/4426 4367/503/4518 4368/503/4427
f 4385/503/4428 4387/503/4368 4398/503/4370
f 4394/506/4433 4393/495/4433 4478/495/4433
f 4485/524/4434 4478/503/4535 4393/503/4435
f 4481/495/4436 4393/495/4435 4394/506/4094
f 4479/533/4437 4392/506/4437 4391/495/4437
f 4391/503/4438 4476/503/4441 4483/503/4439
f 4476/503/4441 4477/503/4443 4484/503/4442
f 4477/503/4443 4478/503/4535 4485/524/4434
f 4392/506/4433 4473/506/4444 4476/495/4444
f 4473/506/4444 4474/506/4444 4477/495/4444
f 4475/506/4433 4478/495/4433 4477/495/4444
f 4458/503/4466 4400/531/4468 4361/503/4387
f 4459/503/4467 4399/517/4469 4400/531/4468
f 4460/532/4416 4398/503/4370 4399/517/4469
f 4341/503/4382 4464/503/4471 4454/530/4470
f 4464/503/4471 4465/518/4473 4453/503/4472
f 4465/518/4473 4466/526/4426 4452/503/4411
f 4467/503/4474 4403/518/4476 4355/503/4385
f 4468/503/4475 4402/534/4477 4403/518/4476
f 4469/524/4423 4401/518/4373 4402/534/4477
f 4419/518/4484 4467/503/4474 4351/503/4383
f 4420/518/4485 4468/503/4475 4467/503/4474
f 4421/531/4377 4469/524/4423 4468/503/4475
f 4404/503/4495 4458/503/4466 4359/503/4380
f 4405/530/4496 4459/503/4467 4458/503/4466
f 4406/528/4372 4460/532/4416 4459/503/4467
f 4342/503/4386 4454/530/4470 4424/503/4503
f 4454/530/4470 4453/503/4472 4423/528/4504
f 4453/503/4472 4452/503/4411 4422/530/4378
f 4344/503/4329 4424/503/4503 4425/528/4505
f 4424/503/4503 4423/528/4504 4426/536/4506
f 4423/528/4504 4422/530/4378 4427/517/4365
f 4418/530/4507 4419/518/4484 4352/503/4347
f 4417/530/4508 4420/518/4485 4419/518/4484
f 4416/530/4375 4421/531/4377 4420/518/4485
f 4412/495/4376 4413/506/4376 4364/506/4376
f 4411/495/4376 4414/506/4376 4413/506/4376
f 4411/495/4376 4410/495/4376 4415/506/4376
f 4349/503/4339 4409/516/4509 4418/530/4507
f 4409/516/4509 4408/503/4510 4417/530/4508
f 4408/503/4510 4407/503/4367 4416/530/4375
f 4403/518/4476 4404/503/4495 4358/503/4343
f 4402/534/4477 4405/530/4496 4404/503/4495
f 4401/518/4373 4406/528/4372 4405/530/4496
f 4400/531/4468 4412/503/4512 4363/503/4511
f 4399/517/4469 4411/503/4513 4412/503/4512
f 4398/503/4370 4410/503/4369 4411/503/4513
f 4343/503/4388 4425/528/4505 4409/516/4509
f 4425/528/4505 4426/536/4506 4408/503/4510
f 4426/536/4506 4427/517/4365 4407/503/4367
f 4484/503/4442 4485/524/4434 4466/526/4426
f 4483/503/4439 4484/503/4442 4465/518/4473
f 4482/518/4440 4483/503/4439 4464/503/4471
f 4340/506/4437 4479/533/4437 4482/495/4437
f 4367/495/4518 4481/495/4436 4480/506/3989
f 4466/526/4426 4485/524/4434 4481/503/4436
usemtl Material.003
f 4118/501/4153 4218/515/4154 4236/514/4146
f 4124/501/4158 4227/513/4152 4126/501/4151
f 4128/501/4179 4200/512/4141 4130/501/4140
f 4114/501/4186 4208/513/4144 4203/520/4187
f 4120/501/4145 4193/521/4189 4122/501/4180
f 4212/512/4204 4158/501/4205 4191/513/4206
f 4148/501/4210 4205/515/4194 4206/523/4211
f 4197/501/4219 4166/501/4220 4202/501/4221
f 4153/495/4229 4152/506/4230 4151/495/4231
f 4170/501/4250 4254/511/4251 4247/501/4252
f 4196/525/4218 4162/501/4253 4229/501/4254
f 4152/501/4259 4238/511/4260 4220/513/4193
f 4219/501/4289 4236/514/4146 4218/515/4154
f 4220/513/4193 4237/514/4282 4219/501/4289
f 4194/519/4181 4228/523/4285 4227/513/4152
f 4195/513/4292 4229/501/4254 4228/523/4285
f 4199/513/4150 4201/514/4279 4200/512/4141
f 4198/501/4284 4202/501/4221 4201/514/4279
f 4207/523/4281 4203/520/4187 4208/513/4144
f 4206/523/4211 4204/501/4297 4207/523/4281
f 4214/515/4147 4192/520/4293 4193/521/4189
f 4213/525/4283 4191/513/4206 4192/520/4293
f 4245/511/4299 4144/501/4300 4142/501/4300
f 4246/501/4301 4256/501/4302 4245/511/4299
f 4247/501/4252 4255/501/4303 4246/501/4301
f 4449/525/4350 4383/501/4351 4448/523/4352
f 4374/501/4353 4442/501/4354 4443/501/4355
f 4371/501/4362 4397/501/4363 4428/514/4364
f 4448/523/4352 4382/501/4417 4463/521/4418
f 4372/501/4424 4428/514/4364 4442/501/4354
f 4463/521/4418 4380/501/4431 4434/529/4359
f 4356/501/4457 4436/529/4458 4354/501/4459
f 4461/501/4460 4435/529/4461 4436/529/4458
f 4462/501/4462 4434/529/4359 4435/529/4461
f 4440/501/4478 4345/501/4479 4346/501/4480
f 4441/501/4481 4430/520/4482 4440/501/4478
f 4442/501/4354 4429/515/4483 4441/501/4481
f 4357/501/4492 4461/501/4460 4356/501/4457
f 4446/513/4493 4462/501/4462 4461/501/4460
f 4447/513/4494 4463/521/4418 4462/501/4462
f 4430/520/4482 4339/501/4499 4345/501/4479
f 4429/515/4483 4395/501/4497 4430/520/4482
f 4428/514/4364 4396/501/4500 4429/515/4483
f 4445/525/4464 4346/501/4480 4348/501/4463
f 4444/501/4465 4440/501/4478 4445/525/4464
f 4443/501/4355 4441/501/4481 4444/501/4465
f 4360/501/4447 4446/513/4493 4357/501/4492
f 4451/501/4446 4447/513/4494 4446/513/4493
f 4450/511/4449 4448/523/4352 4447/513/4494
f 4118/501/4153 4116/501/4191 4218/515/4154
f 4124/501/4158 4194/519/4181 4227/513/4152
f 4128/501/4179 4199/513/4150 4200/512/4141
f 4114/501/4186 4112/501/4142 4208/513/4144
f 4120/501/4145 4214/515/4147 4193/521/4189
f 4212/512/4204 4156/501/4263 4158/501/4205
f 4148/501/4210 4150/501/4192 4205/515/4194
f 4197/501/4219 4164/501/4262 4166/501/4220
f 4153/495/4229 4154/506/4233 4152/506/4230
f 4170/501/4250 4172/501/4529 4254/511/4251
f 4196/525/4218 4160/501/4217 4162/501/4253
f 4152/501/4259 4154/501/4531 4238/511/4260
f 4219/501/4289 4237/514/4282 4236/514/4146
f 4220/513/4193 4238/511/4260 4237/514/4282
f 4194/519/4181 4195/513/4292 4228/523/4285
f 4195/513/4292 4196/525/4218 4229/501/4254
f 4199/513/4150 4198/501/4284 4201/514/4279
f 4198/501/4284 4197/501/4219 4202/501/4221
f 4207/523/4281 4204/501/4297 4203/520/4187
f 4206/523/4211 4205/515/4194 4204/501/4297
f 4214/515/4147 4213/525/4283 4192/520/4293
f 4213/525/4283 4212/512/4204 4191/513/4206
f 4245/511/4299 4256/501/4302 4144/501/4300
f 4246/501/4301 4255/501/4303 4256/501/4302
f 4247/501/4252 4254/511/4251 4255/501/4303
f 4449/525/4350 4386/501/4432 4383/501/4351
f 4374/501/4353 4372/501/4424 4442/501/4354
f 4371/501/4362 4365/501/4413 4397/501/4363
f 4448/523/4352 4383/501/4351 4382/501/4417
f 4372/501/4424 4371/501/4362 4428/514/4364
f 4463/521/4418 4382/501/4417 4380/501/4431
f 4356/501/4457 4461/501/4460 4436/529/4458
f 4461/501/4460 4462/501/4462 4435/529/4461
f 4462/501/4462 4463/521/4418 4434/529/4359
f 4440/501/4478 4430/520/4482 4345/501/4479
f 4441/501/4481 4429/515/4483 4430/520/4482
f 4442/501/4354 4428/514/4364 4429/515/4483
f 4357/501/4492 4446/513/4493 4461/501/4460
f 4446/513/4493 4447/513/4494 4462/501/4462
f 4447/513/4494 4448/523/4352 4463/521/4418
f 4430/520/4482 4395/501/4497 4339/501/4499
f 4429/515/4483 4396/501/4500 4395/501/4497
f 4428/514/4364 4397/501/4363 4396/501/4500
f 4445/525/4464 4440/501/4478 4346/501/4480
f 4444/501/4465 4441/501/4481 4440/501/4478
f 4443/501/4355 4442/501/4354 4441/501/4481
f 4360/501/4447 4451/501/4446 4446/513/4493
f 4451/501/4446 4450/511/4449 4447/513/4494
f 4450/511/4449 4449/525/4350 4448/523/4352
usemtl Material.004
f 4100/498/3974 3981/499/3975 4086/500/3976
f 3980/501/3977 3989/499/3978 3981/499/3975
f 3985/499/3984 4104/498/3985 4102/500/3986
f 3993/499/3991 4000/501/3992 3992/501/3993
f 3985/499/3984 3992/501/3993 3984/501/4001
f 3988/501/4008 3997/499/4009 3989/499/3978
f 4001/499/4013 4008/501/4020 4000/501/3992
f 3996/501/4021 4005/499/4017 3997/499/4009
f 4012/501/4028 4021/499/4029 4013/499/4030
f 4009/499/4019 4016/501/4034 4008/501/4020
f 4004/501/4036 4013/499/4030 4005/499/4017
f 4025/499/4040 4032/501/4041 4024/501/4042
f 4017/499/4018 4024/501/4042 4016/501/4034
f 4020/501/4055 4029/499/4056 4021/499/4029
f 4033/499/4059 4040/501/4064 4032/501/4041
f 4028/501/4065 4037/499/4060 4029/499/4056
f 4044/501/4068 4053/499/4069 4045/499/4070
f 4057/499/4074 4048/501/4075 4049/499/4061
f 4041/499/4062 4048/501/4075 4040/501/4064
f 4036/501/4080 4045/499/4070 4037/499/4060
f 4065/499/4081 4056/501/4082 4057/499/4074
f 4052/501/4095 4061/499/4092 4053/499/4069
f 4068/501/4103 4077/499/4104 4069/499/4099
f 4073/499/4093 4064/501/4105 4065/499/4081
f 4060/501/4107 4069/499/4099 4061/499/4092
f 4081/499/4100 4072/501/4114 4073/499/4093
f 4090/499/4125 4097/501/4126 4089/501/4127
f 4076/501/4131 4094/499/4132 4077/499/4104
f 4181/511/4139 4130/501/4140 4200/512/4141
f 4112/501/4142 4239/513/4143 4208/513/4144
f 4120/501/4145 4236/514/4146 4214/515/4147
f 4199/513/4150 4126/501/4151 4227/513/4152
f 4122/501/4180 4194/519/4181 4124/501/4158
f 4116/501/4191 4203/520/4187 4218/515/4154
f 4150/501/4192 4220/513/4193 4205/515/4194
f 4191/513/4206 4160/501/4217 4196/525/4218
f 4229/501/4254 4164/501/4262 4197/501/4219
f 4238/511/4260 4156/501/4263 4212/512/4204
f 4146/501/4264 4206/523/4211 4241/501/4265
f 4202/501/4221 4167/501/4266 4179/501/4267
f 4200/512/4141 4180/501/4278 4181/511/4139
f 4201/514/4279 4179/501/4267 4180/501/4278
f 4240/501/4280 4208/513/4144 4239/513/4143
f 4241/501/4265 4207/523/4281 4240/501/4280
f 4237/514/4282 4214/515/4147 4236/514/4146
f 4237/514/4282 4212/512/4204 4213/525/4283
f 4227/513/4152 4198/501/4284 4199/513/4150
f 4228/523/4285 4197/501/4219 4198/501/4284
f 4193/521/4189 4195/513/4292 4194/519/4181
f 4192/520/4293 4196/525/4218 4195/513/4292
f 4204/501/4297 4218/515/4154 4203/520/4187
f 4205/515/4194 4219/501/4289 4204/501/4297
f 4415/501/4356 4388/501/4357 4439/501/4358
f 4434/529/4359 4379/501/4360 4433/513/4361
f 4365/501/4413 4457/514/4414 4397/501/4363
f 4488/501/4419 4392/501/4420 4479/501/4421
f 4373/501/4429 4443/501/4355 4470/501/4430
f 4433/513/4361 4373/501/4429 4470/501/4430
f 4439/501/4358 4386/501/4432 4449/525/4350
f 4362/501/4445 4451/501/4446 4360/501/4447
f 4437/501/4448 4450/511/4449 4451/501/4446
f 4438/514/4450 4449/525/4350 4450/511/4449
f 4353/501/4451 4472/501/4452 4347/501/4453
f 4431/501/4454 4471/501/4455 4472/501/4452
f 4432/501/4456 4470/501/4430 4471/501/4455
f 4472/501/4452 4348/501/4463 4347/501/4453
f 4471/501/4455 4445/525/4464 4472/501/4452
f 4470/501/4430 4444/501/4465 4471/501/4455
f 4480/501/4486 4475/501/4487 4486/525/4488
f 4486/525/4488 4474/501/4489 4487/535/4490
f 4487/535/4490 4473/501/4491 4488/501/4419
f 4395/501/4497 4340/501/4498 4339/501/4499
f 4396/501/4500 4455/511/4501 4395/501/4497
f 4397/501/4363 4456/515/4502 4396/501/4500
f 4354/501/4459 4431/501/4454 4353/501/4451
f 4436/529/4458 4432/501/4456 4431/501/4454
f 4435/529/4461 4433/513/4361 4432/501/4456
f 4364/501/4514 4437/501/4448 4362/501/4445
f 4413/501/4515 4438/514/4450 4437/501/4448
f 4414/501/4516 4439/501/4358 4438/514/4450
f 4456/515/4502 4488/501/4419 4455/511/4501
f 4457/514/4414 4487/535/4490 4456/515/4502
f 4366/501/4517 4486/525/4488 4457/514/4414
f 4455/511/4501 4479/501/4421 4340/501/4498
f 4100/498/3974 3980/501/3977 3981/499/3975
f 3980/501/3977 3988/501/4008 3989/499/3978
f 3985/499/3984 3984/501/4001 4104/498/3985
f 3993/499/3991 4001/499/4013 4000/501/3992
f 3985/499/3984 3993/499/3991 3992/501/3993
f 3988/501/4008 3996/501/4021 3997/499/4009
f 4001/499/4013 4009/499/4019 4008/501/4020
f 3996/501/4021 4004/501/4036 4005/499/4017
f 4012/501/4028 4020/501/4055 4021/499/4029
f 4009/499/4019 4017/499/4018 4016/501/4034
f 4004/501/4036 4012/501/4028 4013/499/4030
f 4025/499/4040 4033/499/4059 4032/501/4041
f 4017/499/4018 4025/499/4040 4024/501/4042
f 4020/501/4055 4028/501/4065 4029/499/4056
f 4033/499/4059 4041/499/4062 4040/501/4064
f 4028/501/4065 4036/501/4080 4037/499/4060
f 4044/501/4068 4052/501/4095 4053/499/4069
f 4057/499/4074 4056/501/4082 4048/501/4075
f 4041/499/4062 4049/499/4061 4048/501/4075
f 4036/501/4080 4044/501/4068 4045/499/4070
f 4065/499/4081 4064/501/4105 4056/501/4082
f 4052/501/4095 4060/501/4107 4061/499/4092
f 4068/501/4103 4076/501/4131 4077/499/4104
f 4073/499/4093 4072/501/4114 4064/501/4105
f 4060/501/4107 4068/501/4103 4069/499/4099
f 4081/499/4100 4080/501/4521 4072/501/4114
f 4090/499/4125 4098/499/4130 4097/501/4126
f 4076/501/4131 4093/501/4524 4094/499/4132
f 4181/511/4139 4131/501/4525 4130/501/4140
f 4112/501/4142 4110/501/4526 4239/513/4143
f 4120/501/4145 4118/501/4153 4236/514/4146
f 4199/513/4150 4128/501/4179 4126/501/4151
f 4122/501/4180 4193/521/4189 4194/519/4181
f 4116/501/4191 4114/501/4186 4203/520/4187
f 4150/501/4192 4152/501/4259 4220/513/4193
f 4191/513/4206 4158/501/4205 4160/501/4217
f 4229/501/4254 4162/501/4253 4164/501/4262
f 4238/511/4260 4154/501/4531 4156/501/4263
f 4146/501/4264 4148/501/4210 4206/523/4211
f 4202/501/4221 4166/501/4220 4167/501/4266
f 4200/512/4141 4201/514/4279 4180/501/4278
f 4201/514/4279 4202/501/4221 4179/501/4267
f 4240/501/4280 4207/523/4281 4208/513/4144
f 4241/501/4265 4206/523/4211 4207/523/4281
f 4237/514/4282 4213/525/4283 4214/515/4147
f 4237/514/4282 4238/511/4260 4212/512/4204
f 4227/513/4152 4228/523/4285 4198/501/4284
f 4228/523/4285 4229/501/4254 4197/501/4219
f 4193/521/4189 4192/520/4293 4195/513/4292
f 4192/520/4293 4191/513/4206 4196/525/4218
f 4204/501/4297 4219/501/4289 4218/515/4154
f 4205/515/4194 4220/513/4193 4219/501/4289
f 4415/501/4356 4390/501/4532 4388/501/4357
f 4434/529/4359 4380/501/4431 4379/501/4360
f 4365/501/4413 4366/501/4517 4457/514/4414
f 4488/501/4419 4473/501/4491 4392/501/4420
f 4373/501/4429 4374/501/4353 4443/501/4355
f 4433/513/4361 4379/501/4360 4373/501/4429
f 4439/501/4358 4388/501/4357 4386/501/4432
f 4362/501/4445 4437/501/4448 4451/501/4446
f 4437/501/4448 4438/514/4450 4450/511/4449
f 4438/514/4450 4439/501/4358 4449/525/4350
f 4353/501/4451 4431/501/4454 4472/501/4452
f 4431/501/4454 4432/501/4456 4471/501/4455
f 4432/501/4456 4433/513/4361 4470/501/4430
f 4472/501/4452 4445/525/4464 4348/501/4463
f 4471/501/4455 4444/501/4465 4445/525/4464
f 4470/501/4430 4443/501/4355 4444/501/4465
f 4480/501/4486 4394/501/3976 4475/501/4487
f 4486/525/4488 4475/501/4487 4474/501/4489
f 4487/535/4490 4474/501/4489 4473/501/4491
f 4395/501/4497 4455/511/4501 4340/501/4498
f 4396/501/4500 4456/515/4502 4455/511/4501
f 4397/501/4363 4457/514/4414 4456/515/4502
f 4354/501/4459 4436/529/4458 4431/501/4454
f 4436/529/4458 4435/529/4461 4432/501/4456
f 4435/529/4461 4434/529/4359 4433/513/4361
f 4364/501/4514 4413/501/4515 4437/501/4448
f 4413/501/4515 4414/501/4516 4438/514/4450
f 4414/501/4516 4415/501/4356 4439/501/4358
f 4456/515/4502 4487/535/4490 4488/501/4419
f 4457/514/4414 4486/525/4488 4487/535/4490
f 4366/501/4517 4480/501/4486 4486/525/4488
f 4455/511/4501 4488/501/4419 4479/501/4421
o Cube.031
v 19.453764 8.312635 1.863247
v 19.453764 8.312635 2.065775
v 17.973671 -20.575140 1.863249
v 17.973677 8.312635 2.065775
v 19.453760 -20.575140 1.863249
v 19.453760 -20.575140 2.065776
v 17.973671 -20.575140 2.065776
v 17.973677 8.312635 1.863247
v -13.646333 8.312639 1.863247
v -13.646333 8.312639 2.065774
v -12.166251 -20.575136 1.863248
v -12.166245 8.312639 2.065774
v -13.646338 -20.575136 1.863248
v -13.646338 -20.575136 2.065776
v -12.166251 -20.575136 2.065776
v -12.166245 8.312639 1.863247
vn -0.0000 -0.0000 -1.0000
vn -0.0000 -1.0000 -0.0000
vn 1.0000 -0.0000 -0.0000
vn -0.0000 -0.0000 1.0000
vn -0.0000 1.0000 -0.0000
vn -1.0000 -0.0000 -0.0000
vt 0.375000 0.738821
vt 0.125000 0.738821
vt 0.375000 0.750000
vt 0.625000 0.738821
vt 0.375000 1.000000
vt 0.625000 0.750000
vt 0.125000 0.750000
vt 0.875000 0.738821
vt 0.625000 0.011179
vt 0.375000 0.011179
vt 0.625000 0.000000
vt 0.375000 0.000000
vt 0.625000 1.000000
vt 0.875000 0.750000
s 1
usemtl Material.001
f 4491/537/4536 4504/538/4536 4496/538/4536
f 4493/539/4537 4495/540/4537 4491/537/4537
f 4489/541/4538 4494/542/4538 4493/539/4538
f 4489/543/4536 4491/537/4536 4496/538/4536
f 4500/545/4540 4496/546/4540 4504/546/4540
f 4496/546/4540 4490/547/4540 4489/548/4540
f 4495/540/4537 4499/537/4537 4491/537/4537
f 4503/540/4537 4501/539/4537 4499/537/4537
f 4502/542/4541 4497/541/4541 4501/539/4541
f 4504/538/4536 4501/539/4536 4497/543/4536
f 4498/547/4540 4504/546/4540 4497/548/4540
f 4492/544/4539 4503/540/4539 4495/540/4539
f 4491/537/4536 4499/537/4536 4504/538/4536
f 4493/539/4537 4494/542/4537 4495/540/4537
f 4489/541/4538 4490/549/4538 4494/542/4538
f 4489/543/4536 4493/539/4536 4491/537/4536
f 4500/545/4540 4492/545/4540 4496/546/4540
f 4496/546/4540 4492/545/4540 4490/547/4540
f 4495/540/4537 4503/540/4537 4499/537/4537
f 4503/540/4537 4502/542/4537 4501/539/4537
f 4502/542/4541 4498/549/4541 4497/541/4541
f 4504/538/4536 4499/537/4536 4501/539/4536
f 4498/547/4540 4500/545/4540 4504/546/4540
f 4492/544/4539 4500/544/4539 4503/540/4539
usemtl Material.002
f 4494/542/4539 4492/544/4539 4495/540/4539
f 4500/544/4539 4502/542/4539 4503/540/4539
f 4494/542/4539 4490/550/4539 4492/544/4539
f 4500/544/4539 4498/550/4539 4502/542/4539
o Cube.032
v -119.478210 7.353321 1.863245
v -119.478210 7.353321 2.065773
v -97.955673 6.721161 1.863245
v -119.478210 6.721152 2.065773
v -97.955673 7.353329 1.863245
v -97.955673 7.353329 2.065773
v -97.955673 6.721161 2.065773
v -119.478210 6.721152 1.863245
v -119.478195 -6.784268 1.863247
v -119.478195 -6.784268 2.065775
v -97.955673 -6.152091 1.863247
v -119.478195 -6.152100 2.065774
v -97.955673 -6.784259 1.863247
v -97.955673 -6.784259 2.065775
v -97.955673 -6.152091 2.065774
v -119.478195 -6.152100 1.863247
vn -0.0000 -0.0000 -1.0000
vn 1.0000 -0.0000 -0.0000
vn -0.0000 1.0000 -0.0000
vn -0.0000 -0.0000 1.0000
vn -1.0000 -0.0000 -0.0000
vn -0.0000 -1.0000 -0.0000
vt 0.375000 0.738821
vt 0.125000 0.738821
vt 0.375000 0.750000
vt 0.625000 0.738821
vt 0.375000 1.000000
vt 0.625000 0.750000
vt 0.125000 0.750000
vt 0.875000 0.738821
vt 0.625000 0.011179
vt 0.375000 0.011179
vt 0.625000 0.000000
vt 0.375000 0.000000
vt 0.625000 1.000000
vt 0.875000 0.750000
s 1
usemtl Material.001
f 4507/551/4542 4520/552/4542 4512/552/4542
f 4509/553/4543 4511/554/4543 4507/551/4543
f 4505/555/4544 4510/556/4544 4509/553/4544
f 4505/557/4542 4507/551/4542 4512/552/4542
f 4516/559/4546 4512/560/4546 4520/560/4546
f 4512/560/4546 4506/561/4546 4505/562/4546
f 4511/554/4543 4515/551/4543 4507/551/4543
f 4519/554/4543 4517/553/4543 4515/551/4543
f 4518/556/4547 4513/555/4547 4517/553/4547
f 4515/551/4542 4513/557/4542 4520/552/4542
f 4514/561/4546 4520/560/4546 4513/562/4546
f 4508/558/4545 4519/554/4545 4511/554/4545
f 4507/551/4542 4515/551/4542 4520/552/4542
f 4509/553/4543 4510/556/4543 4511/554/4543
f 4505/555/4544 4506/563/4544 4510/556/4544
f 4505/557/4542 4509/553/4542 4507/551/4542
f 4516/559/4546 4508/559/4546 4512/560/4546
f 4512/560/4546 4508/559/4546 4506/561/4546
f 4511/554/4543 4519/554/4543 4515/551/4543
f 4519/554/4543 4518/556/4543 4517/553/4543
f 4518/556/4547 4514/563/4547 4513/555/4547
f 4515/551/4542 4517/553/4542 4513/557/4542
f 4514/561/4546 4516/559/4546 4520/560/4546
f 4508/558/4545 4516/558/4545 4519/554/4545
usemtl Material.002
f 4510/556/4545 4508/558/4545 4511/554/4545
f 4516/558/4545 4518/556/4545 4519/554/4545
f 4510/556/4545 4506/564/4545 4508/558/4545
f 4516/558/4545 4514/564/4545 4518/556/4545
o Cube.034
v -97.862335 7.352052 1.863247
v -97.862335 7.352052 2.065775
v -76.507072 6.719881 1.863249
v -97.862335 6.719884 2.065775
v -76.507072 7.352053 1.863249
v -76.507072 7.352053 2.065776
v -76.507072 6.719881 2.065776
v -97.862335 6.719884 1.863247
v -97.862328 -6.785536 1.863247
v -97.862328 -6.785536 2.065774
v -76.507080 -6.153368 1.863248
v -97.862328 -6.153365 2.065774
v -76.507080 -6.785538 1.863248
v -76.507080 -6.785538 2.065776
v -76.507080 -6.153368 2.065776
v -97.862328 -6.153365 1.863247
v -91.865135 6.719884 1.863248
v -91.865135 6.719884 2.065775
v -91.865135 7.352052 1.863248
v -91.865135 7.352052 2.065775
v -91.865128 -6.153368 1.863247
v -91.865128 -6.153368 2.065774
v -91.865128 -6.785536 1.863247
v -91.865128 -6.785536 2.065774
v -92.721878 6.719884 1.863248
v -93.578621 6.719884 1.863247
v -94.435364 6.719884 1.863247
v -95.292107 6.719884 1.863247
v -96.148849 6.719884 1.863247
v -97.005592 6.719884 1.863247
v -92.721878 7.352052 2.065775
v -93.578621 7.352052 2.065775
v -94.435364 7.352052 2.065775
v -95.292107 7.352052 2.065775
v -96.148849 7.352052 2.065775
v -97.005592 7.352052 2.065775
v -92.721870 -6.153368 1.863247
v -93.578613 -6.153368 1.863247
v -94.435356 -6.153368 1.863247
v -95.292099 -6.153368 1.863247
v -96.148842 -6.153368 1.863247
v -97.005585 -6.153365 1.863247
v -92.721870 -6.785536 2.065774
v -93.578613 -6.785536 2.065774
v -94.435356 -6.785536 2.065774
v -95.292099 -6.785536 2.065774
v -96.148842 -6.785536 2.065774
v -97.005585 -6.785536 2.065774
v -97.005592 6.719884 2.065775
v -96.148849 6.719884 2.065775
v -95.292107 6.719884 2.065775
v -94.435364 6.719884 2.065775
v -93.578621 6.719884 2.065775
v -92.721878 6.719884 2.065775
v -97.005592 7.352052 1.863247
v -96.148849 7.352052 1.863247
v -95.292107 7.352052 1.863247
v -94.435364 7.352052 1.863247
v -93.578621 7.352052 1.863247
v -92.721878 7.352052 1.863248
v -97.005585 -6.153365 2.065774
v -96.148842 -6.153368 2.065774
v -95.292099 -6.153368 2.065774
v -94.435356 -6.153368 2.065774
v -93.578613 -6.153368 2.065774
v -92.721870 -6.153368 2.065774
v -97.005585 -6.785536 1.863247
v -96.148842 -6.785536 1.863247
v -95.292099 -6.785536 1.863247
v -94.435356 -6.785536 1.863247
v -93.578613 -6.785536 1.863247
v -92.721870 -6.785536 1.863247
v -76.507080 5.729631 2.065776
v -76.507080 4.739382 2.065776
v -76.507080 3.749132 2.065776
v -76.507080 2.758883 2.065776
v -76.507080 1.768633 2.065776
v -76.507080 0.778384 2.065776
v -76.507080 -0.211866 2.065776
v -76.507080 -1.202116 2.065776
v -76.507080 -2.192369 2.065776
v -76.507080 -3.182619 2.065776
v -76.507080 -4.172869 2.065776
v -76.507080 -5.163118 2.065776
v -97.862335 -5.163115 2.065774
v -97.862335 -4.172865 2.065774
v -97.862335 -3.182616 2.065774
v -97.862335 -2.192366 2.065774
v -97.862335 -1.202117 2.065774
v -97.862335 -0.211867 2.065774
v -97.862335 0.778383 2.065774
v -97.862335 1.768632 2.065774
v -97.862335 2.758886 2.065774
v -97.862335 3.749135 2.065774
v -97.862335 4.739385 2.065774
v -97.862335 5.729635 2.065775
v -76.507080 -5.163118 1.863248
v -76.507080 -4.172869 1.863248
v -76.507080 -3.182619 1.863248
v -76.507080 -2.192369 1.863248
v -76.507080 -1.202116 1.863248
v -76.507080 -0.211866 1.863248
v -76.507080 0.778384 1.863248
v -76.507080 1.768633 1.863248
v -76.507080 2.758883 1.863249
v -76.507080 3.749132 1.863249
v -76.507080 4.739382 1.863249
v -76.507080 5.729631 1.863249
v -97.862335 5.729635 1.863247
v -97.862335 4.739385 1.863247
v -97.862335 3.749135 1.863247
v -97.862335 2.758886 1.863247
v -97.862335 1.768632 1.863247
v -97.862335 0.778383 1.863247
v -97.862335 -0.211867 1.863247
v -97.862335 -1.202117 1.863247
v -97.862335 -2.192366 1.863247
v -97.862335 -3.182616 1.863247
v -97.862335 -4.172865 1.863247
v -97.862335 -5.163115 1.863247
v -91.865128 -5.163119 2.065775
v -91.865128 -4.172869 2.065775
v -91.865128 -3.182616 2.065775
v -91.865128 -2.192366 2.065775
v -91.865128 -1.202116 2.065775
v -91.865128 -0.211867 2.065775
v -91.865128 0.778383 2.065775
v -91.865135 1.768632 2.065775
v -91.865135 2.758882 2.065775
v -91.865135 3.749135 2.065775
v -91.865135 4.739385 2.065775
v -91.865135 5.729635 2.065775
v -91.865128 -5.163119 1.863247
v -91.865128 -4.172869 1.863247
v -91.865128 -3.182616 1.863247
v -91.865128 -2.192366 1.863247
v -91.865128 -1.202116 1.863247
v -91.865128 -0.211867 1.863247
v -91.865128 0.778383 1.863247
v -91.865135 1.768632 1.863247
v -91.865135 2.758882 1.863247
v -91.865135 3.749135 1.863247
v -91.865135 4.739385 1.863248
v -91.865135 5.729635 1.863248
v -97.005585 -5.163115 1.863247
v -97.005585 -4.172865 1.863247
v -97.005585 -3.182616 1.863247
v -97.005585 -2.192366 1.863247
v -97.005585 -1.202117 1.863247
v -97.005585 -0.211867 1.863247
v -97.005585 0.778383 1.863247
v -97.005585 1.768632 1.863247
v -97.005585 2.758886 1.863247
v -97.005585 3.749135 1.863247
v -97.005585 4.739385 1.863247
v -97.005585 5.729635 1.863247
v -96.148842 -5.163119 1.863247
v -96.148842 -4.172869 1.863247
v -96.148842 -3.182616 1.863247
v -96.148849 -2.192366 1.863247
v -96.148849 -1.202116 1.863247
v -96.148849 -0.211867 1.863247
v -96.148849 0.778383 1.863247
v -96.148849 1.768632 1.863247
v -96.148849 2.758886 1.863247
v -96.148849 3.749135 1.863247
v -96.148849 4.739385 1.863247
v -96.148849 5.729635 1.863247
v -95.292099 -5.163119 1.863247
v -95.292099 -4.172869 1.863247
v -95.292099 -3.182616 1.863247
v -95.292099 -2.192366 1.863247
v -95.292099 -1.202116 1.863247
v -95.292099 -0.211867 1.863247
v -95.292099 0.778383 1.863247
v -95.292099 1.768632 1.863247
v -95.292099 2.758886 1.863247
v -95.292107 3.749135 1.863247
v -95.292107 4.739385 1.863247
v -95.292107 5.729635 1.863247
v -94.435356 -5.163119 1.863247
v -94.435356 -4.172869 1.863247
v -94.435356 -3.182616 1.863247
v -94.435356 -2.192366 1.863247
v -94.435356 -1.202116 1.863247
v -94.435364 -0.211867 1.863247
v -94.435364 0.778383 1.863247
v -94.435364 1.768632 1.863247
v -94.435364 2.758882 1.863247
v -94.435364 3.749135 1.863247
v -94.435364 4.739385 1.863247
v -94.435364 5.729635 1.863247
v -93.578613 -5.163119 1.863247
v -93.578613 -4.172869 1.863247
v -93.578613 -3.182616 1.863247
v -93.578613 -2.192366 1.863247
v -93.578613 -1.202116 1.863247
v -93.578613 -0.211867 1.863247
v -93.578613 0.778383 1.863247
v -93.578621 1.768632 1.863247
v -93.578621 2.758882 1.863247
v -93.578621 3.749135 1.863247
v -93.578621 4.739385 1.863247
v -93.578621 5.729635 1.863247
v -92.721870 -5.163119 1.863247
v -92.721870 -4.172869 1.863247
v -92.721870 -3.182616 1.863247
v -92.721870 -2.192366 1.863247
v -92.721870 -1.202116 1.863247
v -92.721870 -0.211867 1.863247
v -92.721878 0.778383 1.863247
v -92.721878 1.768632 1.863247
v -92.721878 2.758882 1.863247
v -92.721878 3.749135 1.863247
v -92.721878 4.739385 1.863247
v -92.721878 5.729635 1.863247
v -92.721870 -5.163119 2.065774
v -92.721870 -4.172869 2.065774
v -92.721870 -3.182616 2.065775
v -92.721870 -2.192366 2.065775
v -92.721870 -1.202116 2.065775
v -92.721870 -0.211867 2.065775
v -92.721878 0.778383 2.065775
v -92.721878 1.768632 2.065775
v -92.721878 2.758882 2.065775
v -92.721878 3.749135 2.065775
v -92.721878 4.739385 2.065775
v -92.721878 5.729635 2.065775
v -93.578613 -5.163119 2.065774
v -93.578613 -4.172869 2.065774
v -93.578613 -3.182616 2.065774
v -93.578613 -2.192366 2.065775
v -93.578613 -1.202116 2.065775
v -93.578613 -0.211867 2.065775
v -93.578613 0.778383 2.065775
v -93.578621 1.768632 2.065775
v -93.578621 2.758882 2.065775
v -93.578621 3.749135 2.065775
v -93.578621 4.739385 2.065775
v -93.578621 5.729635 2.065775
v -94.435356 -5.163119 2.065774
v -94.435356 -4.172869 2.065774
v -94.435356 -3.182616 2.065774
v -94.435356 -2.192366 2.065774
v -94.435356 -1.202116 2.065774
v -94.435364 -0.211867 2.065775
v -94.435364 0.778383 2.065775
v -94.435364 1.768632 2.065775
v -94.435364 2.758882 2.065775
v -94.435364 3.749135 2.065775
v -94.435364 4.739385 2.065775
v -94.435364 5.729635 2.065775
v -95.292099 -5.163119 2.065774
v -95.292099 -4.172869 2.065774
v -95.292099 -3.182616 2.065774
v -95.292099 -2.192366 2.065774
v -95.292099 -1.202116 2.065774
v -95.292099 -0.211867 2.065774
v -95.292099 0.778383 2.065775
v -95.292099 1.768632 2.065775
v -95.292099 2.758886 2.065775
v -95.292107 3.749135 2.065775
v -95.292107 4.739385 2.065775
v -95.292107 5.729635 2.065775
v -96.148842 -5.163119 2.065774
v -96.148842 -4.172869 2.065774
v -96.148842 -3.182616 2.065774
v -96.148849 -2.192366 2.065774
v -96.148849 -1.202116 2.065774
v -96.148849 -0.211867 2.065774
v -96.148849 0.778383 2.065774
v -96.148849 1.768632 2.065774
v -96.148849 2.758886 2.065775
v -96.148849 3.749135 2.065775
v -96.148849 4.739385 2.065775
v -96.148849 5.729635 2.065775
v -97.005585 -5.163115 2.065774
v -97.005585 -4.172865 2.065774
v -97.005585 -3.182616 2.065774
v -97.005585 -2.192366 2.065774
v -97.005585 -1.202117 2.065774
v -97.005585 -0.211867 2.065774
v -97.005585 0.778383 2.065774
v -97.005585 1.768632 2.065774
v -97.005585 2.758886 2.065774
v -97.005585 3.749135 2.065774
v -97.005585 4.739385 2.065775
v -97.005585 5.729635 2.065775
vn -0.0000 -0.0000 -1.0000
vn 1.0000 -0.0000 -0.0000
vn -0.0000 1.0000 -0.0000
vn -0.0000 -0.0000 1.0000
vn -1.0000 -0.0000 -0.0000
vn -0.0000 -1.0000 -0.0000
vt 0.375000 0.738821
vt 0.195208 0.738821
vt 0.375000 0.750000
vt 0.625000 0.738821
vt 0.375000 1.000000
vt 0.625000 0.989970
vt 0.375000 0.989970
vt 0.195208 0.750000
vt 0.864970 0.750000
vt 0.875000 0.738821
vt 0.864970 0.738821
vt 0.625000 0.011179
vt 0.375000 0.011179
vt 0.625000 0.000000
vt 0.375000 0.000000
vt 0.804792 0.738821
vt 0.625000 0.750000
vt 0.185178 0.750000
vt 0.185178 0.738821
vt 0.375000 0.929792
vt 0.804792 0.750000
vt 0.185178 0.738821
vt 0.135030 0.738821
vt 0.125000 0.738821
vt 0.145059 0.738821
vt 0.155089 0.738821
vt 0.165119 0.738821
vt 0.175148 0.738821
vt 0.165119 0.738821
vt 0.125000 0.750000
vt 0.135030 0.750000
vt 0.145059 0.750000
vt 0.155089 0.750000
vt 0.165119 0.738821
vt 0.165119 0.750000
vt 0.175148 0.738821
vt 0.175148 0.750000
vt 0.814822 0.738821
vt 0.824852 0.738821
vt 0.834881 0.738821
vt 0.824852 0.738821
vt 0.844911 0.738821
vt 0.854941 0.738821
vt 0.814822 0.750000
vt 0.824852 0.750000
vt 0.834881 0.750000
vt 0.844911 0.750000
vt 0.854941 0.750000
vt 0.625000 0.929792
vt 0.375000 0.939822
vt 0.625000 0.939822
vt 0.375000 0.949852
vt 0.625000 0.949852
vt 0.375000 0.959881
vt 0.625000 0.959881
vt 0.375000 0.969911
vt 0.625000 0.969911
vt 0.375000 0.979941
vt 0.625000 0.979941
vt 0.814822 0.738821
vt 0.824852 0.738821
vt 0.834881 0.738821
vt 0.864970 0.738821
vt 0.854941 0.738821
vt 0.844911 0.738821
vt 0.834881 0.738821
vt 0.834881 0.738821
vt 0.834881 0.738821
vt 0.834881 0.738821
vt 0.824852 0.738821
vt 0.814822 0.738821
vt 0.804793 0.738821
vt 0.175148 0.738821
vt 0.185178 0.738821
vt 0.185178 0.738821
vt 0.175148 0.738821
vt 0.165119 0.738821
vt 0.155089 0.738821
vt 0.145059 0.738821
vt 0.135030 0.738821
vt 0.195208 0.738821
vt 0.875000 0.738821
vt 0.875000 0.738821
vt 0.375000 0.738821
vt 0.375000 0.011179
vt 0.375000 0.011179
vt 0.625000 1.000000
vt 0.875000 0.750000
s 1
usemtl Material.001
f 4617/565/4548 4541/566/4548 4653/566/4548
f 4525/567/4549 4527/568/4549 4523/565/4549
f 4521/569/4550 4556/570/4550 4575/571/4550
f 4539/572/4548 4523/565/4548 4537/566/4548
f 4616/576/4552 4528/577/4552 4629/577/4552
f 4528/577/4552 4522/578/4552 4521/579/4552
f 4604/568/4549 4531/565/4549 4617/565/4549
f 4535/568/4549 4533/567/4549 4531/565/4549
f 4568/570/4553 4529/569/4553 4587/571/4553
f 4531/565/4548 4543/572/4548 4541/566/4548
f 4530/578/4552 4536/577/4552 4529/579/4552
f 4605/574/4551 4581/575/4551 4797/575/4551
f 4641/580/4551 4535/568/4551 4604/568/4551
f 4541/566/4548 4592/582/4548 4557/583/4548
f 4534/581/4553 4543/584/4553 4533/567/4553
f 4580/582/4548 4537/566/4548 4545/586/4548
f 4539/584/4550 4526/581/4550 4525/567/4550
f 4653/566/4548 4557/583/4548 4725/583/4548
f 4665/587/4548 4536/588/4548 4640/588/4548
f 4677/589/4548 4562/587/4548 4665/587/4548
f 4689/590/4548 4561/589/4548 4677/589/4548
f 4701/591/4548 4560/590/4548 4689/590/4548
f 4713/592/4548 4559/593/4548 4701/591/4548
f 4725/583/4548 4558/592/4548 4713/592/4548
f 4521/594/4548 4550/587/4548 4528/588/4548
f 4575/595/4548 4549/589/4548 4550/587/4548
f 4576/596/4548 4548/590/4548 4549/589/4548
f 4577/597/4548 4547/598/4548 4548/590/4548
f 4578/599/4548 4546/600/4548 4547/598/4548
f 4579/601/4548 4545/586/4548 4546/600/4548
f 4562/587/4548 4529/594/4548 4536/588/4548
f 4561/589/4548 4587/595/4548 4562/587/4548
f 4560/590/4548 4588/596/4548 4561/589/4548
f 4559/593/4548 4589/597/4548 4560/590/4548
f 4558/592/4548 4590/599/4548 4559/593/4548
f 4557/583/4548 4591/601/4548 4558/592/4548
f 4737/602/4551 4542/580/4551 4641/580/4551
f 4761/604/4551 4585/605/4551 4749/603/4551
f 4785/607/4551 4583/606/4551 4773/606/4551
f 4544/613/4553 4592/614/4553 4543/584/4553
f 4563/615/4553 4591/616/4553 4592/614/4553
f 4564/617/4553 4590/618/4553 4591/616/4553
f 4565/619/4553 4589/620/4553 4590/618/4553
f 4566/621/4553 4588/622/4553 4589/620/4553
f 4567/623/4553 4587/571/4553 4588/622/4553
f 4580/614/4550 4540/613/4550 4539/584/4550
f 4579/616/4550 4551/615/4550 4580/614/4550
f 4578/618/4550 4552/617/4550 4579/616/4550
f 4577/620/4550 4553/619/4550 4578/618/4550
f 4576/622/4550 4554/621/4550 4577/620/4550
f 4575/571/4550 4555/623/4550 4576/622/4550
f 4808/575/4551 4795/607/4551 4796/607/4551
f 4806/575/4551 4793/607/4551 4794/607/4551
f 4804/575/4551 4791/607/4551 4792/607/4551
f 4802/575/4551 4789/607/4551 4790/607/4551
f 4800/627/4551 4787/628/4551 4788/607/4551
f 4786/628/4551 4797/575/4551 4785/607/4551
f 4570/607/4551 4784/606/4551 4571/606/4551
f 4795/607/4551 4782/606/4551 4783/606/4551
f 4793/607/4551 4780/606/4551 4781/606/4551
f 4791/607/4551 4778/629/4551 4779/629/4551
f 4789/607/4551 4776/629/4551 4777/629/4551
f 4787/628/4551 4774/606/4551 4775/606/4551
f 4784/606/4551 4771/630/4551 4772/630/4551
f 4770/630/4551 4781/606/4551 4769/630/4551
f 4780/606/4551 4767/630/4551 4768/630/4551
f 4778/629/4551 4765/631/4551 4766/631/4551
f 4776/629/4551 4763/604/4551 4764/632/4551
f 4774/606/4551 4761/604/4551 4762/633/4551
f 4572/626/4551 4760/625/4551 4573/625/4551
f 4771/630/4551 4758/625/4551 4759/625/4551
f 4769/630/4551 4756/625/4551 4757/625/4551
f 4767/630/4551 4754/625/4551 4755/625/4551
f 4765/631/4551 4752/605/4551 4753/634/4551
f 4763/604/4551 4750/603/4551 4751/605/4551
f 4760/625/4551 4747/635/4551 4748/624/4551
f 4758/625/4551 4745/624/4551 4746/624/4551
f 4756/625/4551 4743/635/4551 4744/635/4551
f 4754/625/4551 4741/635/4551 4742/635/4551
f 4752/605/4551 4739/602/4551 4740/602/4551
f 4750/603/4551 4737/602/4551 4738/602/4551
f 4574/624/4551 4652/580/4551 4538/580/4551
f 4747/635/4551 4650/636/4551 4651/580/4551
f 4745/624/4551 4648/636/4551 4649/636/4551
f 4743/635/4551 4646/636/4551 4647/636/4551
f 4741/635/4551 4644/636/4551 4645/636/4551
f 4739/602/4551 4642/636/4551 4643/636/4551
f 4545/586/4548 4724/600/4548 4546/600/4548
f 4736/586/4548 4723/637/4548 4724/600/4548
f 4735/638/4548 4722/637/4548 4723/637/4548
f 4734/638/4548 4721/637/4548 4722/637/4548
f 4733/638/4548 4720/637/4548 4721/637/4548
f 4732/639/4548 4719/637/4548 4720/637/4548
f 4731/639/4548 4718/640/4548 4719/637/4548
f 4730/639/4548 4717/640/4548 4718/640/4548
f 4729/639/4548 4716/592/4548 4717/640/4548
f 4728/583/4548 4715/592/4548 4716/592/4548
f 4727/583/4548 4714/592/4548 4715/592/4548
f 4726/583/4548 4713/592/4548 4714/592/4548
f 4546/600/4548 4712/641/4548 4547/598/4548
f 4724/600/4548 4711/641/4548 4712/641/4548
f 4723/637/4548 4710/598/4548 4711/641/4548
f 4722/637/4548 4709/598/4548 4710/598/4548
f 4721/637/4548 4708/598/4548 4709/598/4548
f 4720/637/4548 4707/598/4548 4708/598/4548
f 4719/637/4548 4706/641/4548 4707/598/4548
f 4718/640/4548 4705/641/4548 4706/641/4548
f 4717/640/4548 4704/593/4548 4705/641/4548
f 4716/592/4548 4703/593/4548 4704/593/4548
f 4715/592/4548 4702/591/4548 4703/593/4548
f 4714/592/4548 4701/591/4548 4702/591/4548
f 4547/598/4548 4700/642/4548 4548/590/4548
f 4712/641/4548 4699/642/4548 4700/642/4548
f 4711/641/4548 4698/642/4548 4699/642/4548
f 4710/598/4548 4697/642/4548 4698/642/4548
f 4709/598/4548 4696/642/4548 4697/642/4548
f 4708/598/4548 4695/590/4548 4696/642/4548
f 4707/598/4548 4694/642/4548 4695/590/4548
f 4706/641/4548 4693/642/4548 4694/642/4548
f 4705/641/4548 4692/642/4548 4693/642/4548
f 4704/593/4548 4691/590/4548 4692/642/4548
f 4703/593/4548 4690/590/4548 4691/590/4548
f 4702/591/4548 4689/590/4548 4690/590/4548
f 4548/590/4548 4688/589/4548 4549/589/4548
f 4700/642/4548 4687/589/4548 4688/589/4548
f 4699/642/4548 4686/589/4548 4687/589/4548
f 4698/642/4548 4685/589/4548 4686/589/4548
f 4697/642/4548 4684/589/4548 4685/589/4548
f 4696/642/4548 4683/589/4548 4684/589/4548
f 4695/590/4548 4682/589/4548 4683/589/4548
f 4694/642/4548 4681/589/4548 4682/589/4548
f 4693/642/4548 4680/643/4548 4681/589/4548
f 4692/642/4548 4679/589/4548 4680/643/4548
f 4691/590/4548 4678/589/4548 4679/589/4548
f 4690/590/4548 4677/589/4548 4678/589/4548
f 4549/589/4548 4676/587/4548 4550/587/4548
f 4688/589/4548 4675/587/4548 4676/587/4548
f 4687/589/4548 4674/644/4548 4675/587/4548
f 4686/589/4548 4673/587/4548 4674/644/4548
f 4685/589/4548 4672/587/4548 4673/587/4548
f 4684/589/4548 4671/587/4548 4672/587/4548
f 4683/589/4548 4670/587/4548 4671/587/4548
f 4682/589/4548 4669/587/4548 4670/587/4548
f 4681/589/4548 4668/587/4548 4669/587/4548
f 4680/643/4548 4667/644/4548 4668/587/4548
f 4679/589/4548 4666/587/4548 4667/644/4548
f 4678/589/4548 4665/587/4548 4666/587/4548
f 4550/587/4548 4629/588/4548 4528/588/4548
f 4676/587/4548 4630/588/4548 4629/588/4548
f 4675/587/4548 4631/588/4548 4630/588/4548
f 4674/644/4548 4632/588/4548 4631/588/4548
f 4673/587/4548 4633/588/4548 4632/588/4548
f 4672/587/4548 4634/588/4548 4633/588/4548
f 4671/587/4548 4635/588/4548 4634/588/4548
f 4670/587/4548 4636/588/4548 4635/588/4548
f 4669/587/4548 4637/588/4548 4636/588/4548
f 4668/587/4548 4638/588/4548 4637/588/4548
f 4667/644/4548 4639/588/4548 4638/588/4548
f 4666/587/4548 4640/588/4548 4639/588/4548
f 4537/566/4548 4736/586/4548 4545/586/4548
f 4664/566/4548 4735/638/4548 4736/586/4548
f 4663/566/4548 4734/638/4548 4735/638/4548
f 4662/566/4548 4733/638/4548 4734/638/4548
f 4661/566/4548 4732/639/4548 4733/638/4548
f 4660/566/4548 4731/639/4548 4732/639/4548
f 4659/566/4548 4730/639/4548 4731/639/4548
f 4658/566/4548 4729/639/4548 4730/639/4548
f 4657/566/4548 4728/583/4548 4729/639/4548
f 4656/566/4548 4727/583/4548 4728/583/4548
f 4655/566/4548 4726/583/4548 4727/583/4548
f 4654/645/4548 4725/583/4548 4726/583/4548
f 4538/580/4551 4593/568/4551 4527/568/4551
f 4652/580/4551 4594/568/4551 4593/568/4551
f 4651/580/4551 4595/568/4551 4594/568/4551
f 4650/636/4551 4596/568/4551 4595/568/4551
f 4649/636/4551 4597/568/4551 4596/568/4551
f 4648/636/4551 4598/568/4551 4597/568/4551
f 4647/636/4551 4599/568/4551 4598/568/4551
f 4646/636/4551 4600/568/4551 4599/568/4551
f 4645/636/4551 4601/568/4551 4600/568/4551
f 4644/636/4551 4602/568/4551 4601/568/4551
f 4643/636/4551 4603/568/4551 4602/568/4551
f 4642/636/4551 4604/568/4551 4603/568/4551
f 4524/574/4551 4808/575/4551 4569/575/4551
f 4615/574/4551 4806/575/4551 4807/575/4551
f 4613/574/4551 4804/575/4551 4805/575/4551
f 4611/646/4551 4802/575/4551 4803/575/4551
f 4609/646/4551 4800/627/4551 4801/575/4551
f 4607/574/4551 4798/575/4551 4799/575/4551
f 4523/565/4549 4593/568/4549 4628/565/4549
f 4593/568/4549 4627/565/4549 4628/565/4549
f 4594/568/4549 4626/565/4549 4627/565/4549
f 4595/568/4549 4625/565/4549 4626/565/4549
f 4625/565/4549 4597/568/4549 4624/565/4549
f 4624/565/4549 4598/568/4549 4623/648/4549
f 4598/568/4549 4622/648/4549 4623/648/4549
f 4599/568/4549 4621/565/4549 4622/648/4549
f 4600/568/4549 4620/648/4549 4621/565/4549
f 4601/568/4549 4619/565/4549 4620/648/4549
f 4619/565/4549 4603/568/4549 4618/565/4549
f 4618/565/4549 4604/568/4549 4617/565/4549
f 4532/576/4552 4640/577/4552 4536/577/4552
f 4605/576/4552 4639/577/4552 4640/577/4552
f 4606/576/4552 4638/577/4552 4639/577/4552
f 4607/576/4552 4637/577/4552 4638/577/4552
f 4608/576/4552 4636/649/4552 4637/577/4552
f 4609/576/4552 4635/650/4552 4636/649/4552
f 4610/576/4552 4634/650/4552 4635/650/4552
f 4611/576/4552 4633/649/4552 4634/650/4552
f 4612/576/4552 4632/650/4552 4633/649/4552
f 4613/576/4552 4631/650/4552 4632/650/4552
f 4614/576/4552 4630/577/4552 4631/650/4552
f 4615/576/4552 4629/577/4552 4630/577/4552
f 4537/566/4548 4628/565/4548 4664/566/4548
f 4628/565/4548 4663/566/4548 4664/566/4548
f 4627/565/4548 4662/566/4548 4663/566/4548
f 4662/566/4548 4625/565/4548 4661/566/4548
f 4625/565/4548 4660/566/4548 4661/566/4548
f 4624/565/4548 4659/566/4548 4660/566/4548
f 4623/648/4548 4658/566/4548 4659/566/4548
f 4622/648/4548 4657/566/4548 4658/566/4548
f 4621/565/4548 4656/566/4548 4657/566/4548
f 4620/648/4548 4655/566/4548 4656/566/4548
f 4655/566/4548 4618/565/4548 4654/645/4548
f 4618/565/4548 4653/566/4548 4654/645/4548
f 4617/565/4548 4531/565/4548 4541/566/4548
f 4525/567/4549 4526/581/4549 4527/568/4549
f 4521/569/4550 4522/651/4550 4556/570/4550
f 4539/572/4548 4525/567/4548 4523/565/4548
f 4616/576/4552 4524/576/4552 4528/577/4552
f 4528/577/4552 4524/576/4552 4522/578/4552
f 4604/568/4549 4535/568/4549 4531/565/4549
f 4535/568/4549 4534/581/4549 4533/567/4549
f 4568/570/4553 4530/651/4553 4529/569/4553
f 4531/565/4548 4533/567/4548 4543/572/4548
f 4530/578/4552 4532/576/4552 4536/577/4552
f 4605/574/4551 4532/574/4551 4581/575/4551
f 4641/580/4551 4542/580/4551 4535/568/4551
f 4541/566/4548 4543/572/4548 4592/582/4548
f 4534/581/4553 4544/613/4553 4543/584/4553
f 4580/582/4548 4539/572/4548 4537/566/4548
f 4539/584/4550 4540/613/4550 4526/581/4550
f 4653/566/4548 4541/566/4548 4557/583/4548
f 4665/587/4548 4562/587/4548 4536/588/4548
f 4677/589/4548 4561/589/4548 4562/587/4548
f 4689/590/4548 4560/590/4548 4561/589/4548
f 4701/591/4548 4559/593/4548 4560/590/4548
f 4713/592/4548 4558/592/4548 4559/593/4548
f 4725/583/4548 4557/583/4548 4558/592/4548
f 4521/594/4548 4575/595/4548 4550/587/4548
f 4575/595/4548 4576/596/4548 4549/589/4548
f 4576/596/4548 4577/597/4548 4548/590/4548
f 4577/597/4548 4578/599/4548 4547/598/4548
f 4578/599/4548 4579/601/4548 4546/600/4548
f 4579/601/4548 4580/582/4548 4545/586/4548
f 4562/587/4548 4587/595/4548 4529/594/4548
f 4561/589/4548 4588/596/4548 4587/595/4548
f 4560/590/4548 4589/597/4548 4588/596/4548
f 4559/593/4548 4590/599/4548 4589/597/4548
f 4558/592/4548 4591/601/4548 4590/599/4548
f 4557/583/4548 4592/582/4548 4591/601/4548
f 4737/602/4551 4586/602/4551 4542/580/4551
f 4761/604/4551 4584/604/4551 4585/605/4551
f 4785/607/4551 4582/607/4551 4583/606/4551
f 4544/613/4553 4563/615/4553 4592/614/4553
f 4563/615/4553 4564/617/4553 4591/616/4553
f 4564/617/4553 4565/619/4553 4590/618/4553
f 4565/619/4553 4566/621/4553 4589/620/4553
f 4566/621/4553 4567/623/4553 4588/622/4553
f 4567/623/4553 4568/570/4553 4587/571/4553
f 4580/614/4550 4551/615/4550 4540/613/4550
f 4579/616/4550 4552/617/4550 4551/615/4550
f 4578/618/4550 4553/619/4550 4552/617/4550
f 4577/620/4550 4554/621/4550 4553/619/4550
f 4576/622/4550 4555/623/4550 4554/621/4550
f 4575/571/4550 4556/570/4550 4555/623/4550
f 4808/575/4551 4807/575/4551 4795/607/4551
f 4806/575/4551 4805/575/4551 4793/607/4551
f 4804/575/4551 4803/575/4551 4791/607/4551
f 4802/575/4551 4801/575/4551 4789/607/4551
f 4800/627/4551 4799/575/4551 4787/628/4551
f 4786/628/4551 4798/575/4551 4797/575/4551
f 4570/607/4551 4796/607/4551 4784/606/4551
f 4795/607/4551 4794/607/4551 4782/606/4551
f 4793/607/4551 4792/607/4551 4780/606/4551
f 4791/607/4551 4790/607/4551 4778/629/4551
f 4789/607/4551 4788/607/4551 4776/629/4551
f 4787/628/4551 4786/628/4551 4774/606/4551
f 4784/606/4551 4783/606/4551 4771/630/4551
f 4770/630/4551 4782/606/4551 4781/606/4551
f 4780/606/4551 4779/629/4551 4767/630/4551
f 4778/629/4551 4777/629/4551 4765/631/4551
f 4776/629/4551 4775/606/4551 4763/604/4551
f 4774/606/4551 4773/606/4551 4761/604/4551
f 4572/626/4551 4772/630/4551 4760/625/4551
f 4771/630/4551 4770/630/4551 4758/625/4551
f 4769/630/4551 4768/630/4551 4756/625/4551
f 4767/630/4551 4766/631/4551 4754/625/4551
f 4765/631/4551 4764/632/4551 4752/605/4551
f 4763/604/4551 4762/633/4551 4750/603/4551
f 4760/625/4551 4759/625/4551 4747/635/4551
f 4758/625/4551 4757/625/4551 4745/624/4551
f 4756/625/4551 4755/625/4551 4743/635/4551
f 4754/625/4551 4753/634/4551 4741/635/4551
f 4752/605/4551 4751/605/4551 4739/602/4551
f 4750/603/4551 4749/603/4551 4737/602/4551
f 4574/624/4551 4748/624/4551 4652/580/4551
f 4747/635/4551 4746/624/4551 4650/636/4551
f 4745/624/4551 4744/635/4551 4648/636/4551
f 4743/635/4551 4742/635/4551 4646/636/4551
f 4741/635/4551 4740/602/4551 4644/636/4551
f 4739/602/4551 4738/602/4551 4642/636/4551
f 4545/586/4548 4736/586/4548 4724/600/4548
f 4736/586/4548 4735/638/4548 4723/637/4548
f 4735/638/4548 4734/638/4548 4722/637/4548
f 4734/638/4548 4733/638/4548 4721/637/4548
f 4733/638/4548 4732/639/4548 4720/637/4548
f 4732/639/4548 4731/639/4548 4719/637/4548
f 4731/639/4548 4730/639/4548 4718/640/4548
f 4730/639/4548 4729/639/4548 4717/640/4548
f 4729/639/4548 4728/583/4548 4716/592/4548
f 4728/583/4548 4727/583/4548 4715/592/4548
f 4727/583/4548 4726/583/4548 4714/592/4548
f 4726/583/4548 4725/583/4548 4713/592/4548
f 4546/600/4548 4724/600/4548 4712/641/4548
f 4724/600/4548 4723/637/4548 4711/641/4548
f 4723/637/4548 4722/637/4548 4710/598/4548
f 4722/637/4548 4721/637/4548 4709/598/4548
f 4721/637/4548 4720/637/4548 4708/598/4548
f 4720/637/4548 4719/637/4548 4707/598/4548
f 4719/637/4548 4718/640/4548 4706/641/4548
f 4718/640/4548 4717/640/4548 4705/641/4548
f 4717/640/4548 4716/592/4548 4704/593/4548
f 4716/592/4548 4715/592/4548 4703/593/4548
f 4715/592/4548 4714/592/4548 4702/591/4548
f 4714/592/4548 4713/592/4548 4701/591/4548
f 4547/598/4548 4712/641/4548 4700/642/4548
f 4712/641/4548 4711/641/4548 4699/642/4548
f 4711/641/4548 4710/598/4548 4698/642/4548
f 4710/598/4548 4709/598/4548 4697/642/4548
f 4709/598/4548 4708/598/4548 4696/642/4548
f 4708/598/4548 4707/598/4548 4695/590/4548
f 4707/598/4548 4706/641/4548 4694/642/4548
f 4706/641/4548 4705/641/4548 4693/642/4548
f 4705/641/4548 4704/593/4548 4692/642/4548
f 4704/593/4548 4703/593/4548 4691/590/4548
f 4703/593/4548 4702/591/4548 4690/590/4548
f 4702/591/4548 4701/591/4548 4689/590/4548
f 4548/590/4548 4700/642/4548 4688/589/4548
f 4700/642/4548 4699/642/4548 4687/589/4548
f 4699/642/4548 4698/642/4548 4686/589/4548
f 4698/642/4548 4697/642/4548 4685/589/4548
f 4697/642/4548 4696/642/4548 4684/589/4548
f 4696/642/4548 4695/590/4548 4683/589/4548
f 4695/590/4548 4694/642/4548 4682/589/4548
f 4694/642/4548 4693/642/4548 4681/589/4548
f 4693/642/4548 4692/642/4548 4680/643/4548
f 4692/642/4548 4691/590/4548 4679/589/4548
f 4691/590/4548 4690/590/4548 4678/589/4548
f 4690/590/4548 4689/590/4548 4677/589/4548
f 4549/589/4548 4688/589/4548 4676/587/4548
f 4688/589/4548 4687/589/4548 4675/587/4548
f 4687/589/4548 4686/589/4548 4674/644/4548
f 4686/589/4548 4685/589/4548 4673/587/4548
f 4685/589/4548 4684/589/4548 4672/587/4548
f 4684/589/4548 4683/589/4548 4671/587/4548
f 4683/589/4548 4682/589/4548 4670/587/4548
f 4682/589/4548 4681/589/4548 4669/587/4548
f 4681/589/4548 4680/643/4548 4668/587/4548
f 4680/643/4548 4679/589/4548 4667/644/4548
f 4679/589/4548 4678/589/4548 4666/587/4548
f 4678/589/4548 4677/589/4548 4665/587/4548
f 4550/587/4548 4676/587/4548 4629/588/4548
f 4676/587/4548 4675/587/4548 4630/588/4548
f 4675/587/4548 4674/644/4548 4631/588/4548
f 4674/644/4548 4673/587/4548 4632/588/4548
f 4673/587/4548 4672/587/4548 4633/588/4548
f 4672/587/4548 4671/587/4548 4634/588/4548
f 4671/587/4548 4670/587/4548 4635/588/4548
f 4670/587/4548 4669/587/4548 4636/588/4548
f 4669/587/4548 4668/587/4548 4637/588/4548
f 4668/587/4548 4667/644/4548 4638/588/4548
f 4667/644/4548 4666/587/4548 4639/588/4548
f 4666/587/4548 4665/587/4548 4640/588/4548
f 4537/566/4548 4664/566/4548 4736/586/4548
f 4664/566/4548 4663/566/4548 4735/638/4548
f 4663/566/4548 4662/566/4548 4734/638/4548
f 4662/566/4548 4661/566/4548 4733/638/4548
f 4661/566/4548 4660/566/4548 4732/639/4548
f 4660/566/4548 4659/566/4548 4731/639/4548
f 4659/566/4548 4658/566/4548 4730/639/4548
f 4658/566/4548 4657/566/4548 4729/639/4548
f 4657/566/4548 4656/566/4548 4728/583/4548
f 4656/566/4548 4655/566/4548 4727/583/4548
f 4655/566/4548 4654/645/4548 4726/583/4548
f 4654/645/4548 4653/566/4548 4725/583/4548
f 4538/580/4551 4652/580/4551 4593/568/4551
f 4652/580/4551 4651/580/4551 4594/568/4551
f 4651/580/4551 4650/636/4551 4595/568/4551
f 4650/636/4551 4649/636/4551 4596/568/4551
f 4649/636/4551 4648/636/4551 4597/568/4551
f 4648/636/4551 4647/636/4551 4598/568/4551
f 4647/636/4551 4646/636/4551 4599/568/4551
f 4646/636/4551 4645/636/4551 4600/568/4551
f 4645/636/4551 4644/636/4551 4601/568/4551
f 4644/636/4551 4643/636/4551 4602/568/4551
f 4643/636/4551 4642/636/4551 4603/568/4551
f 4642/636/4551 4641/580/4551 4604/568/4551
f 4524/574/4551 4616/574/4551 4808/575/4551
f 4615/574/4551 4614/574/4551 4806/575/4551
f 4613/574/4551 4612/574/4551 4804/575/4551
f 4611/646/4551 4610/646/4551 4802/575/4551
f 4609/646/4551 4608/646/4551 4800/627/4551
f 4607/574/4551 4606/647/4551 4798/575/4551
f 4523/565/4549 4527/568/4549 4593/568/4549
f 4593/568/4549 4594/568/4549 4627/565/4549
f 4594/568/4549 4595/568/4549 4626/565/4549
f 4595/568/4549 4596/568/4549 4625/565/4549
f 4625/565/4549 4596/568/4549 4597/568/4549
f 4624/565/4549 4597/568/4549 4598/568/4549
f 4598/568/4549 4599/568/4549 4622/648/4549
f 4599/568/4549 4600/568/4549 4621/565/4549
f 4600/568/4549 4601/568/4549 4620/648/4549
f 4601/568/4549 4602/568/4549 4619/565/4549
f 4619/565/4549 4602/568/4549 4603/568/4549
f 4618/565/4549 4603/568/4549 4604/568/4549
f 4532/576/4552 4605/576/4552 4640/577/4552
f 4605/576/4552 4606/576/4552 4639/577/4552
f 4606/576/4552 4607/576/4552 4638/577/4552
f 4607/576/4552 4608/576/4552 4637/577/4552
f 4608/576/4552 4609/576/4552 4636/649/4552
f 4609/576/4552 4610/576/4552 4635/650/4552
f 4610/576/4552 4611/576/4552 4634/650/4552
f 4611/576/4552 4612/576/4552 4633/649/4552
f 4612/576/4552 4613/576/4552 4632/650/4552
f 4613/576/4552 4614/576/4552 4631/650/4552
f 4614/576/4552 4615/576/4552 4630/577/4552
f 4615/576/4552 4616/576/4552 4629/577/4552
f 4537/566/4548 4523/565/4548 4628/565/4548
f 4628/565/4548 4627/565/4548 4663/566/4548
f 4627/565/4548 4626/565/4548 4662/566/4548
f 4662/566/4548 4626/565/4548 4625/565/4548
f 4625/565/4548 4624/565/4548 4660/566/4548
f 4624/565/4548 4623/648/4548 4659/566/4548
f 4623/648/4548 4622/648/4548 4658/566/4548
f 4622/648/4548 4621/565/4548 4657/566/4548
f 4621/565/4548 4620/648/4548 4656/566/4548
f 4620/648/4548 4619/565/4548 4655/566/4548
f 4655/566/4548 4619/565/4548 4618/565/4548
f 4618/565/4548 4617/565/4548 4653/566/4548
usemtl Material.002
f 4556/573/4551 4524/574/4551 4569/575/4551
f 4532/574/4551 4568/573/4551 4581/575/4551
f 4542/580/4551 4534/581/4551 4535/568/4551
f 4527/568/4551 4540/585/4551 4538/580/4551
f 4586/602/4551 4544/585/4551 4542/580/4551
f 4585/605/4551 4563/608/4551 4586/602/4551
f 4584/604/4551 4564/609/4551 4585/605/4551
f 4583/606/4551 4565/610/4551 4584/604/4551
f 4582/607/4551 4566/611/4551 4583/606/4551
f 4582/607/4551 4568/573/4551 4567/612/4551
f 4540/585/4551 4574/624/4551 4538/580/4551
f 4551/608/4551 4573/625/4551 4574/624/4551
f 4552/609/4551 4572/626/4551 4573/625/4551
f 4553/610/4551 4571/606/4551 4572/626/4551
f 4554/611/4551 4570/607/4551 4571/606/4551
f 4555/612/4551 4569/575/4551 4570/607/4551
f 4556/573/4551 4522/652/4551 4524/574/4551
f 4532/574/4551 4530/652/4551 4568/573/4551
f 4542/580/4551 4544/585/4551 4534/581/4551
f 4527/568/4551 4526/581/4551 4540/585/4551
f 4586/602/4551 4563/608/4551 4544/585/4551
f 4585/605/4551 4564/609/4551 4563/608/4551
f 4584/604/4551 4565/610/4551 4564/609/4551
f 4583/606/4551 4566/611/4551 4565/610/4551
f 4582/607/4551 4567/612/4551 4566/611/4551
f 4582/607/4551 4581/575/4551 4568/573/4551
f 4540/585/4551 4551/608/4551 4574/624/4551
f 4551/608/4551 4552/609/4551 4573/625/4551
f 4552/609/4551 4553/610/4551 4572/626/4551
f 4553/610/4551 4554/611/4551 4571/606/4551
f 4554/611/4551 4555/612/4551 4570/607/4551
f 4555/612/4551 4556/573/4551 4569/575/4551
usemtl Material.006
f 4749/603/4551 4586/602/4551 4737/602/4551
f 4773/606/4551 4584/604/4551 4761/604/4551
f 4785/607/4551 4581/575/4551 4582/607/4551
f 4569/575/4551 4796/607/4551 4570/607/4551
f 4807/575/4551 4794/607/4551 4795/607/4551
f 4805/575/4551 4792/607/4551 4793/607/4551
f 4803/575/4551 4790/607/4551 4791/607/4551
f 4801/575/4551 4788/607/4551 4789/607/4551
f 4787/628/4551 4798/575/4551 4786/628/4551
f 4796/607/4551 4783/606/4551 4784/606/4551
f 4794/607/4551 4781/606/4551 4782/606/4551
f 4792/607/4551 4779/629/4551 4780/606/4551
f 4790/607/4551 4777/629/4551 4778/629/4551
f 4788/607/4551 4775/606/4551 4776/629/4551
f 4786/628/4551 4773/606/4551 4774/606/4551
f 4571/606/4551 4772/630/4551 4572/626/4551
f 4783/606/4551 4770/630/4551 4771/630/4551
f 4769/630/4551 4780/606/4551 4768/630/4551
f 4779/629/4551 4766/631/4551 4767/630/4551
f 4777/629/4551 4764/632/4551 4765/631/4551
f 4775/606/4551 4762/633/4551 4763/604/4551
f 4772/630/4551 4759/625/4551 4760/625/4551
f 4770/630/4551 4757/625/4551 4758/625/4551
f 4768/630/4551 4755/625/4551 4756/625/4551
f 4766/631/4551 4753/634/4551 4754/625/4551
f 4764/632/4551 4751/605/4551 4752/605/4551
f 4762/633/4551 4749/603/4551 4750/603/4551
f 4573/625/4551 4748/624/4551 4574/624/4551
f 4759/625/4551 4746/624/4551 4747/635/4551
f 4757/625/4551 4744/635/4551 4745/624/4551
f 4755/625/4551 4742/635/4551 4743/635/4551
f 4753/634/4551 4740/602/4551 4741/635/4551
f 4751/605/4551 4738/602/4551 4739/602/4551
f 4748/624/4551 4651/580/4551 4652/580/4551
f 4746/624/4551 4649/636/4551 4650/636/4551
f 4744/635/4551 4647/636/4551 4648/636/4551
f 4742/635/4551 4645/636/4551 4646/636/4551
f 4740/602/4551 4643/636/4551 4644/636/4551
f 4738/602/4551 4641/580/4551 4642/636/4551
f 4616/574/4551 4807/575/4551 4808/575/4551
f 4614/574/4551 4805/575/4551 4806/575/4551
f 4612/574/4551 4803/575/4551 4804/575/4551
f 4610/646/4551 4801/575/4551 4802/575/4551
f 4608/646/4551 4799/575/4551 4800/627/4551
f 4606/647/4551 4797/575/4551 4798/575/4551
f 4749/603/4551 4585/605/4551 4586/602/4551
f 4773/606/4551 4583/606/4551 4584/604/4551
f 4785/607/4551 4797/575/4551 4581/575/4551
f 4569/575/4551 4808/575/4551 4796/607/4551
f 4807/575/4551 4806/575/4551 4794/607/4551
f 4805/575/4551 4804/575/4551 4792/607/4551
f 4803/575/4551 4802/575/4551 4790/607/4551
f 4801/575/4551 4800/627/4551 4788/607/4551
f 4787/628/4551 4799/575/4551 4798/575/4551
f 4796/607/4551 4795/607/4551 4783/606/4551
f 4794/607/4551 4793/607/4551 4781/606/4551
f 4792/607/4551 4791/607/4551 4779/629/4551
f 4790/607/4551 4789/607/4551 4777/629/4551
f 4788/607/4551 4787/628/4551 4775/606/4551
f 4786/628/4551 4785/607/4551 4773/606/4551
f 4571/606/4551 4784/606/4551 4772/630/4551
f 4783/606/4551 4782/606/4551 4770/630/4551
f 4769/630/4551 4781/606/4551 4780/606/4551
f 4779/629/4551 4778/629/4551 4766/631/4551
f 4777/629/4551 4776/629/4551 4764/632/4551
f 4775/606/4551 4774/606/4551 4762/633/4551
f 4772/630/4551 4771/630/4551 4759/625/4551
f 4770/630/4551 4769/630/4551 4757/625/4551
f 4768/630/4551 4767/630/4551 4755/625/4551
f 4766/631/4551 4765/631/4551 4753/634/4551
f 4764/632/4551 4763/604/4551 4751/605/4551
f 4762/633/4551 4761/604/4551 4749/603/4551
f 4573/625/4551 4760/625/4551 4748/624/4551
f 4759/625/4551 4758/625/4551 4746/624/4551
f 4757/625/4551 4756/625/4551 4744/635/4551
f 4755/625/4551 4754/625/4551 4742/635/4551
f 4753/634/4551 4752/605/4551 4740/602/4551
f 4751/605/4551 4750/603/4551 4738/602/4551
f 4748/624/4551 4747/635/4551 4651/580/4551
f 4746/624/4551 4745/624/4551 4649/636/4551
f 4744/635/4551 4743/635/4551 4647/636/4551
f 4742/635/4551 4741/635/4551 4645/636/4551
f 4740/602/4551 4739/602/4551 4643/636/4551
f 4738/602/4551 4737/602/4551 4641/580/4551
f 4616/574/4551 4615/574/4551 4807/575/4551
f 4614/574/4551 4613/574/4551 4805/575/4551
f 4612/574/4551 4611/646/4551 4803/575/4551
f 4610/646/4551 4609/646/4551 4801/575/4551
f 4608/646/4551 4607/574/4551 4799/575/4551
f 4606/647/4551 4605/574/4551 4797/575/4551
